
/aur/picow_ps2kb_to_ble_usb/build/ps2_ble_kb.elf:     file format elf32-littlearm

Sections:
Idx Name          Size      VMA       LMA       File off  Algn
  0 .boot2        00000100  10000000  10000000  00001000  2**0
                  CONTENTS, ALLOC, LOAD, READONLY, CODE
  1 .text         00006910  10000100  10000100  00001100  2**3
                  CONTENTS, ALLOC, LOAD, READONLY, CODE
  2 .rodata       000008e4  10006a10  10006a10  00007a10  2**3
                  CONTENTS, ALLOC, LOAD, READONLY, DATA
  3 .binary_info  00000030  100072f4  100072f4  000082f4  2**2
                  CONTENTS, ALLOC, LOAD, READONLY, DATA
  4 .ram_vector_table 000000c0  20000000  20000000  0000b000  2**2
                  ALLOC
  5 .uninitialized_data 00000000  200000c0  200000c0  0000a0a4  2**0
                  CONTENTS
  6 .data         00000fe4  200000c0  10007324  000090c0  2**4
                  CONTENTS, ALLOC, LOAD, READONLY, CODE
  7 .tdata        00000000  200010a4  200010a4  0000a0a4  2**0
                  CONTENTS, ALLOC, LOAD, DATA, THREAD_LOCAL
  8 .tbss         00000000  200010a4  200010a4  00000000  2**0
                  ALLOC, THREAD_LOCAL
  9 .bss          00000cd0  200010a8  10008308  0000a0a8  2**3
                  ALLOC
 10 .heap         00000800  20001d78  10008308  0000ad78  2**2
                  ALLOC, READONLY
 11 .scratch_x    00000000  20040000  20040000  0000a0a4  2**0
                  CONTENTS
 12 .scratch_y    00000000  20041000  20041000  0000a0a4  2**0
                  CONTENTS
 13 .stack_dummy  00000800  20041000  20041000  0000b000  2**5
                  ALLOC, READONLY
 14 .ARM.attributes 00000028  00000000  00000000  0000a0a4  2**0
                  CONTENTS, READONLY
 15 .comment      0000001e  00000000  00000000  0000a0cc  2**0
                  CONTENTS, READONLY
 16 .debug_info   00037232  00000000  00000000  0000a0ea  2**0
                  CONTENTS, READONLY, DEBUGGING, OCTETS
 17 .debug_abbrev 00009b47  00000000  00000000  0004131c  2**0
                  CONTENTS, READONLY, DEBUGGING, OCTETS
 18 .debug_loclists 0001e66d  00000000  00000000  0004ae63  2**0
                  CONTENTS, READONLY, DEBUGGING, OCTETS
 19 .debug_aranges 000018d8  00000000  00000000  000694d0  2**3
                  CONTENTS, READONLY, DEBUGGING, OCTETS
 20 .debug_rnglists 000050d9  00000000  00000000  0006ada8  2**0
                  CONTENTS, READONLY, DEBUGGING, OCTETS
 21 .debug_line   00027047  00000000  00000000  0006fe81  2**0
                  CONTENTS, READONLY, DEBUGGING, OCTETS
 22 .debug_str    0000a5b0  00000000  00000000  00096ec8  2**0
                  CONTENTS, READONLY, DEBUGGING, OCTETS
 23 .debug_frame  000034b0  00000000  00000000  000a1478  2**2
                  CONTENTS, READONLY, DEBUGGING, OCTETS
 24 .debug_line_str 0000032a  00000000  00000000  000a4928  2**0
                  CONTENTS, READONLY, DEBUGGING, OCTETS

/aur/picow_ps2kb_to_ble_usb/build/ps2_ble_kb.elf:     file format elf32-littlearm


Disassembly of section .boot2:

10000000 <__boot2_start__>:
10000000:	4b32b500 	.word	0x4b32b500
10000004:	60582021 	.word	0x60582021
10000008:	21026898 	.word	0x21026898
1000000c:	60984388 	.word	0x60984388
10000010:	611860d8 	.word	0x611860d8
10000014:	4b2e6158 	.word	0x4b2e6158
10000018:	60992100 	.word	0x60992100
1000001c:	61592102 	.word	0x61592102
10000020:	22f02101 	.word	0x22f02101
10000024:	492b5099 	.word	0x492b5099
10000028:	21016019 	.word	0x21016019
1000002c:	20356099 	.word	0x20356099
10000030:	f844f000 	.word	0xf844f000
10000034:	42902202 	.word	0x42902202
10000038:	2106d014 	.word	0x2106d014
1000003c:	f0006619 	.word	0xf0006619
10000040:	6e19f834 	.word	0x6e19f834
10000044:	66192101 	.word	0x66192101
10000048:	66182000 	.word	0x66182000
1000004c:	f000661a 	.word	0xf000661a
10000050:	6e19f82c 	.word	0x6e19f82c
10000054:	6e196e19 	.word	0x6e196e19
10000058:	f0002005 	.word	0xf0002005
1000005c:	2101f82f 	.word	0x2101f82f
10000060:	d1f94208 	.word	0xd1f94208
10000064:	60992100 	.word	0x60992100
10000068:	6019491b 	.word	0x6019491b
1000006c:	60592100 	.word	0x60592100
10000070:	481b491a 	.word	0x481b491a
10000074:	21016001 	.word	0x21016001
10000078:	21eb6099 	.word	0x21eb6099
1000007c:	21a06619 	.word	0x21a06619
10000080:	f0006619 	.word	0xf0006619
10000084:	2100f812 	.word	0x2100f812
10000088:	49166099 	.word	0x49166099
1000008c:	60014814 	.word	0x60014814
10000090:	60992101 	.word	0x60992101
10000094:	2800bc01 	.word	0x2800bc01
10000098:	4700d000 	.word	0x4700d000
1000009c:	49134812 	.word	0x49134812
100000a0:	c8036008 	.word	0xc8036008
100000a4:	8808f380 	.word	0x8808f380
100000a8:	b5034708 	.word	0xb5034708
100000ac:	20046a99 	.word	0x20046a99
100000b0:	d0fb4201 	.word	0xd0fb4201
100000b4:	42012001 	.word	0x42012001
100000b8:	bd03d1f8 	.word	0xbd03d1f8
100000bc:	6618b502 	.word	0x6618b502
100000c0:	f7ff6618 	.word	0xf7ff6618
100000c4:	6e18fff2 	.word	0x6e18fff2
100000c8:	bd026e18 	.word	0xbd026e18
100000cc:	40020000 	.word	0x40020000
100000d0:	18000000 	.word	0x18000000
100000d4:	00070000 	.word	0x00070000
100000d8:	005f0300 	.word	0x005f0300
100000dc:	00002221 	.word	0x00002221
100000e0:	180000f4 	.word	0x180000f4
100000e4:	a0002022 	.word	0xa0002022
100000e8:	10000100 	.word	0x10000100
100000ec:	e000ed08 	.word	0xe000ed08
	...
100000fc:	7a4eb274 	.word	0x7a4eb274

Disassembly of section .text:

10000100 <__VECTOR_TABLE>:
10000100:	20042000 	.word	0x20042000
10000104:	100001f7 	.word	0x100001f7
10000108:	100001cb 	.word	0x100001cb
1000010c:	100001cd 	.word	0x100001cd
10000110:	100001c9 	.word	0x100001c9
10000114:	100001c9 	.word	0x100001c9
10000118:	100001c9 	.word	0x100001c9
1000011c:	100001c9 	.word	0x100001c9
10000120:	100001c9 	.word	0x100001c9
10000124:	100001c9 	.word	0x100001c9
10000128:	100001c9 	.word	0x100001c9
1000012c:	100001cf 	.word	0x100001cf
10000130:	100001c9 	.word	0x100001c9
10000134:	100001c9 	.word	0x100001c9
10000138:	100001d1 	.word	0x100001d1
1000013c:	100001d3 	.word	0x100001d3
10000140:	100001c1 	.word	0x100001c1
10000144:	100001c1 	.word	0x100001c1
10000148:	100001c1 	.word	0x100001c1
1000014c:	100001c1 	.word	0x100001c1
10000150:	100001c1 	.word	0x100001c1
10000154:	100001c1 	.word	0x100001c1
10000158:	100001c1 	.word	0x100001c1
1000015c:	100001c1 	.word	0x100001c1
10000160:	100001c1 	.word	0x100001c1
10000164:	100001c1 	.word	0x100001c1
10000168:	100001c1 	.word	0x100001c1
1000016c:	100001c1 	.word	0x100001c1
10000170:	100001c1 	.word	0x100001c1
10000174:	100001c1 	.word	0x100001c1
10000178:	100001c1 	.word	0x100001c1
1000017c:	100001c1 	.word	0x100001c1
10000180:	100001c1 	.word	0x100001c1
10000184:	100001c1 	.word	0x100001c1
10000188:	100001c1 	.word	0x100001c1
1000018c:	100001c1 	.word	0x100001c1
10000190:	100001c1 	.word	0x100001c1
10000194:	100001c1 	.word	0x100001c1
10000198:	100001c1 	.word	0x100001c1
1000019c:	100001c1 	.word	0x100001c1
100001a0:	100001c1 	.word	0x100001c1
100001a4:	100001c1 	.word	0x100001c1
100001a8:	100001c1 	.word	0x100001c1
100001ac:	100001c1 	.word	0x100001c1
100001b0:	100001c1 	.word	0x100001c1
100001b4:	100001c1 	.word	0x100001c1
100001b8:	100001c1 	.word	0x100001c1
100001bc:	100001c1 	.word	0x100001c1

100001c0 <__unhandled_user_irq>:
100001c0:	f3ef 8005 	mrs	r0, IPSR
100001c4:	3810      	subs	r0, #16

100001c6 <unhandled_user_irq_num_in_r0>:
100001c6:	be00      	bkpt	0x0000

100001c8 <isr_invalid>:
100001c8:	be00      	bkpt	0x0000

100001ca <isr_nmi>:
100001ca:	be00      	bkpt	0x0000

100001cc <isr_hardfault>:
100001cc:	be00      	bkpt	0x0000

100001ce <isr_svcall>:
100001ce:	be00      	bkpt	0x0000

100001d0 <isr_pendsv>:
100001d0:	be00      	bkpt	0x0000

100001d2 <isr_systick>:
100001d2:	be00      	bkpt	0x0000

100001d4 <__default_isrs_end>:
100001d4:	7188ebf2 	.word	0x7188ebf2
100001d8:	100072f4 	.word	0x100072f4
100001dc:	10007324 	.word	0x10007324
100001e0:	10000238 	.word	0x10000238
100001e4:	e71aa390 	.word	0xe71aa390

100001e8 <_entry_point>:
100001e8:	481e      	ldr	r0, [pc, #120]	@ (10000264 <data_cpy_table+0x2c>)

100001ea <_enter_vtable_in_r0>:
100001ea:	491f      	ldr	r1, [pc, #124]	@ (10000268 <data_cpy_table+0x30>)
100001ec:	6008      	str	r0, [r1, #0]
100001ee:	c806      	ldmia	r0!, {r1, r2}
100001f0:	f381 8808 	msr	MSP, r1
100001f4:	4710      	bx	r2

100001f6 <_reset_handler>:
100001f6:	481d      	ldr	r0, [pc, #116]	@ (1000026c <data_cpy_table+0x34>)
100001f8:	6800      	ldr	r0, [r0, #0]
100001fa:	2800      	cmp	r0, #0
100001fc:	d001      	beq.n	10000202 <hold_non_core0_in_bootrom+0x4>

100001fe <hold_non_core0_in_bootrom>:
100001fe:	4819      	ldr	r0, [pc, #100]	@ (10000264 <data_cpy_table+0x2c>)
10000200:	e7f3      	b.n	100001ea <_enter_vtable_in_r0>
10000202:	a40d      	add	r4, pc, #52	@ (adr r4, 10000238 <data_cpy_table>)
10000204:	cc0e      	ldmia	r4!, {r1, r2, r3}
10000206:	2900      	cmp	r1, #0
10000208:	d002      	beq.n	10000210 <hold_non_core0_in_bootrom+0x12>
1000020a:	f000 f812 	bl	10000232 <data_cpy>
1000020e:	e7f9      	b.n	10000204 <hold_non_core0_in_bootrom+0x6>
10000210:	4917      	ldr	r1, [pc, #92]	@ (10000270 <data_cpy_table+0x38>)
10000212:	4a18      	ldr	r2, [pc, #96]	@ (10000274 <data_cpy_table+0x3c>)
10000214:	2000      	movs	r0, #0
10000216:	e000      	b.n	1000021a <bss_fill_test>

10000218 <bss_fill_loop>:
10000218:	c101      	stmia	r1!, {r0}

1000021a <bss_fill_test>:
1000021a:	4291      	cmp	r1, r2
1000021c:	d1fc      	bne.n	10000218 <bss_fill_loop>

1000021e <platform_entry>:
1000021e:	4916      	ldr	r1, [pc, #88]	@ (10000278 <data_cpy_table+0x40>)
10000220:	4788      	blx	r1
10000222:	4916      	ldr	r1, [pc, #88]	@ (1000027c <data_cpy_table+0x44>)
10000224:	4788      	blx	r1
10000226:	4916      	ldr	r1, [pc, #88]	@ (10000280 <data_cpy_table+0x48>)
10000228:	4788      	blx	r1
1000022a:	be00      	bkpt	0x0000
1000022c:	e7fd      	b.n	1000022a <platform_entry+0xc>

1000022e <data_cpy_loop>:
1000022e:	c901      	ldmia	r1!, {r0}
10000230:	c201      	stmia	r2!, {r0}

10000232 <data_cpy>:
10000232:	429a      	cmp	r2, r3
10000234:	d3fb      	bcc.n	1000022e <data_cpy_loop>
10000236:	4770      	bx	lr

10000238 <data_cpy_table>:
10000238:	10007324 	.word	0x10007324
1000023c:	200000c0 	.word	0x200000c0
10000240:	200010a4 	.word	0x200010a4
10000244:	10008308 	.word	0x10008308
10000248:	20040000 	.word	0x20040000
1000024c:	20040000 	.word	0x20040000
10000250:	10008308 	.word	0x10008308
10000254:	20041000 	.word	0x20041000
10000258:	20041000 	.word	0x20041000
1000025c:	00000000 	.word	0x00000000
10000260:	4770      	bx	lr
10000262:	0000      	.short	0x0000
10000264:	00000000 	.word	0x00000000
10000268:	e000ed08 	.word	0xe000ed08
1000026c:	d0000000 	.word	0xd0000000
10000270:	200010a4 	.word	0x200010a4
10000274:	20001d78 	.word	0x20001d78
10000278:	1000419d 	.word	0x1000419d
1000027c:	1000034d 	.word	0x1000034d
10000280:	10004195 	.word	0x10004195

10000284 <_init>:
10000284:	b5f8      	push	{r3, r4, r5, r6, r7, lr}
10000286:	46c0      	nop			@ (mov r8, r8)

10000288 <frame_dummy>:
10000288:	4b04      	ldr	r3, [pc, #16]	@ (1000029c <frame_dummy+0x14>)
1000028a:	b510      	push	{r4, lr}
1000028c:	2b00      	cmp	r3, #0
1000028e:	d003      	beq.n	10000298 <frame_dummy+0x10>
10000290:	4903      	ldr	r1, [pc, #12]	@ (100002a0 <frame_dummy+0x18>)
10000292:	4804      	ldr	r0, [pc, #16]	@ (100002a4 <frame_dummy+0x1c>)
10000294:	e000      	b.n	10000298 <frame_dummy+0x10>
10000296:	bf00      	nop
10000298:	bd10      	pop	{r4, pc}
1000029a:	46c0      	nop			@ (mov r8, r8)
1000029c:	00000000 	.word	0x00000000
100002a0:	20001d28 	.word	0x20001d28
100002a4:	10006a10 	.word	0x10006a10

100002a8 <tud_mount_cb>:
100002a8:	b510      	push	{r4, lr}
100002aa:	4802      	ldr	r0, [pc, #8]	@ (100002b4 <tud_mount_cb+0xc>)
100002ac:	f004 f904 	bl	100044b8 <__wrap_puts>
100002b0:	bd10      	pop	{r4, pc}
100002b2:	46c0      	nop			@ (mov r8, r8)
100002b4:	10006a10 	.word	0x10006a10

100002b8 <tud_umount_cb>:
100002b8:	b510      	push	{r4, lr}
100002ba:	4802      	ldr	r0, [pc, #8]	@ (100002c4 <tud_umount_cb+0xc>)
100002bc:	f004 f8fc 	bl	100044b8 <__wrap_puts>
100002c0:	bd10      	pop	{r4, pc}
100002c2:	46c0      	nop			@ (mov r8, r8)
100002c4:	10006a1c 	.word	0x10006a1c

100002c8 <tud_suspend_cb>:
100002c8:	b510      	push	{r4, lr}
100002ca:	4802      	ldr	r0, [pc, #8]	@ (100002d4 <tud_suspend_cb+0xc>)
100002cc:	f004 f8f4 	bl	100044b8 <__wrap_puts>
100002d0:	bd10      	pop	{r4, pc}
100002d2:	46c0      	nop			@ (mov r8, r8)
100002d4:	10006a28 	.word	0x10006a28

100002d8 <tud_resume_cb>:
100002d8:	b510      	push	{r4, lr}
100002da:	4802      	ldr	r0, [pc, #8]	@ (100002e4 <tud_resume_cb+0xc>)
100002dc:	f004 f8ec 	bl	100044b8 <__wrap_puts>
100002e0:	bd10      	pop	{r4, pc}
100002e2:	46c0      	nop			@ (mov r8, r8)
100002e4:	10006a28 	.word	0x10006a28

100002e8 <tud_hid_report_complete_cb>:
100002e8:	4770      	bx	lr
100002ea:	46c0      	nop			@ (mov r8, r8)

100002ec <tud_hid_get_report_cb>:
100002ec:	b570      	push	{r4, r5, r6, lr}
100002ee:	001c      	movs	r4, r3
100002f0:	466b      	mov	r3, sp
100002f2:	2500      	movs	r5, #0
100002f4:	8a1b      	ldrh	r3, [r3, #16]
100002f6:	2a01      	cmp	r2, #1
100002f8:	d001      	beq.n	100002fe <tud_hid_get_report_cb+0x12>
100002fa:	0028      	movs	r0, r5
100002fc:	bd70      	pop	{r4, r5, r6, pc}
100002fe:	2b07      	cmp	r3, #7
10000300:	d9fb      	bls.n	100002fa <tud_hid_get_report_cb+0xe>
10000302:	f006 f8f9 	bl	100064f8 <ps2_get_modifiers>
10000306:	7065      	strb	r5, [r4, #1]
10000308:	7020      	strb	r0, [r4, #0]
1000030a:	f006 f8fb 	bl	10006504 <ps2_get_keys>
1000030e:	2206      	movs	r2, #6
10000310:	0001      	movs	r1, r0
10000312:	1ca0      	adds	r0, r4, #2
10000314:	f002 fabc 	bl	10002890 <__wrap___aeabi_memcpy>
10000318:	3508      	adds	r5, #8
1000031a:	e7ee      	b.n	100002fa <tud_hid_get_report_cb+0xe>

1000031c <tud_hid_set_report_cb>:
1000031c:	b510      	push	{r4, lr}
1000031e:	4669      	mov	r1, sp
10000320:	8909      	ldrh	r1, [r1, #8]
10000322:	2a02      	cmp	r2, #2
10000324:	d000      	beq.n	10000328 <tud_hid_set_report_cb+0xc>
10000326:	bd10      	pop	{r4, pc}
10000328:	2900      	cmp	r1, #0
1000032a:	d0fc      	beq.n	10000326 <tud_hid_set_report_cb+0xa>
1000032c:	781b      	ldrb	r3, [r3, #0]
1000032e:	421a      	tst	r2, r3
10000330:	d003      	beq.n	1000033a <tud_hid_set_report_cb+0x1e>
10000332:	4804      	ldr	r0, [pc, #16]	@ (10000344 <tud_hid_set_report_cb+0x28>)
10000334:	f004 f8c0 	bl	100044b8 <__wrap_puts>
10000338:	e7f5      	b.n	10000326 <tud_hid_set_report_cb+0xa>
1000033a:	4803      	ldr	r0, [pc, #12]	@ (10000348 <tud_hid_set_report_cb+0x2c>)
1000033c:	f004 f8bc 	bl	100044b8 <__wrap_puts>
10000340:	e7f1      	b.n	10000326 <tud_hid_set_report_cb+0xa>
10000342:	46c0      	nop			@ (mov r8, r8)
10000344:	10006a34 	.word	0x10006a34
10000348:	10006a3c 	.word	0x10006a3c

1000034c <main>:
1000034c:	b530      	push	{r4, r5, lr}
1000034e:	b083      	sub	sp, #12
10000350:	f004 f862 	bl	10004418 <stdio_init_all>
10000354:	f005 fe60 	bl	10006018 <kbd_init>
10000358:	2301      	movs	r3, #1
1000035a:	466a      	mov	r2, sp
1000035c:	2000      	movs	r0, #0
1000035e:	a901      	add	r1, sp, #4
10000360:	8093      	strh	r3, [r2, #4]
10000362:	f004 fc03 	bl	10004b6c <tud_rhport_init>
10000366:	4d1d      	ldr	r5, [pc, #116]	@ (100003dc <main+0x90>)
10000368:	2001      	movs	r0, #1
1000036a:	2100      	movs	r1, #0
1000036c:	4240      	negs	r0, r0
1000036e:	f004 fc73 	bl	10004c58 <tud_task_ext>
10000372:	f005 ffbd 	bl	100062f0 <ps2_task>
10000376:	f000 ffef 	bl	10001358 <time_us_64>
1000037a:	682c      	ldr	r4, [r5, #0]
1000037c:	2900      	cmp	r1, #0
1000037e:	d024      	beq.n	100003ca <main+0x7e>
10000380:	22fa      	movs	r2, #250	@ 0xfa
10000382:	2300      	movs	r3, #0
10000384:	0092      	lsls	r2, r2, #2
10000386:	f001 fbdb 	bl	10001b40 <__wrap___aeabi_uldivmod>
1000038a:	1b00      	subs	r0, r0, r4
1000038c:	2809      	cmp	r0, #9
1000038e:	d9eb      	bls.n	10000368 <main+0x1c>
10000390:	340a      	adds	r4, #10
10000392:	602c      	str	r4, [r5, #0]
10000394:	f004 fbe2 	bl	10004b5c <tud_suspended>
10000398:	2800      	cmp	r0, #0
1000039a:	d1e5      	bne.n	10000368 <main+0x1c>
1000039c:	f006 f8b6 	bl	1000650c <ps2_state_changed>
100003a0:	2800      	cmp	r0, #0
100003a2:	d0e1      	beq.n	10000368 <main+0x1c>
100003a4:	2000      	movs	r0, #0
100003a6:	f005 f9d1 	bl	1000574c <tud_hid_n_ready>
100003aa:	2800      	cmp	r0, #0
100003ac:	d00a      	beq.n	100003c4 <main+0x78>
100003ae:	f006 f8a3 	bl	100064f8 <ps2_get_modifiers>
100003b2:	0004      	movs	r4, r0
100003b4:	f006 f8a6 	bl	10006504 <ps2_get_keys>
100003b8:	0022      	movs	r2, r4
100003ba:	0003      	movs	r3, r0
100003bc:	2100      	movs	r1, #0
100003be:	2000      	movs	r0, #0
100003c0:	f005 f9e0 	bl	10005784 <tud_hid_n_keyboard_report>
100003c4:	f006 f8a8 	bl	10006518 <ps2_clear_changed>
100003c8:	e7ce      	b.n	10000368 <main+0x1c>
100003ca:	21fa      	movs	r1, #250	@ 0xfa
100003cc:	0089      	lsls	r1, r1, #2
100003ce:	f001 fb79 	bl	10001ac4 <__wrap___aeabi_uidiv>
100003d2:	1b00      	subs	r0, r0, r4
100003d4:	2809      	cmp	r0, #9
100003d6:	d9c7      	bls.n	10000368 <main+0x1c>
100003d8:	e7da      	b.n	10000390 <main+0x44>
100003da:	46c0      	nop			@ (mov r8, r8)
100003dc:	20001d60 	.word	0x20001d60

100003e0 <tud_descriptor_device_cb>:
100003e0:	4800      	ldr	r0, [pc, #0]	@ (100003e4 <tud_descriptor_device_cb+0x4>)
100003e2:	4770      	bx	lr
100003e4:	10006d48 	.word	0x10006d48

100003e8 <tud_hid_descriptor_report_cb>:
100003e8:	4800      	ldr	r0, [pc, #0]	@ (100003ec <tud_hid_descriptor_report_cb+0x4>)
100003ea:	4770      	bx	lr
100003ec:	10006d04 	.word	0x10006d04

100003f0 <tud_descriptor_configuration_cb>:
100003f0:	4800      	ldr	r0, [pc, #0]	@ (100003f4 <tud_descriptor_configuration_cb+0x4>)
100003f2:	4770      	bx	lr
100003f4:	10006ce0 	.word	0x10006ce0

100003f8 <tud_descriptor_string_cb>:
100003f8:	b5f0      	push	{r4, r5, r6, r7, lr}
100003fa:	46de      	mov	lr, fp
100003fc:	4657      	mov	r7, sl
100003fe:	464e      	mov	r6, r9
10000400:	4645      	mov	r5, r8
10000402:	b5e0      	push	{r5, r6, r7, lr}
10000404:	b08b      	sub	sp, #44	@ 0x2c
10000406:	2800      	cmp	r0, #0
10000408:	d05d      	beq.n	100004c6 <tud_descriptor_string_cb+0xce>
1000040a:	2803      	cmp	r0, #3
1000040c:	d01b      	beq.n	10000446 <tud_descriptor_string_cb+0x4e>
1000040e:	d900      	bls.n	10000412 <tud_descriptor_string_cb+0x1a>
10000410:	e074      	b.n	100004fc <tud_descriptor_string_cb+0x104>
10000412:	4b3b      	ldr	r3, [pc, #236]	@ (10000500 <tud_descriptor_string_cb+0x108>)
10000414:	0080      	lsls	r0, r0, #2
10000416:	58c4      	ldr	r4, [r0, r3]
10000418:	0020      	movs	r0, r4
1000041a:	f006 f9e3 	bl	100067e4 <strlen>
1000041e:	0005      	movs	r5, r0
10000420:	2820      	cmp	r0, #32
10000422:	d869      	bhi.n	100004f8 <tud_descriptor_string_cb+0x100>
10000424:	2800      	cmp	r0, #0
10000426:	d007      	beq.n	10000438 <tud_descriptor_string_cb+0x40>
10000428:	2300      	movs	r3, #0
1000042a:	4a36      	ldr	r2, [pc, #216]	@ (10000504 <tud_descriptor_string_cb+0x10c>)
1000042c:	5ce1      	ldrb	r1, [r4, r3]
1000042e:	3301      	adds	r3, #1
10000430:	8011      	strh	r1, [r2, #0]
10000432:	3202      	adds	r2, #2
10000434:	429d      	cmp	r5, r3
10000436:	d8f9      	bhi.n	1000042c <tud_descriptor_string_cb+0x34>
10000438:	23c0      	movs	r3, #192	@ 0xc0
1000043a:	3501      	adds	r5, #1
1000043c:	006d      	lsls	r5, r5, #1
1000043e:	009b      	lsls	r3, r3, #2
10000440:	431d      	orrs	r5, r3
10000442:	b2ad      	uxth	r5, r5
10000444:	e047      	b.n	100004d6 <tud_descriptor_string_cb+0xde>
10000446:	4b30      	ldr	r3, [pc, #192]	@ (10000508 <tud_descriptor_string_cb+0x110>)
10000448:	2b00      	cmp	r3, #0
1000044a:	d04d      	beq.n	100004e8 <tud_descriptor_string_cb+0xf0>
1000044c:	ac02      	add	r4, sp, #8
1000044e:	2110      	movs	r1, #16
10000450:	0020      	movs	r0, r4
10000452:	f005 fc7f 	bl	10005d54 <board_get_unique_id>
10000456:	0007      	movs	r7, r0
10000458:	2810      	cmp	r0, #16
1000045a:	d900      	bls.n	1000045e <tud_descriptor_string_cb+0x66>
1000045c:	2710      	movs	r7, #16
1000045e:	23c0      	movs	r3, #192	@ 0xc0
10000460:	00ba      	lsls	r2, r7, #2
10000462:	3202      	adds	r2, #2
10000464:	009b      	lsls	r3, r3, #2
10000466:	4313      	orrs	r3, r2
10000468:	b29d      	uxth	r5, r3
1000046a:	2800      	cmp	r0, #0
1000046c:	d033      	beq.n	100004d6 <tud_descriptor_string_cb+0xde>
1000046e:	0020      	movs	r0, r4
10000470:	210f      	movs	r1, #15
10000472:	183f      	adds	r7, r7, r0
10000474:	4689      	mov	r9, r1
10000476:	4684      	mov	ip, r0
10000478:	46b8      	mov	r8, r7
1000047a:	46aa      	mov	sl, r5
1000047c:	4a23      	ldr	r2, [pc, #140]	@ (1000050c <tud_descriptor_string_cb+0x114>)
1000047e:	4c21      	ldr	r4, [pc, #132]	@ (10000504 <tud_descriptor_string_cb+0x10c>)
10000480:	ab06      	add	r3, sp, #24
10000482:	9201      	str	r2, [sp, #4]
10000484:	001d      	movs	r5, r3
10000486:	9e01      	ldr	r6, [sp, #4]
10000488:	ce83      	ldmia	r6!, {r0, r1, r7}
1000048a:	c583      	stmia	r5!, {r0, r1, r7}
1000048c:	6831      	ldr	r1, [r6, #0]
1000048e:	9500      	str	r5, [sp, #0]
10000490:	6029      	str	r1, [r5, #0]
10000492:	4661      	mov	r1, ip
10000494:	464f      	mov	r7, r9
10000496:	7809      	ldrb	r1, [r1, #0]
10000498:	9801      	ldr	r0, [sp, #4]
1000049a:	400f      	ands	r7, r1
1000049c:	5ddf      	ldrb	r7, [r3, r7]
1000049e:	468b      	mov	fp, r1
100004a0:	8067      	strh	r7, [r4, #2]
100004a2:	001f      	movs	r7, r3
100004a4:	c826      	ldmia	r0!, {r1, r2, r5}
100004a6:	c726      	stmia	r7!, {r1, r2, r5}
100004a8:	6836      	ldr	r6, [r6, #0]
100004aa:	9a00      	ldr	r2, [sp, #0]
100004ac:	6016      	str	r6, [r2, #0]
100004ae:	465a      	mov	r2, fp
100004b0:	1111      	asrs	r1, r2, #4
100004b2:	2201      	movs	r2, #1
100004b4:	4693      	mov	fp, r2
100004b6:	5c59      	ldrb	r1, [r3, r1]
100004b8:	44dc      	add	ip, fp
100004ba:	8021      	strh	r1, [r4, #0]
100004bc:	3404      	adds	r4, #4
100004be:	45e0      	cmp	r8, ip
100004c0:	d1e0      	bne.n	10000484 <tud_descriptor_string_cb+0x8c>
100004c2:	4655      	mov	r5, sl
100004c4:	e007      	b.n	100004d6 <tud_descriptor_string_cb+0xde>
100004c6:	4b0e      	ldr	r3, [pc, #56]	@ (10000500 <tud_descriptor_string_cb+0x108>)
100004c8:	2202      	movs	r2, #2
100004ca:	25c1      	movs	r5, #193	@ 0xc1
100004cc:	480d      	ldr	r0, [pc, #52]	@ (10000504 <tud_descriptor_string_cb+0x10c>)
100004ce:	6819      	ldr	r1, [r3, #0]
100004d0:	f002 f9de 	bl	10002890 <__wrap___aeabi_memcpy>
100004d4:	00ad      	lsls	r5, r5, #2
100004d6:	480e      	ldr	r0, [pc, #56]	@ (10000510 <tud_descriptor_string_cb+0x118>)
100004d8:	8005      	strh	r5, [r0, #0]
100004da:	b00b      	add	sp, #44	@ 0x2c
100004dc:	bcf0      	pop	{r4, r5, r6, r7}
100004de:	46bb      	mov	fp, r7
100004e0:	46b2      	mov	sl, r6
100004e2:	46a9      	mov	r9, r5
100004e4:	46a0      	mov	r8, r4
100004e6:	bdf0      	pop	{r4, r5, r6, r7, pc}
100004e8:	4a0a      	ldr	r2, [pc, #40]	@ (10000514 <tud_descriptor_string_cb+0x11c>)
100004ea:	4b0b      	ldr	r3, [pc, #44]	@ (10000518 <tud_descriptor_string_cb+0x120>)
100004ec:	2708      	movs	r7, #8
100004ee:	9202      	str	r2, [sp, #8]
100004f0:	9303      	str	r3, [sp, #12]
100004f2:	4d0a      	ldr	r5, [pc, #40]	@ (1000051c <tud_descriptor_string_cb+0x124>)
100004f4:	ac02      	add	r4, sp, #8
100004f6:	e7ba      	b.n	1000046e <tud_descriptor_string_cb+0x76>
100004f8:	2520      	movs	r5, #32
100004fa:	e793      	b.n	10000424 <tud_descriptor_string_cb+0x2c>
100004fc:	2000      	movs	r0, #0
100004fe:	e7ec      	b.n	100004da <tud_descriptor_string_cb+0xe2>
10000500:	20000fc0 	.word	0x20000fc0
10000504:	20001622 	.word	0x20001622
10000508:	10005d55 	.word	0x10005d55
1000050c:	10006a48 	.word	0x10006a48
10000510:	20001620 	.word	0x20001620
10000514:	67452301 	.word	0x67452301
10000518:	efcdab89 	.word	0xefcdab89
1000051c:	00000322 	.word	0x00000322

10000520 <gpio_set_function>:
10000520:	4a09      	ldr	r2, [pc, #36]	@ (10000548 <gpio_set_function+0x28>)
10000522:	0083      	lsls	r3, r0, #2
10000524:	189a      	adds	r2, r3, r2
10000526:	b510      	push	{r4, lr}
10000528:	6814      	ldr	r4, [r2, #0]
1000052a:	2240      	movs	r2, #64	@ 0x40
1000052c:	4054      	eors	r4, r2
1000052e:	3280      	adds	r2, #128	@ 0x80
10000530:	4022      	ands	r2, r4
10000532:	4c06      	ldr	r4, [pc, #24]	@ (1000054c <gpio_set_function+0x2c>)
10000534:	00c0      	lsls	r0, r0, #3
10000536:	46a4      	mov	ip, r4
10000538:	4463      	add	r3, ip
1000053a:	601a      	str	r2, [r3, #0]
1000053c:	4b04      	ldr	r3, [pc, #16]	@ (10000550 <gpio_set_function+0x30>)
1000053e:	469c      	mov	ip, r3
10000540:	4460      	add	r0, ip
10000542:	6041      	str	r1, [r0, #4]
10000544:	bd10      	pop	{r4, pc}
10000546:	46c0      	nop			@ (mov r8, r8)
10000548:	4001c004 	.word	0x4001c004
1000054c:	4001d004 	.word	0x4001d004
10000550:	40014000 	.word	0x40014000

10000554 <gpio_set_pulls>:
10000554:	4b07      	ldr	r3, [pc, #28]	@ (10000574 <gpio_set_pulls+0x20>)
10000556:	0080      	lsls	r0, r0, #2
10000558:	18c3      	adds	r3, r0, r3
1000055a:	681b      	ldr	r3, [r3, #0]
1000055c:	00c9      	lsls	r1, r1, #3
1000055e:	0092      	lsls	r2, r2, #2
10000560:	430a      	orrs	r2, r1
10000562:	405a      	eors	r2, r3
10000564:	230c      	movs	r3, #12
10000566:	4013      	ands	r3, r2
10000568:	4a03      	ldr	r2, [pc, #12]	@ (10000578 <gpio_set_pulls+0x24>)
1000056a:	4694      	mov	ip, r2
1000056c:	4460      	add	r0, ip
1000056e:	6003      	str	r3, [r0, #0]
10000570:	4770      	bx	lr
10000572:	46c0      	nop			@ (mov r8, r8)
10000574:	4001c004 	.word	0x4001c004
10000578:	4001d004 	.word	0x4001d004

1000057c <gpio_init>:
1000057c:	2301      	movs	r3, #1
1000057e:	22d0      	movs	r2, #208	@ 0xd0
10000580:	4083      	lsls	r3, r0
10000582:	0612      	lsls	r2, r2, #24
10000584:	6293      	str	r3, [r2, #40]	@ 0x28
10000586:	6193      	str	r3, [r2, #24]
10000588:	4a09      	ldr	r2, [pc, #36]	@ (100005b0 <gpio_init+0x34>)
1000058a:	0083      	lsls	r3, r0, #2
1000058c:	189a      	adds	r2, r3, r2
1000058e:	6811      	ldr	r1, [r2, #0]
10000590:	2240      	movs	r2, #64	@ 0x40
10000592:	4051      	eors	r1, r2
10000594:	3280      	adds	r2, #128	@ 0x80
10000596:	400a      	ands	r2, r1
10000598:	4906      	ldr	r1, [pc, #24]	@ (100005b4 <gpio_init+0x38>)
1000059a:	00c0      	lsls	r0, r0, #3
1000059c:	468c      	mov	ip, r1
1000059e:	4463      	add	r3, ip
100005a0:	601a      	str	r2, [r3, #0]
100005a2:	4b05      	ldr	r3, [pc, #20]	@ (100005b8 <gpio_init+0x3c>)
100005a4:	469c      	mov	ip, r3
100005a6:	2305      	movs	r3, #5
100005a8:	4460      	add	r0, ip
100005aa:	6043      	str	r3, [r0, #4]
100005ac:	4770      	bx	lr
100005ae:	46c0      	nop			@ (mov r8, r8)
100005b0:	4001c004 	.word	0x4001c004
100005b4:	4001d004 	.word	0x4001d004
100005b8:	40014000 	.word	0x40014000

100005bc <rp2040_chip_version>:
100005bc:	2380      	movs	r3, #128	@ 0x80
100005be:	05db      	lsls	r3, r3, #23
100005c0:	6818      	ldr	r0, [r3, #0]
100005c2:	0f00      	lsrs	r0, r0, #28
100005c4:	4770      	bx	lr
100005c6:	46c0      	nop			@ (mov r8, r8)

100005c8 <panic>:
100005c8:	b40f      	push	{r0, r1, r2, r3}
100005ca:	b500      	push	{lr}
100005cc:	4808      	ldr	r0, [pc, #32]	@ (100005f0 <panic+0x28>)
100005ce:	b083      	sub	sp, #12
100005d0:	f003 ff72 	bl	100044b8 <__wrap_puts>
100005d4:	9b04      	ldr	r3, [sp, #16]
100005d6:	2b00      	cmp	r3, #0
100005d8:	d007      	beq.n	100005ea <panic+0x22>
100005da:	a905      	add	r1, sp, #20
100005dc:	0018      	movs	r0, r3
100005de:	9101      	str	r1, [sp, #4]
100005e0:	f003 fdbe 	bl	10004160 <weak_raw_vprintf>
100005e4:	4803      	ldr	r0, [pc, #12]	@ (100005f4 <panic+0x2c>)
100005e6:	f003 ff67 	bl	100044b8 <__wrap_puts>
100005ea:	2001      	movs	r0, #1
100005ec:	f003 fdd0 	bl	10004190 <_exit>
100005f0:	10006a84 	.word	0x10006a84
100005f4:	10006a94 	.word	0x10006a94

100005f8 <hw_claim_lock>:
100005f8:	f3ef 8010 	mrs	r0, PRIMASK
100005fc:	b672      	cpsid	i
100005fe:	4a03      	ldr	r2, [pc, #12]	@ (1000060c <hw_claim_lock+0x14>)
10000600:	6813      	ldr	r3, [r2, #0]
10000602:	2b00      	cmp	r3, #0
10000604:	d0fc      	beq.n	10000600 <hw_claim_lock+0x8>
10000606:	f3bf 8f5f 	dmb	sy
1000060a:	4770      	bx	lr
1000060c:	d000012c 	.word	0xd000012c

10000610 <hw_claim_unlock>:
10000610:	f3bf 8f5f 	dmb	sy
10000614:	2200      	movs	r2, #0
10000616:	4b02      	ldr	r3, [pc, #8]	@ (10000620 <hw_claim_unlock+0x10>)
10000618:	601a      	str	r2, [r3, #0]
1000061a:	f380 8810 	msr	PRIMASK, r0
1000061e:	4770      	bx	lr
10000620:	d000012c 	.word	0xd000012c

10000624 <hw_claim_or_assert>:
10000624:	b570      	push	{r4, r5, r6, lr}
10000626:	f3ef 8c10 	mrs	ip, PRIMASK
1000062a:	b672      	cpsid	i
1000062c:	4d0d      	ldr	r5, [pc, #52]	@ (10000664 <hw_claim_or_assert+0x40>)
1000062e:	682b      	ldr	r3, [r5, #0]
10000630:	2b00      	cmp	r3, #0
10000632:	d0fc      	beq.n	1000062e <hw_claim_or_assert+0xa>
10000634:	f3bf 8f5f 	dmb	sy
10000638:	2407      	movs	r4, #7
1000063a:	08cb      	lsrs	r3, r1, #3
1000063c:	18c6      	adds	r6, r0, r3
1000063e:	5cc0      	ldrb	r0, [r0, r3]
10000640:	2301      	movs	r3, #1
10000642:	400c      	ands	r4, r1
10000644:	40a3      	lsls	r3, r4
10000646:	001c      	movs	r4, r3
10000648:	4004      	ands	r4, r0
1000064a:	4203      	tst	r3, r0
1000064c:	d107      	bne.n	1000065e <hw_claim_or_assert+0x3a>
1000064e:	4318      	orrs	r0, r3
10000650:	7030      	strb	r0, [r6, #0]
10000652:	f3bf 8f5f 	dmb	sy
10000656:	602c      	str	r4, [r5, #0]
10000658:	f38c 8810 	msr	PRIMASK, ip
1000065c:	bd70      	pop	{r4, r5, r6, pc}
1000065e:	0010      	movs	r0, r2
10000660:	f7ff ffb2 	bl	100005c8 <panic>
10000664:	d000012c 	.word	0xd000012c

10000668 <hw_claim_unused_from_range>:
10000668:	b5f8      	push	{r3, r4, r5, r6, r7, lr}
1000066a:	4647      	mov	r7, r8
1000066c:	46ce      	mov	lr, r9
1000066e:	4688      	mov	r8, r1
10000670:	b580      	push	{r7, lr}
10000672:	f3ef 8c10 	mrs	ip, PRIMASK
10000676:	b672      	cpsid	i
10000678:	4d1c      	ldr	r5, [pc, #112]	@ (100006ec <hw_claim_unused_from_range+0x84>)
1000067a:	682c      	ldr	r4, [r5, #0]
1000067c:	2c00      	cmp	r4, #0
1000067e:	d0fc      	beq.n	1000067a <hw_claim_unused_from_range+0x12>
10000680:	f3bf 8f5f 	dmb	sy
10000684:	429a      	cmp	r2, r3
10000686:	d822      	bhi.n	100006ce <hw_claim_unused_from_range+0x66>
10000688:	2107      	movs	r1, #7
1000068a:	2601      	movs	r6, #1
1000068c:	4689      	mov	r9, r1
1000068e:	e002      	b.n	10000696 <hw_claim_unused_from_range+0x2e>
10000690:	3201      	adds	r2, #1
10000692:	4293      	cmp	r3, r2
10000694:	d318      	bcc.n	100006c8 <hw_claim_unused_from_range+0x60>
10000696:	464d      	mov	r5, r9
10000698:	0037      	movs	r7, r6
1000069a:	4015      	ands	r5, r2
1000069c:	40af      	lsls	r7, r5
1000069e:	08d4      	lsrs	r4, r2, #3
100006a0:	1901      	adds	r1, r0, r4
100006a2:	5d04      	ldrb	r4, [r0, r4]
100006a4:	4227      	tst	r7, r4
100006a6:	d1f3      	bne.n	10000690 <hw_claim_unused_from_range+0x28>
100006a8:	0010      	movs	r0, r2
100006aa:	433c      	orrs	r4, r7
100006ac:	700c      	strb	r4, [r1, #0]
100006ae:	f3bf 8f5f 	dmb	sy
100006b2:	2200      	movs	r2, #0
100006b4:	4b0d      	ldr	r3, [pc, #52]	@ (100006ec <hw_claim_unused_from_range+0x84>)
100006b6:	601a      	str	r2, [r3, #0]
100006b8:	f38c 8810 	msr	PRIMASK, ip
100006bc:	2800      	cmp	r0, #0
100006be:	db0e      	blt.n	100006de <hw_claim_unused_from_range+0x76>
100006c0:	bcc0      	pop	{r6, r7}
100006c2:	46b9      	mov	r9, r7
100006c4:	46b0      	mov	r8, r6
100006c6:	bdf8      	pop	{r3, r4, r5, r6, r7, pc}
100006c8:	2001      	movs	r0, #1
100006ca:	4240      	negs	r0, r0
100006cc:	e7ef      	b.n	100006ae <hw_claim_unused_from_range+0x46>
100006ce:	f3bf 8f5f 	dmb	sy
100006d2:	2300      	movs	r3, #0
100006d4:	602b      	str	r3, [r5, #0]
100006d6:	f38c 8810 	msr	PRIMASK, ip
100006da:	2001      	movs	r0, #1
100006dc:	4240      	negs	r0, r0
100006de:	4643      	mov	r3, r8
100006e0:	2b00      	cmp	r3, #0
100006e2:	d0ed      	beq.n	100006c0 <hw_claim_unused_from_range+0x58>
100006e4:	9808      	ldr	r0, [sp, #32]
100006e6:	f7ff ff6f 	bl	100005c8 <panic>
100006ea:	46c0      	nop			@ (mov r8, r8)
100006ec:	d000012c 	.word	0xd000012c

100006f0 <next_striped_spin_lock_num>:
100006f0:	4a04      	ldr	r2, [pc, #16]	@ (10000704 <next_striped_spin_lock_num+0x14>)
100006f2:	7810      	ldrb	r0, [r2, #0]
100006f4:	1c43      	adds	r3, r0, #1
100006f6:	b2db      	uxtb	r3, r3
100006f8:	2b17      	cmp	r3, #23
100006fa:	d900      	bls.n	100006fe <next_striped_spin_lock_num+0xe>
100006fc:	2310      	movs	r3, #16
100006fe:	7013      	strb	r3, [r2, #0]
10000700:	4770      	bx	lr
10000702:	46c0      	nop			@ (mov r8, r8)
10000704:	20000fd0 	.word	0x20000fd0

10000708 <spin_lock_claim_unused>:
10000708:	b510      	push	{r4, lr}
1000070a:	4b06      	ldr	r3, [pc, #24]	@ (10000724 <spin_lock_claim_unused+0x1c>)
1000070c:	4c06      	ldr	r4, [pc, #24]	@ (10000728 <spin_lock_claim_unused+0x20>)
1000070e:	b082      	sub	sp, #8
10000710:	0001      	movs	r1, r0
10000712:	9300      	str	r3, [sp, #0]
10000714:	2218      	movs	r2, #24
10000716:	231f      	movs	r3, #31
10000718:	0020      	movs	r0, r4
1000071a:	f7ff ffa5 	bl	10000668 <hw_claim_unused_from_range>
1000071e:	b002      	add	sp, #8
10000720:	bd10      	pop	{r4, pc}
10000722:	46c0      	nop			@ (mov r8, r8)
10000724:	10006a98 	.word	0x10006a98
10000728:	200018d8 	.word	0x200018d8

1000072c <spin_locks_reset>:
1000072c:	2100      	movs	r1, #0
1000072e:	4b04      	ldr	r3, [pc, #16]	@ (10000740 <spin_locks_reset+0x14>)
10000730:	4a04      	ldr	r2, [pc, #16]	@ (10000744 <spin_locks_reset+0x18>)
10000732:	f3bf 8f5f 	dmb	sy
10000736:	c302      	stmia	r3!, {r1}
10000738:	4293      	cmp	r3, r2
1000073a:	d1fa      	bne.n	10000732 <spin_locks_reset+0x6>
1000073c:	4770      	bx	lr
1000073e:	46c0      	nop			@ (mov r8, r8)
10000740:	d0000100 	.word	0xd0000100
10000744:	d0000180 	.word	0xd0000180

10000748 <runtime_init_per_core_irq_priorities>:
10000748:	4b05      	ldr	r3, [pc, #20]	@ (10000760 <runtime_init_per_core_irq_priorities+0x18>)
1000074a:	4a06      	ldr	r2, [pc, #24]	@ (10000764 <runtime_init_per_core_irq_priorities+0x1c>)
1000074c:	6013      	str	r3, [r2, #0]
1000074e:	4a06      	ldr	r2, [pc, #24]	@ (10000768 <runtime_init_per_core_irq_priorities+0x20>)
10000750:	6013      	str	r3, [r2, #0]
10000752:	6053      	str	r3, [r2, #4]
10000754:	6093      	str	r3, [r2, #8]
10000756:	60d3      	str	r3, [r2, #12]
10000758:	6113      	str	r3, [r2, #16]
1000075a:	6153      	str	r3, [r2, #20]
1000075c:	6193      	str	r3, [r2, #24]
1000075e:	4770      	bx	lr
10000760:	80808080 	.word	0x80808080
10000764:	e000e400 	.word	0xe000e400
10000768:	e000e404 	.word	0xe000e404

1000076c <irq_set_enabled>:
1000076c:	231f      	movs	r3, #31
1000076e:	4018      	ands	r0, r3
10000770:	3b1e      	subs	r3, #30
10000772:	4083      	lsls	r3, r0
10000774:	2900      	cmp	r1, #0
10000776:	d005      	beq.n	10000784 <irq_set_enabled+0x18>
10000778:	21c0      	movs	r1, #192	@ 0xc0
1000077a:	4a04      	ldr	r2, [pc, #16]	@ (1000078c <irq_set_enabled+0x20>)
1000077c:	0049      	lsls	r1, r1, #1
1000077e:	5053      	str	r3, [r2, r1]
10000780:	6013      	str	r3, [r2, #0]
10000782:	4770      	bx	lr
10000784:	2280      	movs	r2, #128	@ 0x80
10000786:	4901      	ldr	r1, [pc, #4]	@ (1000078c <irq_set_enabled+0x20>)
10000788:	508b      	str	r3, [r1, r2]
1000078a:	e7fa      	b.n	10000782 <irq_set_enabled+0x16>
1000078c:	e000e100 	.word	0xe000e100

10000790 <irq_set_exclusive_handler>:
10000790:	b570      	push	{r4, r5, r6, lr}
10000792:	000d      	movs	r5, r1
10000794:	f3ef 8610 	mrs	r6, PRIMASK
10000798:	b672      	cpsid	i
1000079a:	4a0f      	ldr	r2, [pc, #60]	@ (100007d8 <irq_set_exclusive_handler+0x48>)
1000079c:	6813      	ldr	r3, [r2, #0]
1000079e:	2b00      	cmp	r3, #0
100007a0:	d0fc      	beq.n	1000079c <irq_set_exclusive_handler+0xc>
100007a2:	f3bf 8f5f 	dmb	sy
100007a6:	4b0d      	ldr	r3, [pc, #52]	@ (100007dc <irq_set_exclusive_handler+0x4c>)
100007a8:	3010      	adds	r0, #16
100007aa:	689b      	ldr	r3, [r3, #8]
100007ac:	0084      	lsls	r4, r0, #2
100007ae:	591b      	ldr	r3, [r3, r4]
100007b0:	4a0b      	ldr	r2, [pc, #44]	@ (100007e0 <irq_set_exclusive_handler+0x50>)
100007b2:	4293      	cmp	r3, r2
100007b4:	d003      	beq.n	100007be <irq_set_exclusive_handler+0x2e>
100007b6:	429d      	cmp	r5, r3
100007b8:	d001      	beq.n	100007be <irq_set_exclusive_handler+0x2e>
100007ba:	f001 f831 	bl	10001820 <hard_assertion_failure>
100007be:	4b07      	ldr	r3, [pc, #28]	@ (100007dc <irq_set_exclusive_handler+0x4c>)
100007c0:	689b      	ldr	r3, [r3, #8]
100007c2:	511d      	str	r5, [r3, r4]
100007c4:	f3bf 8f5f 	dmb	sy
100007c8:	f3bf 8f5f 	dmb	sy
100007cc:	2200      	movs	r2, #0
100007ce:	4b02      	ldr	r3, [pc, #8]	@ (100007d8 <irq_set_exclusive_handler+0x48>)
100007d0:	601a      	str	r2, [r3, #0]
100007d2:	f386 8810 	msr	PRIMASK, r6
100007d6:	bd70      	pop	{r4, r5, r6, pc}
100007d8:	d0000124 	.word	0xd0000124
100007dc:	e000ed00 	.word	0xe000ed00
100007e0:	100001c1 	.word	0x100001c1

100007e4 <irq_add_shared_handler>:
100007e4:	b5f0      	push	{r4, r5, r6, r7, lr}
100007e6:	4657      	mov	r7, sl
100007e8:	464e      	mov	r6, r9
100007ea:	46de      	mov	lr, fp
100007ec:	4645      	mov	r5, r8
100007ee:	b5e0      	push	{r5, r6, r7, lr}
100007f0:	b085      	sub	sp, #20
100007f2:	0006      	movs	r6, r0
100007f4:	9100      	str	r1, [sp, #0]
100007f6:	0017      	movs	r7, r2
100007f8:	f3ef 8b10 	mrs	fp, PRIMASK
100007fc:	b672      	cpsid	i
100007fe:	4a6a      	ldr	r2, [pc, #424]	@ (100009a8 <irq_add_shared_handler+0x1c4>)
10000800:	6813      	ldr	r3, [r2, #0]
10000802:	2b00      	cmp	r3, #0
10000804:	d0fc      	beq.n	10000800 <irq_add_shared_handler+0x1c>
10000806:	f3bf 8f5f 	dmb	sy
1000080a:	2500      	movs	r5, #0
1000080c:	4b67      	ldr	r3, [pc, #412]	@ (100009ac <irq_add_shared_handler+0x1c8>)
1000080e:	575d      	ldrsb	r5, [r3, r5]
10000810:	469a      	mov	sl, r3
10000812:	2d00      	cmp	r5, #0
10000814:	da00      	bge.n	10000818 <irq_add_shared_handler+0x34>
10000816:	e0a9      	b.n	1000096c <irq_add_shared_handler+0x188>
10000818:	006b      	lsls	r3, r5, #1
1000081a:	4c65      	ldr	r4, [pc, #404]	@ (100009b0 <irq_add_shared_handler+0x1cc>)
1000081c:	9301      	str	r3, [sp, #4]
1000081e:	195b      	adds	r3, r3, r5
10000820:	009b      	lsls	r3, r3, #2
10000822:	4698      	mov	r8, r3
10000824:	46a1      	mov	r9, r4
10000826:	44c1      	add	r9, r8
10000828:	464b      	mov	r3, r9
1000082a:	4652      	mov	r2, sl
1000082c:	799b      	ldrb	r3, [r3, #6]
1000082e:	3610      	adds	r6, #16
10000830:	7013      	strb	r3, [r2, #0]
10000832:	4b60      	ldr	r3, [pc, #384]	@ (100009b4 <irq_add_shared_handler+0x1d0>)
10000834:	00b6      	lsls	r6, r6, #2
10000836:	689b      	ldr	r3, [r3, #8]
10000838:	5999      	ldr	r1, [r3, r6]
1000083a:	1b0b      	subs	r3, r1, r4
1000083c:	2b2f      	cmp	r3, #47	@ 0x2f
1000083e:	d933      	bls.n	100008a8 <irq_add_shared_handler+0xc4>
10000840:	4b5d      	ldr	r3, [pc, #372]	@ (100009b8 <irq_add_shared_handler+0x1d4>)
10000842:	4299      	cmp	r1, r3
10000844:	d000      	beq.n	10000848 <irq_add_shared_handler+0x64>
10000846:	e0ac      	b.n	100009a2 <irq_add_shared_handler+0x1be>
10000848:	9b01      	ldr	r3, [sp, #4]
1000084a:	4642      	mov	r2, r8
1000084c:	469c      	mov	ip, r3
1000084e:	4b5b      	ldr	r3, [pc, #364]	@ (100009bc <irq_add_shared_handler+0x1d8>)
10000850:	4465      	add	r5, ip
10000852:	00ad      	lsls	r5, r5, #2
10000854:	5363      	strh	r3, [r4, r5]
10000856:	4b5a      	ldr	r3, [pc, #360]	@ (100009c0 <irq_add_shared_handler+0x1dc>)
10000858:	3202      	adds	r2, #2
1000085a:	18a2      	adds	r2, r4, r2
1000085c:	3b04      	subs	r3, #4
1000085e:	1a9b      	subs	r3, r3, r2
10000860:	051b      	lsls	r3, r3, #20
10000862:	4a58      	ldr	r2, [pc, #352]	@ (100009c4 <irq_add_shared_handler+0x1e0>)
10000864:	0d5b      	lsrs	r3, r3, #21
10000866:	1965      	adds	r5, r4, r5
10000868:	4313      	orrs	r3, r2
1000086a:	806b      	strh	r3, [r5, #2]
1000086c:	4b56      	ldr	r3, [pc, #344]	@ (100009c8 <irq_add_shared_handler+0x1e4>)
1000086e:	2101      	movs	r1, #1
10000870:	80ab      	strh	r3, [r5, #4]
10000872:	23ff      	movs	r3, #255	@ 0xff
10000874:	71ab      	strb	r3, [r5, #6]
10000876:	9b00      	ldr	r3, [sp, #0]
10000878:	71ef      	strb	r7, [r5, #7]
1000087a:	60ab      	str	r3, [r5, #8]
1000087c:	464b      	mov	r3, r9
1000087e:	430b      	orrs	r3, r1
10000880:	0019      	movs	r1, r3
10000882:	4b4c      	ldr	r3, [pc, #304]	@ (100009b4 <irq_add_shared_handler+0x1d0>)
10000884:	689b      	ldr	r3, [r3, #8]
10000886:	5199      	str	r1, [r3, r6]
10000888:	f3bf 8f5f 	dmb	sy
1000088c:	f3bf 8f5f 	dmb	sy
10000890:	2200      	movs	r2, #0
10000892:	4b45      	ldr	r3, [pc, #276]	@ (100009a8 <irq_add_shared_handler+0x1c4>)
10000894:	601a      	str	r2, [r3, #0]
10000896:	f38b 8810 	msr	PRIMASK, fp
1000089a:	b005      	add	sp, #20
1000089c:	bcf0      	pop	{r4, r5, r6, r7}
1000089e:	46bb      	mov	fp, r7
100008a0:	46b2      	mov	sl, r6
100008a2:	46a9      	mov	r9, r5
100008a4:	46a0      	mov	r8, r4
100008a6:	bdf0      	pop	{r4, r5, r6, r7, pc}
100008a8:	2001      	movs	r0, #1
100008aa:	000a      	movs	r2, r1
100008ac:	4382      	bics	r2, r0
100008ae:	79d3      	ldrb	r3, [r2, #7]
100008b0:	468c      	mov	ip, r1
100008b2:	42bb      	cmp	r3, r7
100008b4:	d831      	bhi.n	1000091a <irq_add_shared_handler+0x136>
100008b6:	4645      	mov	r5, r8
100008b8:	0013      	movs	r3, r2
100008ba:	4944      	ldr	r1, [pc, #272]	@ (100009cc <irq_add_shared_handler+0x1e8>)
100008bc:	1b1b      	subs	r3, r3, r4
100008be:	415b      	adcs	r3, r3
100008c0:	4359      	muls	r1, r3
100008c2:	0d09      	lsrs	r1, r1, #20
100008c4:	4b3d      	ldr	r3, [pc, #244]	@ (100009bc <irq_add_shared_handler+0x1d8>)
100008c6:	5363      	strh	r3, [r4, r5]
100008c8:	4b3d      	ldr	r3, [pc, #244]	@ (100009c0 <irq_add_shared_handler+0x1dc>)
100008ca:	3502      	adds	r5, #2
100008cc:	1965      	adds	r5, r4, r5
100008ce:	3b04      	subs	r3, #4
100008d0:	1b5b      	subs	r3, r3, r5
100008d2:	051b      	lsls	r3, r3, #20
100008d4:	4d3b      	ldr	r5, [pc, #236]	@ (100009c4 <irq_add_shared_handler+0x1e0>)
100008d6:	0d5b      	lsrs	r3, r3, #21
100008d8:	432b      	orrs	r3, r5
100008da:	46aa      	mov	sl, r5
100008dc:	464d      	mov	r5, r9
100008de:	806b      	strh	r3, [r5, #2]
100008e0:	2504      	movs	r5, #4
100008e2:	46ac      	mov	ip, r5
100008e4:	4655      	mov	r5, sl
100008e6:	44e0      	add	r8, ip
100008e8:	1f13      	subs	r3, r2, #4
100008ea:	4444      	add	r4, r8
100008ec:	1b1b      	subs	r3, r3, r4
100008ee:	051b      	lsls	r3, r3, #20
100008f0:	0d5b      	lsrs	r3, r3, #21
100008f2:	431d      	orrs	r5, r3
100008f4:	464b      	mov	r3, r9
100008f6:	7199      	strb	r1, [r3, #6]
100008f8:	9900      	ldr	r1, [sp, #0]
100008fa:	809d      	strh	r5, [r3, #4]
100008fc:	6099      	str	r1, [r3, #8]
100008fe:	4649      	mov	r1, r9
10000900:	71df      	strb	r7, [r3, #7]
10000902:	4b33      	ldr	r3, [pc, #204]	@ (100009d0 <irq_add_shared_handler+0x1ec>)
10000904:	4301      	orrs	r1, r0
10000906:	6013      	str	r3, [r2, #0]
10000908:	e7bb      	b.n	10000882 <irq_add_shared_handler+0x9e>
1000090a:	0058      	lsls	r0, r3, #1
1000090c:	18c0      	adds	r0, r0, r3
1000090e:	0080      	lsls	r0, r0, #2
10000910:	1820      	adds	r0, r4, r0
10000912:	79c1      	ldrb	r1, [r0, #7]
10000914:	42b9      	cmp	r1, r7
10000916:	d92f      	bls.n	10000978 <irq_add_shared_handler+0x194>
10000918:	0002      	movs	r2, r0
1000091a:	2306      	movs	r3, #6
1000091c:	56d3      	ldrsb	r3, [r2, r3]
1000091e:	2b00      	cmp	r3, #0
10000920:	daf3      	bge.n	1000090a <irq_add_shared_handler+0x126>
10000922:	9302      	str	r3, [sp, #8]
10000924:	4b2b      	ldr	r3, [pc, #172]	@ (100009d4 <irq_add_shared_handler+0x1f0>)
10000926:	4661      	mov	r1, ip
10000928:	9303      	str	r3, [sp, #12]
1000092a:	1d13      	adds	r3, r2, #4
1000092c:	469a      	mov	sl, r3
1000092e:	2304      	movs	r3, #4
10000930:	425b      	negs	r3, r3
10000932:	469c      	mov	ip, r3
10000934:	44e1      	add	r9, ip
10000936:	4650      	mov	r0, sl
10000938:	464b      	mov	r3, r9
1000093a:	1a1b      	subs	r3, r3, r0
1000093c:	051b      	lsls	r3, r3, #20
1000093e:	0d5b      	lsrs	r3, r3, #21
10000940:	469c      	mov	ip, r3
10000942:	4b20      	ldr	r3, [pc, #128]	@ (100009c4 <irq_add_shared_handler+0x1e0>)
10000944:	7195      	strb	r5, [r2, #6]
10000946:	4698      	mov	r8, r3
10000948:	4663      	mov	r3, ip
1000094a:	4640      	mov	r0, r8
1000094c:	4303      	orrs	r3, r0
1000094e:	8093      	strh	r3, [r2, #4]
10000950:	9b01      	ldr	r3, [sp, #4]
10000952:	195a      	adds	r2, r3, r5
10000954:	0092      	lsls	r2, r2, #2
10000956:	9b03      	ldr	r3, [sp, #12]
10000958:	18a4      	adds	r4, r4, r2
1000095a:	80a3      	strh	r3, [r4, #4]
1000095c:	9b02      	ldr	r3, [sp, #8]
1000095e:	4a1c      	ldr	r2, [pc, #112]	@ (100009d0 <irq_add_shared_handler+0x1ec>)
10000960:	71a3      	strb	r3, [r4, #6]
10000962:	9b00      	ldr	r3, [sp, #0]
10000964:	6022      	str	r2, [r4, #0]
10000966:	71e7      	strb	r7, [r4, #7]
10000968:	60a3      	str	r3, [r4, #8]
1000096a:	e78a      	b.n	10000882 <irq_add_shared_handler+0x9e>
1000096c:	f000 ff58 	bl	10001820 <hard_assertion_failure>
10000970:	2500      	movs	r5, #0
10000972:	4653      	mov	r3, sl
10000974:	575d      	ldrsb	r5, [r3, r5]
10000976:	e74f      	b.n	10000818 <irq_add_shared_handler+0x34>
10000978:	8890      	ldrh	r0, [r2, #4]
1000097a:	9302      	str	r3, [sp, #8]
1000097c:	0540      	lsls	r0, r0, #21
1000097e:	1d13      	adds	r3, r2, #4
10000980:	469a      	mov	sl, r3
10000982:	1503      	asrs	r3, r0, #20
10000984:	4661      	mov	r1, ip
10000986:	469c      	mov	ip, r3
10000988:	4640      	mov	r0, r8
1000098a:	44d4      	add	ip, sl
1000098c:	4663      	mov	r3, ip
1000098e:	3004      	adds	r0, #4
10000990:	1820      	adds	r0, r4, r0
10000992:	1a18      	subs	r0, r3, r0
10000994:	23e0      	movs	r3, #224	@ 0xe0
10000996:	0500      	lsls	r0, r0, #20
10000998:	0d40      	lsrs	r0, r0, #21
1000099a:	021b      	lsls	r3, r3, #8
1000099c:	4318      	orrs	r0, r3
1000099e:	9003      	str	r0, [sp, #12]
100009a0:	e7c5      	b.n	1000092e <irq_add_shared_handler+0x14a>
100009a2:	f000 ff3d 	bl	10001820 <hard_assertion_failure>
100009a6:	e74f      	b.n	10000848 <irq_add_shared_handler+0x64>
100009a8:	d0000124 	.word	0xd0000124
100009ac:	20001d77 	.word	0x20001d77
100009b0:	20000fd4 	.word	0x20000fd4
100009b4:	e000ed00 	.word	0xe000ed00
100009b8:	100001c1 	.word	0x100001c1
100009bc:	ffffa100 	.word	0xffffa100
100009c0:	20001004 	.word	0x20001004
100009c4:	ffffe000 	.word	0xffffe000
100009c8:	ffffbd01 	.word	0xffffbd01
100009cc:	0000aaaa 	.word	0x0000aaaa
100009d0:	47804801 	.word	0x47804801
100009d4:	0000bd01 	.word	0x0000bd01

100009d8 <irq_remove_handler>:
100009d8:	b5f0      	push	{r4, r5, r6, r7, lr}
100009da:	46de      	mov	lr, fp
100009dc:	4657      	mov	r7, sl
100009de:	464e      	mov	r6, r9
100009e0:	4645      	mov	r5, r8
100009e2:	b5e0      	push	{r5, r6, r7, lr}
100009e4:	000c      	movs	r4, r1
100009e6:	b083      	sub	sp, #12
100009e8:	f3ef 8810 	mrs	r8, PRIMASK
100009ec:	b672      	cpsid	i
100009ee:	4a63      	ldr	r2, [pc, #396]	@ (10000b7c <irq_remove_handler+0x1a4>)
100009f0:	6813      	ldr	r3, [r2, #0]
100009f2:	2b00      	cmp	r3, #0
100009f4:	d0fc      	beq.n	100009f0 <irq_remove_handler+0x18>
100009f6:	f3bf 8f5f 	dmb	sy
100009fa:	4b61      	ldr	r3, [pc, #388]	@ (10000b80 <irq_remove_handler+0x1a8>)
100009fc:	4961      	ldr	r1, [pc, #388]	@ (10000b84 <irq_remove_handler+0x1ac>)
100009fe:	689a      	ldr	r2, [r3, #8]
10000a00:	0003      	movs	r3, r0
10000a02:	3310      	adds	r3, #16
10000a04:	009f      	lsls	r7, r3, #2
10000a06:	59d5      	ldr	r5, [r2, r7]
10000a08:	9301      	str	r3, [sp, #4]
10000a0a:	428d      	cmp	r5, r1
10000a0c:	d043      	beq.n	10000a96 <irq_remove_handler+0xbe>
10000a0e:	42a5      	cmp	r5, r4
10000a10:	d054      	beq.n	10000abc <irq_remove_handler+0xe4>
10000a12:	4e5d      	ldr	r6, [pc, #372]	@ (10000b88 <irq_remove_handler+0x1b0>)
10000a14:	1baa      	subs	r2, r5, r6
10000a16:	2a2f      	cmp	r2, #47	@ 0x2f
10000a18:	d83d      	bhi.n	10000a96 <irq_remove_handler+0xbe>
10000a1a:	4b5c      	ldr	r3, [pc, #368]	@ (10000b8c <irq_remove_handler+0x1b4>)
10000a1c:	469b      	mov	fp, r3
10000a1e:	681b      	ldr	r3, [r3, #0]
10000a20:	4699      	mov	r9, r3
10000a22:	2301      	movs	r3, #1
10000a24:	001a      	movs	r2, r3
10000a26:	469c      	mov	ip, r3
10000a28:	4082      	lsls	r2, r0
10000a2a:	464b      	mov	r3, r9
10000a2c:	4013      	ands	r3, r2
10000a2e:	221f      	movs	r2, #31
10000a30:	4699      	mov	r9, r3
10000a32:	4663      	mov	r3, ip
10000a34:	4002      	ands	r2, r0
10000a36:	4093      	lsls	r3, r2
10000a38:	469a      	mov	sl, r3
10000a3a:	2280      	movs	r2, #128	@ 0x80
10000a3c:	465b      	mov	r3, fp
10000a3e:	4650      	mov	r0, sl
10000a40:	5098      	str	r0, [r3, r2]
10000a42:	f3bf 8f5f 	dmb	sy
10000a46:	f3ef 8305 	mrs	r3, IPSR
10000a4a:	469b      	mov	fp, r3
10000a4c:	2b00      	cmp	r3, #0
10000a4e:	d037      	beq.n	10000ac0 <irq_remove_handler+0xe8>
10000a50:	9b01      	ldr	r3, [sp, #4]
10000a52:	455b      	cmp	r3, fp
10000a54:	d001      	beq.n	10000a5a <irq_remove_handler+0x82>
10000a56:	f000 fee3 	bl	10001820 <hard_assertion_failure>
10000a5a:	2301      	movs	r3, #1
10000a5c:	002a      	movs	r2, r5
10000a5e:	439a      	bics	r2, r3
10000a60:	6890      	ldr	r0, [r2, #8]
10000a62:	4284      	cmp	r4, r0
10000a64:	d108      	bne.n	10000a78 <irq_remove_handler+0xa0>
10000a66:	e076      	b.n	10000b56 <irq_remove_handler+0x17e>
10000a68:	004b      	lsls	r3, r1, #1
10000a6a:	185b      	adds	r3, r3, r1
10000a6c:	009b      	lsls	r3, r3, #2
10000a6e:	18f3      	adds	r3, r6, r3
10000a70:	6898      	ldr	r0, [r3, #8]
10000a72:	4284      	cmp	r4, r0
10000a74:	d036      	beq.n	10000ae4 <irq_remove_handler+0x10c>
10000a76:	001a      	movs	r2, r3
10000a78:	2106      	movs	r1, #6
10000a7a:	5651      	ldrsb	r1, [r2, r1]
10000a7c:	2900      	cmp	r1, #0
10000a7e:	daf3      	bge.n	10000a68 <irq_remove_handler+0x90>
10000a80:	4284      	cmp	r4, r0
10000a82:	d054      	beq.n	10000b2e <irq_remove_handler+0x156>
10000a84:	464b      	mov	r3, r9
10000a86:	2b00      	cmp	r3, #0
10000a88:	d027      	beq.n	10000ada <irq_remove_handler+0x102>
10000a8a:	22c0      	movs	r2, #192	@ 0xc0
10000a8c:	4651      	mov	r1, sl
10000a8e:	4b3f      	ldr	r3, [pc, #252]	@ (10000b8c <irq_remove_handler+0x1b4>)
10000a90:	0052      	lsls	r2, r2, #1
10000a92:	5099      	str	r1, [r3, r2]
10000a94:	6019      	str	r1, [r3, #0]
10000a96:	4b3a      	ldr	r3, [pc, #232]	@ (10000b80 <irq_remove_handler+0x1a8>)
10000a98:	689b      	ldr	r3, [r3, #8]
10000a9a:	51dd      	str	r5, [r3, r7]
10000a9c:	f3bf 8f5f 	dmb	sy
10000aa0:	f3bf 8f5f 	dmb	sy
10000aa4:	2200      	movs	r2, #0
10000aa6:	4b35      	ldr	r3, [pc, #212]	@ (10000b7c <irq_remove_handler+0x1a4>)
10000aa8:	601a      	str	r2, [r3, #0]
10000aaa:	f388 8810 	msr	PRIMASK, r8
10000aae:	b003      	add	sp, #12
10000ab0:	bcf0      	pop	{r4, r5, r6, r7}
10000ab2:	46bb      	mov	fp, r7
10000ab4:	46b2      	mov	sl, r6
10000ab6:	46a9      	mov	r9, r5
10000ab8:	46a0      	mov	r8, r4
10000aba:	bdf0      	pop	{r4, r5, r6, r7, pc}
10000abc:	000d      	movs	r5, r1
10000abe:	e7ea      	b.n	10000a96 <irq_remove_handler+0xbe>
10000ac0:	002a      	movs	r2, r5
10000ac2:	4663      	mov	r3, ip
10000ac4:	439a      	bics	r2, r3
10000ac6:	6890      	ldr	r0, [r2, #8]
10000ac8:	4284      	cmp	r4, r0
10000aca:	d1d5      	bne.n	10000a78 <irq_remove_handler+0xa0>
10000acc:	2006      	movs	r0, #6
10000ace:	5610      	ldrsb	r0, [r2, r0]
10000ad0:	0013      	movs	r3, r2
10000ad2:	2800      	cmp	r0, #0
10000ad4:	da0a      	bge.n	10000aec <irq_remove_handler+0x114>
10000ad6:	000d      	movs	r5, r1
10000ad8:	e031      	b.n	10000b3e <irq_remove_handler+0x166>
10000ada:	2380      	movs	r3, #128	@ 0x80
10000adc:	4651      	mov	r1, sl
10000ade:	4a2b      	ldr	r2, [pc, #172]	@ (10000b8c <irq_remove_handler+0x1b4>)
10000ae0:	50d1      	str	r1, [r2, r3]
10000ae2:	e7d8      	b.n	10000a96 <irq_remove_handler+0xbe>
10000ae4:	2006      	movs	r0, #6
10000ae6:	5618      	ldrsb	r0, [r3, r0]
10000ae8:	2800      	cmp	r0, #0
10000aea:	db21      	blt.n	10000b30 <irq_remove_handler+0x158>
10000aec:	0042      	lsls	r2, r0, #1
10000aee:	1811      	adds	r1, r2, r0
10000af0:	0089      	lsls	r1, r1, #2
10000af2:	1874      	adds	r4, r6, r1
10000af4:	468b      	mov	fp, r1
10000af6:	68a1      	ldr	r1, [r4, #8]
10000af8:	6099      	str	r1, [r3, #8]
10000afa:	79e1      	ldrb	r1, [r4, #7]
10000afc:	71d9      	strb	r1, [r3, #7]
10000afe:	2106      	movs	r1, #6
10000b00:	5661      	ldrsb	r1, [r4, r1]
10000b02:	7199      	strb	r1, [r3, #6]
10000b04:	2900      	cmp	r1, #0
10000b06:	db24      	blt.n	10000b52 <irq_remove_handler+0x17a>
10000b08:	88a4      	ldrh	r4, [r4, #4]
10000b0a:	1af1      	subs	r1, r6, r3
10000b0c:	0564      	lsls	r4, r4, #21
10000b0e:	1524      	asrs	r4, r4, #20
10000b10:	445c      	add	r4, fp
10000b12:	1909      	adds	r1, r1, r4
10000b14:	0509      	lsls	r1, r1, #20
10000b16:	4c1e      	ldr	r4, [pc, #120]	@ (10000b90 <irq_remove_handler+0x1b8>)
10000b18:	0d49      	lsrs	r1, r1, #21
10000b1a:	4321      	orrs	r1, r4
10000b1c:	8099      	strh	r1, [r3, #4]
10000b1e:	1813      	adds	r3, r2, r0
10000b20:	4a1c      	ldr	r2, [pc, #112]	@ (10000b94 <irq_remove_handler+0x1bc>)
10000b22:	009b      	lsls	r3, r3, #2
10000b24:	7811      	ldrb	r1, [r2, #0]
10000b26:	18f3      	adds	r3, r6, r3
10000b28:	7199      	strb	r1, [r3, #6]
10000b2a:	7010      	strb	r0, [r2, #0]
10000b2c:	e7aa      	b.n	10000a84 <irq_remove_handler+0xac>
10000b2e:	0013      	movs	r3, r2
10000b30:	4659      	mov	r1, fp
10000b32:	2900      	cmp	r1, #0
10000b34:	d114      	bne.n	10000b60 <irq_remove_handler+0x188>
10000b36:	31ff      	adds	r1, #255	@ 0xff
10000b38:	7191      	strb	r1, [r2, #6]
10000b3a:	4917      	ldr	r1, [pc, #92]	@ (10000b98 <irq_remove_handler+0x1c0>)
10000b3c:	8091      	strh	r1, [r2, #4]
10000b3e:	4915      	ldr	r1, [pc, #84]	@ (10000b94 <irq_remove_handler+0x1bc>)
10000b40:	780a      	ldrb	r2, [r1, #0]
10000b42:	719a      	strb	r2, [r3, #6]
10000b44:	4a15      	ldr	r2, [pc, #84]	@ (10000b9c <irq_remove_handler+0x1c4>)
10000b46:	1b9b      	subs	r3, r3, r6
10000b48:	415b      	adcs	r3, r3
10000b4a:	435a      	muls	r2, r3
10000b4c:	0d12      	lsrs	r2, r2, #20
10000b4e:	700a      	strb	r2, [r1, #0]
10000b50:	e798      	b.n	10000a84 <irq_remove_handler+0xac>
10000b52:	4911      	ldr	r1, [pc, #68]	@ (10000b98 <irq_remove_handler+0x1c0>)
10000b54:	e7e2      	b.n	10000b1c <irq_remove_handler+0x144>
10000b56:	2006      	movs	r0, #6
10000b58:	5610      	ldrsb	r0, [r2, r0]
10000b5a:	0013      	movs	r3, r2
10000b5c:	2800      	cmp	r0, #0
10000b5e:	dac5      	bge.n	10000aec <irq_remove_handler+0x114>
10000b60:	4a0f      	ldr	r2, [pc, #60]	@ (10000ba0 <irq_remove_handler+0x1c8>)
10000b62:	4910      	ldr	r1, [pc, #64]	@ (10000ba4 <irq_remove_handler+0x1cc>)
10000b64:	1ad2      	subs	r2, r2, r3
10000b66:	3a08      	subs	r2, #8
10000b68:	0250      	lsls	r0, r2, #9
10000b6a:	0d40      	lsrs	r0, r0, #21
10000b6c:	4301      	orrs	r1, r0
10000b6e:	8099      	strh	r1, [r3, #4]
10000b70:	490d      	ldr	r1, [pc, #52]	@ (10000ba8 <irq_remove_handler+0x1d0>)
10000b72:	0852      	lsrs	r2, r2, #1
10000b74:	430a      	orrs	r2, r1
10000b76:	80da      	strh	r2, [r3, #6]
10000b78:	e784      	b.n	10000a84 <irq_remove_handler+0xac>
10000b7a:	46c0      	nop			@ (mov r8, r8)
10000b7c:	d0000124 	.word	0xd0000124
10000b80:	e000ed00 	.word	0xe000ed00
10000b84:	100001c1 	.word	0x100001c1
10000b88:	20000fd4 	.word	0x20000fd4
10000b8c:	e000e100 	.word	0xe000e100
10000b90:	ffffe000 	.word	0xffffe000
10000b94:	20001d77 	.word	0x20001d77
10000b98:	ffffbd01 	.word	0xffffbd01
10000b9c:	0000aaaa 	.word	0x0000aaaa
10000ba0:	2000100e 	.word	0x2000100e
10000ba4:	fffff000 	.word	0xfffff000
10000ba8:	fffff800 	.word	0xfffff800

10000bac <irq_add_tail_to_free_list>:
10000bac:	b570      	push	{r4, r5, r6, lr}
10000bae:	2401      	movs	r4, #1
10000bb0:	4304      	orrs	r4, r0
10000bb2:	f3ef 8105 	mrs	r1, IPSR
10000bb6:	f3ef 8c10 	mrs	ip, PRIMASK
10000bba:	b672      	cpsid	i
10000bbc:	4a21      	ldr	r2, [pc, #132]	@ (10000c44 <irq_add_tail_to_free_list+0x98>)
10000bbe:	6813      	ldr	r3, [r2, #0]
10000bc0:	2b00      	cmp	r3, #0
10000bc2:	d0fc      	beq.n	10000bbe <irq_add_tail_to_free_list+0x12>
10000bc4:	f3bf 8f5f 	dmb	sy
10000bc8:	4b1f      	ldr	r3, [pc, #124]	@ (10000c48 <irq_add_tail_to_free_list+0x9c>)
10000bca:	0005      	movs	r5, r0
10000bcc:	4a1f      	ldr	r2, [pc, #124]	@ (10000c4c <irq_add_tail_to_free_list+0xa0>)
10000bce:	1aed      	subs	r5, r5, r3
10000bd0:	416d      	adcs	r5, r5
10000bd2:	436a      	muls	r2, r5
10000bd4:	0d12      	lsrs	r2, r2, #20
10000bd6:	4d1e      	ldr	r5, [pc, #120]	@ (10000c50 <irq_add_tail_to_free_list+0xa4>)
10000bd8:	0089      	lsls	r1, r1, #2
10000bda:	68ae      	ldr	r6, [r5, #8]
10000bdc:	b252      	sxtb	r2, r2
10000bde:	5876      	ldr	r6, [r6, r1]
10000be0:	42a6      	cmp	r6, r4
10000be2:	d01c      	beq.n	10000c1e <irq_add_tail_to_free_list+0x72>
10000be4:	2106      	movs	r1, #6
10000be6:	5659      	ldrsb	r1, [r3, r1]
10000be8:	4291      	cmp	r1, r2
10000bea:	d01c      	beq.n	10000c26 <irq_add_tail_to_free_list+0x7a>
10000bec:	2112      	movs	r1, #18
10000bee:	5659      	ldrsb	r1, [r3, r1]
10000bf0:	4291      	cmp	r1, r2
10000bf2:	d022      	beq.n	10000c3a <irq_add_tail_to_free_list+0x8e>
10000bf4:	211e      	movs	r1, #30
10000bf6:	5659      	ldrsb	r1, [r3, r1]
10000bf8:	4291      	cmp	r1, r2
10000bfa:	d020      	beq.n	10000c3e <irq_add_tail_to_free_list+0x92>
10000bfc:	212a      	movs	r1, #42	@ 0x2a
10000bfe:	5659      	ldrsb	r1, [r3, r1]
10000c00:	2403      	movs	r4, #3
10000c02:	4291      	cmp	r1, r2
10000c04:	d010      	beq.n	10000c28 <irq_add_tail_to_free_list+0x7c>
10000c06:	4b13      	ldr	r3, [pc, #76]	@ (10000c54 <irq_add_tail_to_free_list+0xa8>)
10000c08:	7819      	ldrb	r1, [r3, #0]
10000c0a:	701a      	strb	r2, [r3, #0]
10000c0c:	7181      	strb	r1, [r0, #6]
10000c0e:	f3bf 8f5f 	dmb	sy
10000c12:	2200      	movs	r2, #0
10000c14:	4b0b      	ldr	r3, [pc, #44]	@ (10000c44 <irq_add_tail_to_free_list+0x98>)
10000c16:	601a      	str	r2, [r3, #0]
10000c18:	f38c 8810 	msr	PRIMASK, ip
10000c1c:	bd70      	pop	{r4, r5, r6, pc}
10000c1e:	68ab      	ldr	r3, [r5, #8]
10000c20:	4c0d      	ldr	r4, [pc, #52]	@ (10000c58 <irq_add_tail_to_free_list+0xac>)
10000c22:	505c      	str	r4, [r3, r1]
10000c24:	e7ef      	b.n	10000c06 <irq_add_tail_to_free_list+0x5a>
10000c26:	2400      	movs	r4, #0
10000c28:	0061      	lsls	r1, r4, #1
10000c2a:	1909      	adds	r1, r1, r4
10000c2c:	0089      	lsls	r1, r1, #2
10000c2e:	185b      	adds	r3, r3, r1
10000c30:	21ff      	movs	r1, #255	@ 0xff
10000c32:	7199      	strb	r1, [r3, #6]
10000c34:	4909      	ldr	r1, [pc, #36]	@ (10000c5c <irq_add_tail_to_free_list+0xb0>)
10000c36:	8099      	strh	r1, [r3, #4]
10000c38:	e7e5      	b.n	10000c06 <irq_add_tail_to_free_list+0x5a>
10000c3a:	2401      	movs	r4, #1
10000c3c:	e7f4      	b.n	10000c28 <irq_add_tail_to_free_list+0x7c>
10000c3e:	2402      	movs	r4, #2
10000c40:	e7f2      	b.n	10000c28 <irq_add_tail_to_free_list+0x7c>
10000c42:	46c0      	nop			@ (mov r8, r8)
10000c44:	d0000124 	.word	0xd0000124
10000c48:	20000fd4 	.word	0x20000fd4
10000c4c:	0000aaaa 	.word	0x0000aaaa
10000c50:	e000ed00 	.word	0xe000ed00
10000c54:	20001d77 	.word	0x20001d77
10000c58:	100001c1 	.word	0x100001c1
10000c5c:	ffffbd01 	.word	0xffffbd01

10000c60 <lock_init>:
10000c60:	4b02      	ldr	r3, [pc, #8]	@ (10000c6c <lock_init+0xc>)
10000c62:	469c      	mov	ip, r3
10000c64:	4461      	add	r1, ip
10000c66:	0089      	lsls	r1, r1, #2
10000c68:	6001      	str	r1, [r0, #0]
10000c6a:	4770      	bx	lr
10000c6c:	34000040 	.word	0x34000040

10000c70 <runtime_init_mutex>:
10000c70:	b570      	push	{r4, r5, r6, lr}
10000c72:	4c11      	ldr	r4, [pc, #68]	@ (10000cb8 <runtime_init_mutex+0x48>)
10000c74:	4d11      	ldr	r5, [pc, #68]	@ (10000cbc <runtime_init_mutex+0x4c>)
10000c76:	42ac      	cmp	r4, r5
10000c78:	d20f      	bcs.n	10000c9a <runtime_init_mutex+0x2a>
10000c7a:	26ff      	movs	r6, #255	@ 0xff
10000c7c:	6823      	ldr	r3, [r4, #0]
10000c7e:	2b00      	cmp	r3, #0
10000c80:	d00c      	beq.n	10000c9c <runtime_init_mutex+0x2c>
10000c82:	f7ff fd35 	bl	100006f0 <next_striped_spin_lock_num>
10000c86:	0001      	movs	r1, r0
10000c88:	0020      	movs	r0, r4
10000c8a:	f7ff ffe9 	bl	10000c60 <lock_init>
10000c8e:	80a6      	strh	r6, [r4, #4]
10000c90:	f3bf 8f5f 	dmb	sy
10000c94:	3408      	adds	r4, #8
10000c96:	42ac      	cmp	r4, r5
10000c98:	d3f0      	bcc.n	10000c7c <runtime_init_mutex+0xc>
10000c9a:	bd70      	pop	{r4, r5, r6, pc}
10000c9c:	f7ff fd28 	bl	100006f0 <next_striped_spin_lock_num>
10000ca0:	0001      	movs	r1, r0
10000ca2:	0020      	movs	r0, r4
10000ca4:	f7ff ffdc 	bl	10000c60 <lock_init>
10000ca8:	7126      	strb	r6, [r4, #4]
10000caa:	f3bf 8f5f 	dmb	sy
10000cae:	3408      	adds	r4, #8
10000cb0:	42ac      	cmp	r4, r5
10000cb2:	d3e3      	bcc.n	10000c7c <runtime_init_mutex+0xc>
10000cb4:	e7f1      	b.n	10000c9a <runtime_init_mutex+0x2a>
10000cb6:	46c0      	nop			@ (mov r8, r8)
10000cb8:	2000109c 	.word	0x2000109c
10000cbc:	200010a4 	.word	0x200010a4

10000cc0 <mutex_init>:
10000cc0:	b510      	push	{r4, lr}
10000cc2:	0004      	movs	r4, r0
10000cc4:	f7ff fd14 	bl	100006f0 <next_striped_spin_lock_num>
10000cc8:	0001      	movs	r1, r0
10000cca:	0020      	movs	r0, r4
10000ccc:	f7ff ffc8 	bl	10000c60 <lock_init>
10000cd0:	23ff      	movs	r3, #255	@ 0xff
10000cd2:	7123      	strb	r3, [r4, #4]
10000cd4:	f3bf 8f5f 	dmb	sy
10000cd8:	bd10      	pop	{r4, pc}
10000cda:	46c0      	nop			@ (mov r8, r8)

10000cdc <critical_section_init>:
10000cdc:	b510      	push	{r4, lr}
10000cde:	0004      	movs	r4, r0
10000ce0:	2001      	movs	r0, #1
10000ce2:	f7ff fd11 	bl	10000708 <spin_lock_claim_unused>
10000ce6:	4b03      	ldr	r3, [pc, #12]	@ (10000cf4 <critical_section_init+0x18>)
10000ce8:	18c3      	adds	r3, r0, r3
10000cea:	009b      	lsls	r3, r3, #2
10000cec:	6023      	str	r3, [r4, #0]
10000cee:	f3bf 8f5f 	dmb	sy
10000cf2:	bd10      	pop	{r4, pc}
10000cf4:	34000040 	.word	0x34000040

10000cf8 <sleep_until_callback>:
10000cf8:	4b0a      	ldr	r3, [pc, #40]	@ (10000d24 <sleep_until_callback+0x2c>)
10000cfa:	6819      	ldr	r1, [r3, #0]
10000cfc:	f3ef 8010 	mrs	r0, PRIMASK
10000d00:	b672      	cpsid	i
10000d02:	680a      	ldr	r2, [r1, #0]
10000d04:	2a00      	cmp	r2, #0
10000d06:	d0fc      	beq.n	10000d02 <sleep_until_callback+0xa>
10000d08:	f3bf 8f5f 	dmb	sy
10000d0c:	681b      	ldr	r3, [r3, #0]
10000d0e:	f3bf 8f5f 	dmb	sy
10000d12:	2200      	movs	r2, #0
10000d14:	601a      	str	r2, [r3, #0]
10000d16:	f380 8810 	msr	PRIMASK, r0
10000d1a:	bf40      	sev
10000d1c:	2000      	movs	r0, #0
10000d1e:	2100      	movs	r1, #0
10000d20:	4770      	bx	lr
10000d22:	46c0      	nop			@ (mov r8, r8)
10000d24:	20001d5c 	.word	0x20001d5c

10000d28 <alarm_pool_irq_handler>:
10000d28:	b5f0      	push	{r4, r5, r6, r7, lr}
10000d2a:	46de      	mov	lr, fp
10000d2c:	4657      	mov	r7, sl
10000d2e:	464e      	mov	r6, r9
10000d30:	4645      	mov	r5, r8
10000d32:	b5e0      	push	{r5, r6, r7, lr}
10000d34:	b087      	sub	sp, #28
10000d36:	f3ef 8305 	mrs	r3, IPSR
10000d3a:	2203      	movs	r2, #3
10000d3c:	2501      	movs	r5, #1
10000d3e:	401a      	ands	r2, r3
10000d40:	4095      	lsls	r5, r2
10000d42:	0091      	lsls	r1, r2, #2
10000d44:	4688      	mov	r8, r1
10000d46:	46a9      	mov	r9, r5
10000d48:	4bb3      	ldr	r3, [pc, #716]	@ (10001018 <alarm_pool_irq_handler+0x2f0>)
10000d4a:	9203      	str	r2, [sp, #12]
10000d4c:	585c      	ldr	r4, [r3, r1]
10000d4e:	4bb3      	ldr	r3, [pc, #716]	@ (1000101c <alarm_pool_irq_handler+0x2f4>)
10000d50:	601d      	str	r5, [r3, #0]
10000d52:	4bb3      	ldr	r3, [pc, #716]	@ (10001020 <alarm_pool_irq_handler+0x2f8>)
10000d54:	9304      	str	r3, [sp, #16]
10000d56:	464b      	mov	r3, r9
10000d58:	48b2      	ldr	r0, [pc, #712]	@ (10001024 <alarm_pool_irq_handler+0x2fc>)
10000d5a:	6343      	str	r3, [r0, #52]	@ 0x34
10000d5c:	2308      	movs	r3, #8
10000d5e:	5ee5      	ldrsh	r5, [r4, r3]
10000d60:	2d00      	cmp	r5, #0
10000d62:	da37      	bge.n	10000dd4 <alarm_pool_irq_handler+0xac>
10000d64:	88a3      	ldrh	r3, [r4, #4]
10000d66:	b21b      	sxth	r3, r3
10000d68:	2b00      	cmp	r3, #0
10000d6a:	db00      	blt.n	10000d6e <alarm_pool_irq_handler+0x46>
10000d6c:	e0ad      	b.n	10000eca <alarm_pool_irq_handler+0x1a2>
10000d6e:	79a3      	ldrb	r3, [r4, #6]
10000d70:	2b00      	cmp	r3, #0
10000d72:	d000      	beq.n	10000d76 <alarm_pool_irq_handler+0x4e>
10000d74:	e0ee      	b.n	10000f54 <alarm_pool_irq_handler+0x22c>
10000d76:	2308      	movs	r3, #8
10000d78:	5ee0      	ldrsh	r0, [r4, r3]
10000d7a:	2800      	cmp	r0, #0
10000d7c:	db20      	blt.n	10000dc0 <alarm_pool_irq_handler+0x98>
10000d7e:	0043      	lsls	r3, r0, #1
10000d80:	6962      	ldr	r2, [r4, #20]
10000d82:	181b      	adds	r3, r3, r0
10000d84:	00db      	lsls	r3, r3, #3
10000d86:	18d3      	adds	r3, r2, r3
10000d88:	689e      	ldr	r6, [r3, #8]
10000d8a:	68dd      	ldr	r5, [r3, #12]
10000d8c:	1c73      	adds	r3, r6, #1
10000d8e:	d100      	bne.n	10000d92 <alarm_pool_irq_handler+0x6a>
10000d90:	e111      	b.n	10000fb6 <alarm_pool_irq_handler+0x28e>
10000d92:	48a4      	ldr	r0, [pc, #656]	@ (10001024 <alarm_pool_irq_handler+0x2fc>)
10000d94:	0001      	movs	r1, r0
10000d96:	4441      	add	r1, r8
10000d98:	6a82      	ldr	r2, [r0, #40]	@ 0x28
10000d9a:	690b      	ldr	r3, [r1, #16]
10000d9c:	1ab7      	subs	r7, r6, r2
10000d9e:	1a9b      	subs	r3, r3, r2
10000da0:	429f      	cmp	r7, r3
10000da2:	d315      	bcc.n	10000dd0 <alarm_pool_irq_handler+0xa8>
10000da4:	2301      	movs	r3, #1
10000da6:	6a02      	ldr	r2, [r0, #32]
10000da8:	9803      	ldr	r0, [sp, #12]
10000daa:	4083      	lsls	r3, r0
10000dac:	421a      	tst	r2, r3
10000dae:	d00f      	beq.n	10000dd0 <alarm_pool_irq_handler+0xa8>
10000db0:	489c      	ldr	r0, [pc, #624]	@ (10001024 <alarm_pool_irq_handler+0x2fc>)
10000db2:	f000 fac9 	bl	10001348 <timer_time_us_64>
10000db6:	428d      	cmp	r5, r1
10000db8:	dc02      	bgt.n	10000dc0 <alarm_pool_irq_handler+0x98>
10000dba:	d1cc      	bne.n	10000d56 <alarm_pool_irq_handler+0x2e>
10000dbc:	4286      	cmp	r6, r0
10000dbe:	d9ca      	bls.n	10000d56 <alarm_pool_irq_handler+0x2e>
10000dc0:	bf40      	sev
10000dc2:	b007      	add	sp, #28
10000dc4:	bcf0      	pop	{r4, r5, r6, r7}
10000dc6:	46bb      	mov	fp, r7
10000dc8:	46b2      	mov	sl, r6
10000dca:	46a9      	mov	r9, r5
10000dcc:	46a0      	mov	r8, r4
10000dce:	bdf0      	pop	{r4, r5, r6, r7, pc}
10000dd0:	610e      	str	r6, [r1, #16]
10000dd2:	e7ed      	b.n	10000db0 <alarm_pool_irq_handler+0x88>
10000dd4:	6962      	ldr	r2, [r4, #20]
10000dd6:	006b      	lsls	r3, r5, #1
10000dd8:	4692      	mov	sl, r2
10000dda:	195b      	adds	r3, r3, r5
10000ddc:	00db      	lsls	r3, r3, #3
10000dde:	449a      	add	sl, r3
10000de0:	4653      	mov	r3, sl
10000de2:	689e      	ldr	r6, [r3, #8]
10000de4:	68df      	ldr	r7, [r3, #12]
10000de6:	f000 faaf 	bl	10001348 <timer_time_us_64>
10000dea:	428f      	cmp	r7, r1
10000dec:	dcba      	bgt.n	10000d64 <alarm_pool_irq_handler+0x3c>
10000dee:	d100      	bne.n	10000df2 <alarm_pool_irq_handler+0xca>
10000df0:	e103      	b.n	10000ffa <alarm_pool_irq_handler+0x2d2>
10000df2:	2f00      	cmp	r7, #0
10000df4:	da00      	bge.n	10000df8 <alarm_pool_irq_handler+0xd0>
10000df6:	e0e8      	b.n	10000fca <alarm_pool_irq_handler+0x2a2>
10000df8:	4652      	mov	r2, sl
10000dfa:	4653      	mov	r3, sl
10000dfc:	6952      	ldr	r2, [r2, #20]
10000dfe:	691b      	ldr	r3, [r3, #16]
10000e00:	4693      	mov	fp, r2
10000e02:	9a04      	ldr	r2, [sp, #16]
10000e04:	4293      	cmp	r3, r2
10000e06:	d100      	bne.n	10000e0a <alarm_pool_irq_handler+0xe2>
10000e08:	e0d9      	b.n	10000fbe <alarm_pool_irq_handler+0x296>
10000e0a:	4652      	mov	r2, sl
10000e0c:	2108      	movs	r1, #8
10000e0e:	5e60      	ldrsh	r0, [r4, r1]
10000e10:	8852      	ldrh	r2, [r2, #2]
10000e12:	0400      	lsls	r0, r0, #16
10000e14:	4659      	mov	r1, fp
10000e16:	4310      	orrs	r0, r2
10000e18:	4798      	blx	r3
10000e1a:	9000      	str	r0, [sp, #0]
10000e1c:	9101      	str	r1, [sp, #4]
10000e1e:	9900      	ldr	r1, [sp, #0]
10000e20:	9a01      	ldr	r2, [sp, #4]
10000e22:	000b      	movs	r3, r1
10000e24:	0010      	movs	r0, r2
10000e26:	4313      	orrs	r3, r2
10000e28:	d100      	bne.n	10000e2c <alarm_pool_irq_handler+0x104>
10000e2a:	e0ce      	b.n	10000fca <alarm_pool_irq_handler+0x2a2>
10000e2c:	0013      	movs	r3, r2
10000e2e:	000a      	movs	r2, r1
10000e30:	1ab6      	subs	r6, r6, r2
10000e32:	419f      	sbcs	r7, r3
10000e34:	2800      	cmp	r0, #0
10000e36:	db06      	blt.n	10000e46 <alarm_pool_irq_handler+0x11e>
10000e38:	487a      	ldr	r0, [pc, #488]	@ (10001024 <alarm_pool_irq_handler+0x2fc>)
10000e3a:	f000 fa85 	bl	10001348 <timer_time_us_64>
10000e3e:	9e00      	ldr	r6, [sp, #0]
10000e40:	9f01      	ldr	r7, [sp, #4]
10000e42:	1836      	adds	r6, r6, r0
10000e44:	414f      	adcs	r7, r1
10000e46:	4653      	mov	r3, sl
10000e48:	609e      	str	r6, [r3, #8]
10000e4a:	60df      	str	r7, [r3, #12]
10000e4c:	2200      	movs	r2, #0
10000e4e:	5e9a      	ldrsh	r2, [r3, r2]
10000e50:	2a00      	cmp	r2, #0
10000e52:	da00      	bge.n	10000e56 <alarm_pool_irq_handler+0x12e>
10000e54:	e786      	b.n	10000d64 <alarm_pool_irq_handler+0x3c>
10000e56:	0053      	lsls	r3, r2, #1
10000e58:	1899      	adds	r1, r3, r2
10000e5a:	6960      	ldr	r0, [r4, #20]
10000e5c:	00c9      	lsls	r1, r1, #3
10000e5e:	1841      	adds	r1, r0, r1
10000e60:	9302      	str	r3, [sp, #8]
10000e62:	688b      	ldr	r3, [r1, #8]
10000e64:	68c9      	ldr	r1, [r1, #12]
10000e66:	469b      	mov	fp, r3
10000e68:	42b9      	cmp	r1, r7
10000e6a:	dd00      	ble.n	10000e6e <alarm_pool_irq_handler+0x146>
10000e6c:	e77a      	b.n	10000d64 <alarm_pool_irq_handler+0x3c>
10000e6e:	d102      	bne.n	10000e76 <alarm_pool_irq_handler+0x14e>
10000e70:	42b3      	cmp	r3, r6
10000e72:	d900      	bls.n	10000e76 <alarm_pool_irq_handler+0x14e>
10000e74:	e776      	b.n	10000d64 <alarm_pool_irq_handler+0x3c>
10000e76:	2308      	movs	r3, #8
10000e78:	469c      	mov	ip, r3
10000e7a:	44a4      	add	ip, r4
10000e7c:	9505      	str	r5, [sp, #20]
10000e7e:	4665      	mov	r5, ip
10000e80:	8122      	strh	r2, [r4, #8]
10000e82:	46a4      	mov	ip, r4
10000e84:	9b02      	ldr	r3, [sp, #8]
10000e86:	002c      	movs	r4, r5
10000e88:	e006      	b.n	10000e98 <alarm_pool_irq_handler+0x170>
10000e8a:	0053      	lsls	r3, r2, #1
10000e8c:	1899      	adds	r1, r3, r2
10000e8e:	00c9      	lsls	r1, r1, #3
10000e90:	1841      	adds	r1, r0, r1
10000e92:	688d      	ldr	r5, [r1, #8]
10000e94:	68c9      	ldr	r1, [r1, #12]
10000e96:	46ab      	mov	fp, r5
10000e98:	189b      	adds	r3, r3, r2
10000e9a:	00db      	lsls	r3, r3, #3
10000e9c:	18c3      	adds	r3, r0, r3
10000e9e:	42b9      	cmp	r1, r7
10000ea0:	dc06      	bgt.n	10000eb0 <alarm_pool_irq_handler+0x188>
10000ea2:	d100      	bne.n	10000ea6 <alarm_pool_irq_handler+0x17e>
10000ea4:	e0b3      	b.n	1000100e <alarm_pool_irq_handler+0x2e6>
10000ea6:	001c      	movs	r4, r3
10000ea8:	2300      	movs	r3, #0
10000eaa:	5ee2      	ldrsh	r2, [r4, r3]
10000eac:	2a00      	cmp	r2, #0
10000eae:	daec      	bge.n	10000e8a <alarm_pool_irq_handler+0x162>
10000eb0:	0023      	movs	r3, r4
10000eb2:	4664      	mov	r4, ip
10000eb4:	469c      	mov	ip, r3
10000eb6:	4653      	mov	r3, sl
10000eb8:	801a      	strh	r2, [r3, #0]
10000eba:	4663      	mov	r3, ip
10000ebc:	9d05      	ldr	r5, [sp, #20]
10000ebe:	801d      	strh	r5, [r3, #0]
10000ec0:	88a3      	ldrh	r3, [r4, #4]
10000ec2:	b21b      	sxth	r3, r3
10000ec4:	2b00      	cmp	r3, #0
10000ec6:	da00      	bge.n	10000eca <alarm_pool_irq_handler+0x1a2>
10000ec8:	e751      	b.n	10000d6e <alarm_pool_irq_handler+0x46>
10000eca:	6922      	ldr	r2, [r4, #16]
10000ecc:	f3ef 8110 	mrs	r1, PRIMASK
10000ed0:	b672      	cpsid	i
10000ed2:	6813      	ldr	r3, [r2, #0]
10000ed4:	2b00      	cmp	r3, #0
10000ed6:	d0fc      	beq.n	10000ed2 <alarm_pool_irq_handler+0x1aa>
10000ed8:	f3bf 8f5f 	dmb	sy
10000edc:	2301      	movs	r3, #1
10000ede:	88a7      	ldrh	r7, [r4, #4]
10000ee0:	425b      	negs	r3, r3
10000ee2:	80a3      	strh	r3, [r4, #4]
10000ee4:	b23f      	sxth	r7, r7
10000ee6:	6923      	ldr	r3, [r4, #16]
10000ee8:	f3bf 8f5f 	dmb	sy
10000eec:	2200      	movs	r2, #0
10000eee:	601a      	str	r2, [r3, #0]
10000ef0:	f381 8810 	msr	PRIMASK, r1
10000ef4:	2f00      	cmp	r7, #0
10000ef6:	da00      	bge.n	10000efa <alarm_pool_irq_handler+0x1d2>
10000ef8:	e739      	b.n	10000d6e <alarm_pool_irq_handler+0x46>
10000efa:	0023      	movs	r3, r4
10000efc:	3308      	adds	r3, #8
10000efe:	0022      	movs	r2, r4
10000f00:	469a      	mov	sl, r3
10000f02:	6966      	ldr	r6, [r4, #20]
10000f04:	007b      	lsls	r3, r7, #1
10000f06:	19db      	adds	r3, r3, r7
10000f08:	00db      	lsls	r3, r3, #3
10000f0a:	18f3      	adds	r3, r6, r3
10000f0c:	6899      	ldr	r1, [r3, #8]
10000f0e:	4650      	mov	r0, sl
10000f10:	468c      	mov	ip, r1
10000f12:	2408      	movs	r4, #8
10000f14:	5f11      	ldrsh	r1, [r2, r4]
10000f16:	68dd      	ldr	r5, [r3, #12]
10000f18:	2900      	cmp	r1, #0
10000f1a:	db10      	blt.n	10000f3e <alarm_pool_irq_handler+0x216>
10000f1c:	9302      	str	r3, [sp, #8]
10000f1e:	e006      	b.n	10000f2e <alarm_pool_irq_handler+0x206>
10000f20:	42ab      	cmp	r3, r5
10000f22:	d044      	beq.n	10000fae <alarm_pool_irq_handler+0x286>
10000f24:	2300      	movs	r3, #0
10000f26:	5ee1      	ldrsh	r1, [r4, r3]
10000f28:	0020      	movs	r0, r4
10000f2a:	2900      	cmp	r1, #0
10000f2c:	db06      	blt.n	10000f3c <alarm_pool_irq_handler+0x214>
10000f2e:	004c      	lsls	r4, r1, #1
10000f30:	1864      	adds	r4, r4, r1
10000f32:	00e4      	lsls	r4, r4, #3
10000f34:	1934      	adds	r4, r6, r4
10000f36:	68e3      	ldr	r3, [r4, #12]
10000f38:	42ab      	cmp	r3, r5
10000f3a:	ddf1      	ble.n	10000f20 <alarm_pool_irq_handler+0x1f8>
10000f3c:	9b02      	ldr	r3, [sp, #8]
10000f3e:	8007      	strh	r7, [r0, #0]
10000f40:	2000      	movs	r0, #0
10000f42:	5e1f      	ldrsh	r7, [r3, r0]
10000f44:	8019      	strh	r1, [r3, #0]
10000f46:	2f00      	cmp	r7, #0
10000f48:	dadc      	bge.n	10000f04 <alarm_pool_irq_handler+0x1dc>
10000f4a:	0014      	movs	r4, r2
10000f4c:	79a3      	ldrb	r3, [r4, #6]
10000f4e:	2b00      	cmp	r3, #0
10000f50:	d100      	bne.n	10000f54 <alarm_pool_irq_handler+0x22c>
10000f52:	e710      	b.n	10000d76 <alarm_pool_irq_handler+0x4e>
10000f54:	2300      	movs	r3, #0
10000f56:	71a3      	strb	r3, [r4, #6]
10000f58:	0026      	movs	r6, r4
10000f5a:	2308      	movs	r3, #8
10000f5c:	5ee1      	ldrsh	r1, [r4, r3]
10000f5e:	3608      	adds	r6, #8
10000f60:	1c4b      	adds	r3, r1, #1
10000f62:	d100      	bne.n	10000f66 <alarm_pool_irq_handler+0x23e>
10000f64:	e72c      	b.n	10000dc0 <alarm_pool_irq_handler+0x98>
10000f66:	0008      	movs	r0, r1
10000f68:	46a2      	mov	sl, r4
10000f6a:	6965      	ldr	r5, [r4, #20]
10000f6c:	e002      	b.n	10000f74 <alarm_pool_irq_handler+0x24c>
10000f6e:	003e      	movs	r6, r7
10000f70:	1c4b      	adds	r3, r1, #1
10000f72:	d01a      	beq.n	10000faa <alarm_pool_irq_handler+0x282>
10000f74:	004b      	lsls	r3, r1, #1
10000f76:	185b      	adds	r3, r3, r1
10000f78:	00db      	lsls	r3, r3, #3
10000f7a:	18ef      	adds	r7, r5, r3
10000f7c:	000a      	movs	r2, r1
10000f7e:	468c      	mov	ip, r1
10000f80:	5ee9      	ldrsh	r1, [r5, r3]
10000f82:	887b      	ldrh	r3, [r7, #2]
10000f84:	b21b      	sxth	r3, r3
10000f86:	2b00      	cmp	r3, #0
10000f88:	daf1      	bge.n	10000f6e <alarm_pool_irq_handler+0x246>
10000f8a:	2301      	movs	r3, #1
10000f8c:	425b      	negs	r3, r3
10000f8e:	17dc      	asrs	r4, r3, #31
10000f90:	60bb      	str	r3, [r7, #8]
10000f92:	60fc      	str	r4, [r7, #12]
10000f94:	4282      	cmp	r2, r0
10000f96:	d005      	beq.n	10000fa4 <alarm_pool_irq_handler+0x27c>
10000f98:	4653      	mov	r3, sl
10000f9a:	8031      	strh	r1, [r6, #0]
10000f9c:	891b      	ldrh	r3, [r3, #8]
10000f9e:	803b      	strh	r3, [r7, #0]
10000fa0:	4653      	mov	r3, sl
10000fa2:	811a      	strh	r2, [r3, #8]
10000fa4:	4660      	mov	r0, ip
10000fa6:	1c4b      	adds	r3, r1, #1
10000fa8:	d1e4      	bne.n	10000f74 <alarm_pool_irq_handler+0x24c>
10000faa:	4654      	mov	r4, sl
10000fac:	e6e5      	b.n	10000d7a <alarm_pool_irq_handler+0x52>
10000fae:	68a3      	ldr	r3, [r4, #8]
10000fb0:	4563      	cmp	r3, ip
10000fb2:	d9b7      	bls.n	10000f24 <alarm_pool_irq_handler+0x1fc>
10000fb4:	e7c2      	b.n	10000f3c <alarm_pool_irq_handler+0x214>
10000fb6:	1c6b      	adds	r3, r5, #1
10000fb8:	d000      	beq.n	10000fbc <alarm_pool_irq_handler+0x294>
10000fba:	e6ea      	b.n	10000d92 <alarm_pool_irq_handler+0x6a>
10000fbc:	e6f8      	b.n	10000db0 <alarm_pool_irq_handler+0x88>
10000fbe:	465b      	mov	r3, fp
10000fc0:	4658      	mov	r0, fp
10000fc2:	691b      	ldr	r3, [r3, #16]
10000fc4:	4798      	blx	r3
10000fc6:	2800      	cmp	r0, #0
10000fc8:	d11b      	bne.n	10001002 <alarm_pool_irq_handler+0x2da>
10000fca:	4653      	mov	r3, sl
10000fcc:	881b      	ldrh	r3, [r3, #0]
10000fce:	6922      	ldr	r2, [r4, #16]
10000fd0:	8123      	strh	r3, [r4, #8]
10000fd2:	f3ef 8310 	mrs	r3, PRIMASK
10000fd6:	b672      	cpsid	i
10000fd8:	6811      	ldr	r1, [r2, #0]
10000fda:	2900      	cmp	r1, #0
10000fdc:	d0fc      	beq.n	10000fd8 <alarm_pool_irq_handler+0x2b0>
10000fde:	f3bf 8f5f 	dmb	sy
10000fe2:	4651      	mov	r1, sl
10000fe4:	8862      	ldrh	r2, [r4, #2]
10000fe6:	800a      	strh	r2, [r1, #0]
10000fe8:	6922      	ldr	r2, [r4, #16]
10000fea:	8065      	strh	r5, [r4, #2]
10000fec:	f3bf 8f5f 	dmb	sy
10000ff0:	2100      	movs	r1, #0
10000ff2:	6011      	str	r1, [r2, #0]
10000ff4:	f383 8810 	msr	PRIMASK, r3
10000ff8:	e6b4      	b.n	10000d64 <alarm_pool_irq_handler+0x3c>
10000ffa:	4286      	cmp	r6, r0
10000ffc:	d800      	bhi.n	10001000 <alarm_pool_irq_handler+0x2d8>
10000ffe:	e6f8      	b.n	10000df2 <alarm_pool_irq_handler+0xca>
10001000:	e6b0      	b.n	10000d64 <alarm_pool_irq_handler+0x3c>
10001002:	465b      	mov	r3, fp
10001004:	681a      	ldr	r2, [r3, #0]
10001006:	685b      	ldr	r3, [r3, #4]
10001008:	9200      	str	r2, [sp, #0]
1000100a:	9301      	str	r3, [sp, #4]
1000100c:	e707      	b.n	10000e1e <alarm_pool_irq_handler+0xf6>
1000100e:	45b3      	cmp	fp, r6
10001010:	d800      	bhi.n	10001014 <alarm_pool_irq_handler+0x2ec>
10001012:	e748      	b.n	10000ea6 <alarm_pool_irq_handler+0x17e>
10001014:	e74c      	b.n	10000eb0 <alarm_pool_irq_handler+0x188>
10001016:	46c0      	nop			@ (mov r8, r8)
10001018:	20001d40 	.word	0x20001d40
1000101c:	4005703c 	.word	0x4005703c
10001020:	10000d29 	.word	0x10000d29
10001024:	40054000 	.word	0x40054000

10001028 <runtime_init_default_alarm_pool>:
10001028:	b570      	push	{r4, r5, r6, lr}
1000102a:	4c2e      	ldr	r4, [pc, #184]	@ (100010e4 <runtime_init_default_alarm_pool+0xbc>)
1000102c:	6925      	ldr	r5, [r4, #16]
1000102e:	2d00      	cmp	r5, #0
10001030:	d004      	beq.n	1000103c <runtime_init_default_alarm_pool+0x14>
10001032:	210a      	movs	r1, #10
10001034:	482c      	ldr	r0, [pc, #176]	@ (100010e8 <runtime_init_default_alarm_pool+0xc0>)
10001036:	f7ff fe13 	bl	10000c60 <lock_init>
1000103a:	bd70      	pop	{r4, r5, r6, pc}
1000103c:	4e2b      	ldr	r6, [pc, #172]	@ (100010ec <runtime_init_default_alarm_pool+0xc4>)
1000103e:	2103      	movs	r1, #3
10001040:	0030      	movs	r0, r6
10001042:	f000 f977 	bl	10001334 <timer_hardware_alarm_claim>
10001046:	60e6      	str	r6, [r4, #12]
10001048:	f7ff fb52 	bl	100006f0 <next_striped_spin_lock_num>
1000104c:	4b28      	ldr	r3, [pc, #160]	@ (100010f0 <runtime_init_default_alarm_pool+0xc8>)
1000104e:	2203      	movs	r2, #3
10001050:	469c      	mov	ip, r3
10001052:	23d0      	movs	r3, #208	@ 0xd0
10001054:	7022      	strb	r2, [r4, #0]
10001056:	061b      	lsls	r3, r3, #24
10001058:	681b      	ldr	r3, [r3, #0]
1000105a:	2101      	movs	r1, #1
1000105c:	7063      	strb	r3, [r4, #1]
1000105e:	4b25      	ldr	r3, [pc, #148]	@ (100010f4 <runtime_init_default_alarm_pool+0xcc>)
10001060:	4460      	add	r0, ip
10001062:	60a3      	str	r3, [r4, #8]
10001064:	230f      	movs	r3, #15
10001066:	0080      	lsls	r0, r0, #2
10001068:	6120      	str	r0, [r4, #16]
1000106a:	2002      	movs	r0, #2
1000106c:	8063      	strh	r3, [r4, #2]
1000106e:	6963      	ldr	r3, [r4, #20]
10001070:	4249      	negs	r1, r1
10001072:	80a1      	strh	r1, [r4, #4]
10001074:	8019      	strh	r1, [r3, #0]
10001076:	3102      	adds	r1, #2
10001078:	8619      	strh	r1, [r3, #48]	@ 0x30
1000107a:	3147      	adds	r1, #71	@ 0x47
1000107c:	831d      	strh	r5, [r3, #24]
1000107e:	5258      	strh	r0, [r3, r1]
10001080:	3118      	adds	r1, #24
10001082:	525a      	strh	r2, [r3, r1]
10001084:	3275      	adds	r2, #117	@ 0x75
10001086:	395c      	subs	r1, #92	@ 0x5c
10001088:	5299      	strh	r1, [r3, r2]
1000108a:	3218      	adds	r2, #24
1000108c:	3101      	adds	r1, #1
1000108e:	5299      	strh	r1, [r3, r2]
10001090:	3218      	adds	r2, #24
10001092:	3101      	adds	r1, #1
10001094:	5299      	strh	r1, [r3, r2]
10001096:	3218      	adds	r2, #24
10001098:	3101      	adds	r1, #1
1000109a:	5299      	strh	r1, [r3, r2]
1000109c:	3508      	adds	r5, #8
1000109e:	3218      	adds	r2, #24
100010a0:	529d      	strh	r5, [r3, r2]
100010a2:	3102      	adds	r1, #2
100010a4:	3218      	adds	r2, #24
100010a6:	5299      	strh	r1, [r3, r2]
100010a8:	3218      	adds	r2, #24
100010aa:	3101      	adds	r1, #1
100010ac:	5299      	strh	r1, [r3, r2]
100010ae:	3218      	adds	r2, #24
100010b0:	3101      	adds	r1, #1
100010b2:	5299      	strh	r1, [r3, r2]
100010b4:	3218      	adds	r2, #24
100010b6:	3101      	adds	r1, #1
100010b8:	5299      	strh	r1, [r3, r2]
100010ba:	3218      	adds	r2, #24
100010bc:	3101      	adds	r1, #1
100010be:	5299      	strh	r1, [r3, r2]
100010c0:	3218      	adds	r2, #24
100010c2:	3101      	adds	r1, #1
100010c4:	5299      	strh	r1, [r3, r2]
100010c6:	4b0c      	ldr	r3, [pc, #48]	@ (100010f8 <runtime_init_default_alarm_pool+0xd0>)
100010c8:	490c      	ldr	r1, [pc, #48]	@ (100010fc <runtime_init_default_alarm_pool+0xd4>)
100010ca:	60dc      	str	r4, [r3, #12]
100010cc:	3001      	adds	r0, #1
100010ce:	6235      	str	r5, [r6, #32]
100010d0:	f7ff fb5e 	bl	10000790 <irq_set_exclusive_handler>
100010d4:	2101      	movs	r1, #1
100010d6:	2003      	movs	r0, #3
100010d8:	f7ff fb48 	bl	1000076c <irq_set_enabled>
100010dc:	4b08      	ldr	r3, [pc, #32]	@ (10001100 <runtime_init_default_alarm_pool+0xd8>)
100010de:	601d      	str	r5, [r3, #0]
100010e0:	e7a7      	b.n	10001032 <runtime_init_default_alarm_pool+0xa>
100010e2:	46c0      	nop			@ (mov r8, r8)
100010e4:	2000101c 	.word	0x2000101c
100010e8:	20001d5c 	.word	0x20001d5c
100010ec:	40054000 	.word	0x40054000
100010f0:	34000040 	.word	0x34000040
100010f4:	0010ffff 	.word	0x0010ffff
100010f8:	20001d40 	.word	0x20001d40
100010fc:	10000d29 	.word	0x10000d29
10001100:	40056038 	.word	0x40056038

10001104 <alarm_pool_add_alarm_at_force_in_context>:
10001104:	b570      	push	{r4, r5, r6, lr}
10001106:	0001      	movs	r1, r0
10001108:	6904      	ldr	r4, [r0, #16]
1000110a:	f3ef 8c10 	mrs	ip, PRIMASK
1000110e:	b672      	cpsid	i
10001110:	6820      	ldr	r0, [r4, #0]
10001112:	2800      	cmp	r0, #0
10001114:	d0fc      	beq.n	10001110 <alarm_pool_add_alarm_at_force_in_context+0xc>
10001116:	f3bf 8f5f 	dmb	sy
1000111a:	2002      	movs	r0, #2
1000111c:	5e0d      	ldrsh	r5, [r1, r0]
1000111e:	694c      	ldr	r4, [r1, #20]
10001120:	0068      	lsls	r0, r5, #1
10001122:	1940      	adds	r0, r0, r5
10001124:	00c0      	lsls	r0, r0, #3
10001126:	1824      	adds	r4, r4, r0
10001128:	6908      	ldr	r0, [r1, #16]
1000112a:	2d00      	cmp	r5, #0
1000112c:	db36      	blt.n	1000119c <alarm_pool_add_alarm_at_force_in_context+0x98>
1000112e:	8826      	ldrh	r6, [r4, #0]
10001130:	804e      	strh	r6, [r1, #2]
10001132:	f3bf 8f5f 	dmb	sy
10001136:	2600      	movs	r6, #0
10001138:	6006      	str	r6, [r0, #0]
1000113a:	f38c 8810 	msr	PRIMASK, ip
1000113e:	60e3      	str	r3, [r4, #12]
10001140:	8863      	ldrh	r3, [r4, #2]
10001142:	9804      	ldr	r0, [sp, #16]
10001144:	3301      	adds	r3, #1
10001146:	6120      	str	r0, [r4, #16]
10001148:	045b      	lsls	r3, r3, #17
1000114a:	9805      	ldr	r0, [sp, #20]
1000114c:	0c5b      	lsrs	r3, r3, #17
1000114e:	60a2      	str	r2, [r4, #8]
10001150:	6160      	str	r0, [r4, #20]
10001152:	1c1a      	adds	r2, r3, #0
10001154:	2b00      	cmp	r3, #0
10001156:	d01f      	beq.n	10001198 <alarm_pool_add_alarm_at_force_in_context+0x94>
10001158:	b293      	uxth	r3, r2
1000115a:	0428      	lsls	r0, r5, #16
1000115c:	8062      	strh	r2, [r4, #2]
1000115e:	4318      	orrs	r0, r3
10001160:	690a      	ldr	r2, [r1, #16]
10001162:	f3ef 8c10 	mrs	ip, PRIMASK
10001166:	b672      	cpsid	i
10001168:	6813      	ldr	r3, [r2, #0]
1000116a:	2b00      	cmp	r3, #0
1000116c:	d0fc      	beq.n	10001168 <alarm_pool_add_alarm_at_force_in_context+0x64>
1000116e:	f3bf 8f5f 	dmb	sy
10001172:	888b      	ldrh	r3, [r1, #4]
10001174:	8023      	strh	r3, [r4, #0]
10001176:	808d      	strh	r5, [r1, #4]
10001178:	690b      	ldr	r3, [r1, #16]
1000117a:	f3bf 8f5f 	dmb	sy
1000117e:	2200      	movs	r2, #0
10001180:	601a      	str	r2, [r3, #0]
10001182:	f38c 8810 	msr	PRIMASK, ip
10001186:	780b      	ldrb	r3, [r1, #0]
10001188:	3201      	adds	r2, #1
1000118a:	409a      	lsls	r2, r3
1000118c:	68cb      	ldr	r3, [r1, #12]
1000118e:	4908      	ldr	r1, [pc, #32]	@ (100011b0 <alarm_pool_add_alarm_at_force_in_context+0xac>)
10001190:	468c      	mov	ip, r1
10001192:	4463      	add	r3, ip
10001194:	601a      	str	r2, [r3, #0]
10001196:	bd70      	pop	{r4, r5, r6, pc}
10001198:	2201      	movs	r2, #1
1000119a:	e7dd      	b.n	10001158 <alarm_pool_add_alarm_at_force_in_context+0x54>
1000119c:	f3bf 8f5f 	dmb	sy
100011a0:	2300      	movs	r3, #0
100011a2:	6003      	str	r3, [r0, #0]
100011a4:	f38c 8810 	msr	PRIMASK, ip
100011a8:	2001      	movs	r0, #1
100011aa:	4240      	negs	r0, r0
100011ac:	e7f3      	b.n	10001196 <alarm_pool_add_alarm_at_force_in_context+0x92>
100011ae:	46c0      	nop			@ (mov r8, r8)
100011b0:	0000203c 	.word	0x0000203c

100011b4 <alarm_pool_cancel_alarm>:
100011b4:	b510      	push	{r4, lr}
100011b6:	8943      	ldrh	r3, [r0, #10]
100011b8:	140a      	asrs	r2, r1, #16
100011ba:	4293      	cmp	r3, r2
100011bc:	dd1a      	ble.n	100011f4 <alarm_pool_cancel_alarm+0x40>
100011be:	0053      	lsls	r3, r2, #1
100011c0:	189b      	adds	r3, r3, r2
100011c2:	6942      	ldr	r2, [r0, #20]
100011c4:	00db      	lsls	r3, r3, #3
100011c6:	18d3      	adds	r3, r2, r3
100011c8:	6904      	ldr	r4, [r0, #16]
100011ca:	f3ef 8c10 	mrs	ip, PRIMASK
100011ce:	b672      	cpsid	i
100011d0:	6822      	ldr	r2, [r4, #0]
100011d2:	2a00      	cmp	r2, #0
100011d4:	d0fc      	beq.n	100011d0 <alarm_pool_cancel_alarm+0x1c>
100011d6:	f3bf 8f5f 	dmb	sy
100011da:	885a      	ldrh	r2, [r3, #2]
100011dc:	0409      	lsls	r1, r1, #16
100011de:	b294      	uxth	r4, r2
100011e0:	0c09      	lsrs	r1, r1, #16
100011e2:	428a      	cmp	r2, r1
100011e4:	d008      	beq.n	100011f8 <alarm_pool_cancel_alarm+0x44>
100011e6:	6903      	ldr	r3, [r0, #16]
100011e8:	f3bf 8f5f 	dmb	sy
100011ec:	2200      	movs	r2, #0
100011ee:	601a      	str	r2, [r3, #0]
100011f0:	f38c 8810 	msr	PRIMASK, ip
100011f4:	2000      	movs	r0, #0
100011f6:	bd10      	pop	{r4, pc}
100011f8:	2280      	movs	r2, #128	@ 0x80
100011fa:	0212      	lsls	r2, r2, #8
100011fc:	4314      	orrs	r4, r2
100011fe:	805c      	strh	r4, [r3, #2]
10001200:	2301      	movs	r3, #1
10001202:	6902      	ldr	r2, [r0, #16]
10001204:	7183      	strb	r3, [r0, #6]
10001206:	f3bf 8f5f 	dmb	sy
1000120a:	2100      	movs	r1, #0
1000120c:	6011      	str	r1, [r2, #0]
1000120e:	f38c 8810 	msr	PRIMASK, ip
10001212:	4904      	ldr	r1, [pc, #16]	@ (10001224 <alarm_pool_cancel_alarm+0x70>)
10001214:	7802      	ldrb	r2, [r0, #0]
10001216:	468c      	mov	ip, r1
10001218:	4093      	lsls	r3, r2
1000121a:	68c2      	ldr	r2, [r0, #12]
1000121c:	2001      	movs	r0, #1
1000121e:	4462      	add	r2, ip
10001220:	6013      	str	r3, [r2, #0]
10001222:	e7e8      	b.n	100011f6 <alarm_pool_cancel_alarm+0x42>
10001224:	0000203c 	.word	0x0000203c

10001228 <best_effort_wfe_or_timeout>:
10001228:	b5f0      	push	{r4, r5, r6, r7, lr}
1000122a:	4657      	mov	r7, sl
1000122c:	464e      	mov	r6, r9
1000122e:	46de      	mov	lr, fp
10001230:	4645      	mov	r5, r8
10001232:	b5e0      	push	{r5, r6, r7, lr}
10001234:	0006      	movs	r6, r0
10001236:	000f      	movs	r7, r1
10001238:	b085      	sub	sp, #20
1000123a:	f3ef 8305 	mrs	r3, IPSR
1000123e:	4699      	mov	r9, r3
10001240:	468b      	mov	fp, r1
10001242:	2b00      	cmp	r3, #0
10001244:	d012      	beq.n	1000126c <best_effort_wfe_or_timeout+0x44>
10001246:	4938      	ldr	r1, [pc, #224]	@ (10001328 <best_effort_wfe_or_timeout+0x100>)
10001248:	2000      	movs	r0, #0
1000124a:	6a4b      	ldr	r3, [r1, #36]	@ 0x24
1000124c:	42bb      	cmp	r3, r7
1000124e:	d306      	bcc.n	1000125e <best_effort_wfe_or_timeout+0x36>
10001250:	6a8a      	ldr	r2, [r1, #40]	@ 0x28
10001252:	1bdb      	subs	r3, r3, r7
10001254:	1e59      	subs	r1, r3, #1
10001256:	418b      	sbcs	r3, r1
10001258:	42b2      	cmp	r2, r6
1000125a:	4140      	adcs	r0, r0
1000125c:	4318      	orrs	r0, r3
1000125e:	b005      	add	sp, #20
10001260:	bcf0      	pop	{r4, r5, r6, r7}
10001262:	46bb      	mov	fp, r7
10001264:	46b2      	mov	sl, r6
10001266:	46a9      	mov	r9, r5
10001268:	46a0      	mov	r8, r4
1000126a:	bdf0      	pop	{r4, r5, r6, r7, pc}
1000126c:	4b2f      	ldr	r3, [pc, #188]	@ (1000132c <best_effort_wfe_or_timeout+0x104>)
1000126e:	469a      	mov	sl, r3
10001270:	68db      	ldr	r3, [r3, #12]
10001272:	4698      	mov	r8, r3
10001274:	4653      	mov	r3, sl
10001276:	781b      	ldrb	r3, [r3, #0]
10001278:	4640      	mov	r0, r8
1000127a:	9303      	str	r3, [sp, #12]
1000127c:	f000 f864 	bl	10001348 <timer_time_us_64>
10001280:	4642      	mov	r2, r8
10001282:	9b03      	ldr	r3, [sp, #12]
10001284:	0004      	movs	r4, r0
10001286:	3304      	adds	r3, #4
10001288:	009b      	lsls	r3, r3, #2
1000128a:	589b      	ldr	r3, [r3, r2]
1000128c:	000d      	movs	r5, r1
1000128e:	1a1b      	subs	r3, r3, r0
10001290:	0039      	movs	r1, r7
10001292:	0030      	movs	r0, r6
10001294:	1b00      	subs	r0, r0, r4
10001296:	41a9      	sbcs	r1, r5
10001298:	4589      	cmp	r9, r1
1000129a:	dc10      	bgt.n	100012be <best_effort_wfe_or_timeout+0x96>
1000129c:	d00d      	beq.n	100012ba <best_effort_wfe_or_timeout+0x92>
1000129e:	bf20      	wfe
100012a0:	4a21      	ldr	r2, [pc, #132]	@ (10001328 <best_effort_wfe_or_timeout+0x100>)
100012a2:	2000      	movs	r0, #0
100012a4:	6a53      	ldr	r3, [r2, #36]	@ 0x24
100012a6:	455b      	cmp	r3, fp
100012a8:	d3d9      	bcc.n	1000125e <best_effort_wfe_or_timeout+0x36>
100012aa:	6a92      	ldr	r2, [r2, #40]	@ 0x28
100012ac:	1bdb      	subs	r3, r3, r7
100012ae:	1e59      	subs	r1, r3, #1
100012b0:	418b      	sbcs	r3, r1
100012b2:	42b2      	cmp	r2, r6
100012b4:	4140      	adcs	r0, r0
100012b6:	4318      	orrs	r0, r3
100012b8:	e7d1      	b.n	1000125e <best_effort_wfe_or_timeout+0x36>
100012ba:	4283      	cmp	r3, r0
100012bc:	d9ef      	bls.n	1000129e <best_effort_wfe_or_timeout+0x76>
100012be:	f000 f84b 	bl	10001358 <time_us_64>
100012c2:	0032      	movs	r2, r6
100012c4:	003b      	movs	r3, r7
100012c6:	1a12      	subs	r2, r2, r0
100012c8:	418b      	sbcs	r3, r1
100012ca:	2b00      	cmp	r3, #0
100012cc:	db1a      	blt.n	10001304 <best_effort_wfe_or_timeout+0xdc>
100012ce:	2300      	movs	r3, #0
100012d0:	9301      	str	r3, [sp, #4]
100012d2:	4b17      	ldr	r3, [pc, #92]	@ (10001330 <best_effort_wfe_or_timeout+0x108>)
100012d4:	0032      	movs	r2, r6
100012d6:	9300      	str	r3, [sp, #0]
100012d8:	4650      	mov	r0, sl
100012da:	003b      	movs	r3, r7
100012dc:	f7ff ff12 	bl	10001104 <alarm_pool_add_alarm_at_force_in_context>
100012e0:	1e01      	subs	r1, r0, #0
100012e2:	dd0f      	ble.n	10001304 <best_effort_wfe_or_timeout+0xdc>
100012e4:	4b10      	ldr	r3, [pc, #64]	@ (10001328 <best_effort_wfe_or_timeout+0x100>)
100012e6:	6a5a      	ldr	r2, [r3, #36]	@ 0x24
100012e8:	455a      	cmp	r2, fp
100012ea:	d31b      	bcc.n	10001324 <best_effort_wfe_or_timeout+0xfc>
100012ec:	6a9b      	ldr	r3, [r3, #40]	@ 0x28
100012ee:	42b3      	cmp	r3, r6
100012f0:	d316      	bcc.n	10001320 <best_effort_wfe_or_timeout+0xf8>
100012f2:	4650      	mov	r0, sl
100012f4:	f7ff ff5e 	bl	100011b4 <alarm_pool_cancel_alarm>
100012f8:	4a0b      	ldr	r2, [pc, #44]	@ (10001328 <best_effort_wfe_or_timeout+0x100>)
100012fa:	2000      	movs	r0, #0
100012fc:	6a53      	ldr	r3, [r2, #36]	@ 0x24
100012fe:	455b      	cmp	r3, fp
10001300:	d3ad      	bcc.n	1000125e <best_effort_wfe_or_timeout+0x36>
10001302:	e7d2      	b.n	100012aa <best_effort_wfe_or_timeout+0x82>
10001304:	4a08      	ldr	r2, [pc, #32]	@ (10001328 <best_effort_wfe_or_timeout+0x100>)
10001306:	2000      	movs	r0, #0
10001308:	6a53      	ldr	r3, [r2, #36]	@ 0x24
1000130a:	455b      	cmp	r3, fp
1000130c:	d3a7      	bcc.n	1000125e <best_effort_wfe_or_timeout+0x36>
1000130e:	2000      	movs	r0, #0
10001310:	6a92      	ldr	r2, [r2, #40]	@ 0x28
10001312:	1bdb      	subs	r3, r3, r7
10001314:	42b2      	cmp	r2, r6
10001316:	4140      	adcs	r0, r0
10001318:	1e5a      	subs	r2, r3, #1
1000131a:	4193      	sbcs	r3, r2
1000131c:	4318      	orrs	r0, r3
1000131e:	e79e      	b.n	1000125e <best_effort_wfe_or_timeout+0x36>
10001320:	455a      	cmp	r2, fp
10001322:	d1e6      	bne.n	100012f2 <best_effort_wfe_or_timeout+0xca>
10001324:	bf20      	wfe
10001326:	e7e4      	b.n	100012f2 <best_effort_wfe_or_timeout+0xca>
10001328:	40054000 	.word	0x40054000
1000132c:	2000101c 	.word	0x2000101c
10001330:	10000cf9 	.word	0x10000cf9

10001334 <timer_hardware_alarm_claim>:
10001334:	b510      	push	{r4, lr}
10001336:	4a02      	ldr	r2, [pc, #8]	@ (10001340 <timer_hardware_alarm_claim+0xc>)
10001338:	4802      	ldr	r0, [pc, #8]	@ (10001344 <timer_hardware_alarm_claim+0x10>)
1000133a:	f7ff f973 	bl	10000624 <hw_claim_or_assert>
1000133e:	bd10      	pop	{r4, pc}
10001340:	10006ab4 	.word	0x10006ab4
10001344:	200018dc 	.word	0x200018dc

10001348 <timer_time_us_64>:
10001348:	0003      	movs	r3, r0
1000134a:	6a41      	ldr	r1, [r0, #36]	@ 0x24
1000134c:	000a      	movs	r2, r1
1000134e:	6a98      	ldr	r0, [r3, #40]	@ 0x28
10001350:	6a59      	ldr	r1, [r3, #36]	@ 0x24
10001352:	428a      	cmp	r2, r1
10001354:	d1fa      	bne.n	1000134c <timer_time_us_64+0x4>
10001356:	4770      	bx	lr

10001358 <time_us_64>:
10001358:	4b03      	ldr	r3, [pc, #12]	@ (10001368 <time_us_64+0x10>)
1000135a:	6a59      	ldr	r1, [r3, #36]	@ 0x24
1000135c:	000a      	movs	r2, r1
1000135e:	6a98      	ldr	r0, [r3, #40]	@ 0x28
10001360:	6a59      	ldr	r1, [r3, #36]	@ 0x24
10001362:	4291      	cmp	r1, r2
10001364:	d1fa      	bne.n	1000135c <time_us_64+0x4>
10001366:	4770      	bx	lr
10001368:	40054000 	.word	0x40054000

1000136c <busy_wait_us>:
1000136c:	b570      	push	{r4, r5, r6, lr}
1000136e:	0004      	movs	r4, r0
10001370:	000d      	movs	r5, r1
10001372:	4a17      	ldr	r2, [pc, #92]	@ (100013d0 <busy_wait_us+0x64>)
10001374:	6a53      	ldr	r3, [r2, #36]	@ 0x24
10001376:	0019      	movs	r1, r3
10001378:	6a96      	ldr	r6, [r2, #40]	@ 0x28
1000137a:	6a53      	ldr	r3, [r2, #36]	@ 0x24
1000137c:	428b      	cmp	r3, r1
1000137e:	d1fa      	bne.n	10001376 <busy_wait_us+0xa>
10001380:	0030      	movs	r0, r6
10001382:	0019      	movs	r1, r3
10001384:	1824      	adds	r4, r4, r0
10001386:	414d      	adcs	r5, r1
10001388:	42ab      	cmp	r3, r5
1000138a:	d816      	bhi.n	100013ba <busy_wait_us+0x4e>
1000138c:	d013      	beq.n	100013b6 <busy_wait_us+0x4a>
1000138e:	4b10      	ldr	r3, [pc, #64]	@ (100013d0 <busy_wait_us+0x64>)
10001390:	002a      	movs	r2, r5
10001392:	6a5b      	ldr	r3, [r3, #36]	@ 0x24
10001394:	429d      	cmp	r5, r3
10001396:	d903      	bls.n	100013a0 <busy_wait_us+0x34>
10001398:	490d      	ldr	r1, [pc, #52]	@ (100013d0 <busy_wait_us+0x64>)
1000139a:	6a4b      	ldr	r3, [r1, #36]	@ 0x24
1000139c:	4293      	cmp	r3, r2
1000139e:	d3fc      	bcc.n	1000139a <busy_wait_us+0x2e>
100013a0:	4293      	cmp	r3, r2
100013a2:	d107      	bne.n	100013b4 <busy_wait_us+0x48>
100013a4:	4a0a      	ldr	r2, [pc, #40]	@ (100013d0 <busy_wait_us+0x64>)
100013a6:	e002      	b.n	100013ae <busy_wait_us+0x42>
100013a8:	6a51      	ldr	r1, [r2, #36]	@ 0x24
100013aa:	4299      	cmp	r1, r3
100013ac:	d102      	bne.n	100013b4 <busy_wait_us+0x48>
100013ae:	6a91      	ldr	r1, [r2, #40]	@ 0x28
100013b0:	42a1      	cmp	r1, r4
100013b2:	d3f9      	bcc.n	100013a8 <busy_wait_us+0x3c>
100013b4:	bd70      	pop	{r4, r5, r6, pc}
100013b6:	42a6      	cmp	r6, r4
100013b8:	d9e9      	bls.n	1000138e <busy_wait_us+0x22>
100013ba:	4b05      	ldr	r3, [pc, #20]	@ (100013d0 <busy_wait_us+0x64>)
100013bc:	6a5b      	ldr	r3, [r3, #36]	@ 0x24
100013be:	001c      	movs	r4, r3
100013c0:	1c5a      	adds	r2, r3, #1
100013c2:	d0ef      	beq.n	100013a4 <busy_wait_us+0x38>
100013c4:	2201      	movs	r2, #1
100013c6:	2401      	movs	r4, #1
100013c8:	4264      	negs	r4, r4
100013ca:	17e5      	asrs	r5, r4, #31
100013cc:	4252      	negs	r2, r2
100013ce:	e7e3      	b.n	10001398 <busy_wait_us+0x2c>
100013d0:	40054000 	.word	0x40054000

100013d4 <uart_init>:
100013d4:	b5f8      	push	{r3, r4, r5, r6, r7, lr}
100013d6:	0004      	movs	r4, r0
100013d8:	2006      	movs	r0, #6
100013da:	000d      	movs	r5, r1
100013dc:	f000 f978 	bl	100016d0 <clock_get_hz>
100013e0:	2800      	cmp	r0, #0
100013e2:	d044      	beq.n	1000146e <uart_init+0x9a>
100013e4:	4b37      	ldr	r3, [pc, #220]	@ (100014c4 <uart_init+0xf0>)
100013e6:	4938      	ldr	r1, [pc, #224]	@ (100014c8 <uart_init+0xf4>)
100013e8:	18e3      	adds	r3, r4, r3
100013ea:	1e5a      	subs	r2, r3, #1
100013ec:	4193      	sbcs	r3, r2
100013ee:	2280      	movs	r2, #128	@ 0x80
100013f0:	0412      	lsls	r2, r2, #16
100013f2:	4694      	mov	ip, r2
100013f4:	425b      	negs	r3, r3
100013f6:	0d9b      	lsrs	r3, r3, #22
100013f8:	4a34      	ldr	r2, [pc, #208]	@ (100014cc <uart_init+0xf8>)
100013fa:	059b      	lsls	r3, r3, #22
100013fc:	4463      	add	r3, ip
100013fe:	6013      	str	r3, [r2, #0]
10001400:	4a33      	ldr	r2, [pc, #204]	@ (100014d0 <uart_init+0xfc>)
10001402:	6013      	str	r3, [r2, #0]
10001404:	0018      	movs	r0, r3
10001406:	680a      	ldr	r2, [r1, #0]
10001408:	4390      	bics	r0, r2
1000140a:	d1fb      	bne.n	10001404 <uart_init+0x30>
1000140c:	4b2d      	ldr	r3, [pc, #180]	@ (100014c4 <uart_init+0xf0>)
1000140e:	4a31      	ldr	r2, [pc, #196]	@ (100014d4 <uart_init+0x100>)
10001410:	18e3      	adds	r3, r4, r3
10001412:	4259      	negs	r1, r3
10001414:	414b      	adcs	r3, r1
10001416:	2180      	movs	r1, #128	@ 0x80
10001418:	005b      	lsls	r3, r3, #1
1000141a:	0049      	lsls	r1, r1, #1
1000141c:	2006      	movs	r0, #6
1000141e:	5299      	strh	r1, [r3, r2]
10001420:	f000 f956 	bl	100016d0 <clock_get_hz>
10001424:	0029      	movs	r1, r5
10001426:	00c0      	lsls	r0, r0, #3
10001428:	f000 fb4c 	bl	10001ac4 <__wrap___aeabi_uidiv>
1000142c:	3001      	adds	r0, #1
1000142e:	09c3      	lsrs	r3, r0, #7
10001430:	d11e      	bne.n	10001470 <uart_init+0x9c>
10001432:	2740      	movs	r7, #64	@ 0x40
10001434:	2201      	movs	r2, #1
10001436:	6262      	str	r2, [r4, #36]	@ 0x24
10001438:	62a3      	str	r3, [r4, #40]	@ 0x28
1000143a:	6b26      	ldr	r6, [r4, #48]	@ 0x30
1000143c:	07f3      	lsls	r3, r6, #31
1000143e:	d422      	bmi.n	10001486 <uart_init+0xb2>
10001440:	6ae3      	ldr	r3, [r4, #44]	@ 0x2c
10001442:	4b25      	ldr	r3, [pc, #148]	@ (100014d8 <uart_init+0x104>)
10001444:	2006      	movs	r0, #6
10001446:	18e5      	adds	r5, r4, r3
10001448:	2300      	movs	r3, #0
1000144a:	602b      	str	r3, [r5, #0]
1000144c:	6326      	str	r6, [r4, #48]	@ 0x30
1000144e:	f000 f93f 	bl	100016d0 <clock_get_hz>
10001452:	0039      	movs	r1, r7
10001454:	0080      	lsls	r0, r0, #2
10001456:	f000 fb35 	bl	10001ac4 <__wrap___aeabi_uidiv>
1000145a:	2370      	movs	r3, #112	@ 0x70
1000145c:	6ae2      	ldr	r2, [r4, #44]	@ 0x2c
1000145e:	405a      	eors	r2, r3
10001460:	330e      	adds	r3, #14
10001462:	4013      	ands	r3, r2
10001464:	602b      	str	r3, [r5, #0]
10001466:	4b1d      	ldr	r3, [pc, #116]	@ (100014dc <uart_init+0x108>)
10001468:	6323      	str	r3, [r4, #48]	@ 0x30
1000146a:	2303      	movs	r3, #3
1000146c:	64a3      	str	r3, [r4, #72]	@ 0x48
1000146e:	bdf8      	pop	{r3, r4, r5, r6, r7, pc}
10001470:	4a1b      	ldr	r2, [pc, #108]	@ (100014e0 <uart_init+0x10c>)
10001472:	4293      	cmp	r3, r2
10001474:	d91e      	bls.n	100014b4 <uart_init+0xe0>
10001476:	2300      	movs	r3, #0
10001478:	4a1a      	ldr	r2, [pc, #104]	@ (100014e4 <uart_init+0x110>)
1000147a:	4f1b      	ldr	r7, [pc, #108]	@ (100014e8 <uart_init+0x114>)
1000147c:	6262      	str	r2, [r4, #36]	@ 0x24
1000147e:	62a3      	str	r3, [r4, #40]	@ 0x28
10001480:	6b26      	ldr	r6, [r4, #48]	@ 0x30
10001482:	07f3      	lsls	r3, r6, #31
10001484:	d5dc      	bpl.n	10001440 <uart_init+0x6c>
10001486:	4b19      	ldr	r3, [pc, #100]	@ (100014ec <uart_init+0x118>)
10001488:	4a14      	ldr	r2, [pc, #80]	@ (100014dc <uart_init+0x108>)
1000148a:	18e3      	adds	r3, r4, r3
1000148c:	601a      	str	r2, [r3, #0]
1000148e:	6a65      	ldr	r5, [r4, #36]	@ 0x24
10001490:	6aa3      	ldr	r3, [r4, #40]	@ 0x28
10001492:	2006      	movs	r0, #6
10001494:	01ad      	lsls	r5, r5, #6
10001496:	18ed      	adds	r5, r5, r3
10001498:	f000 f91a 	bl	100016d0 <clock_get_hz>
1000149c:	4914      	ldr	r1, [pc, #80]	@ (100014f0 <uart_init+0x11c>)
1000149e:	f000 fb11 	bl	10001ac4 <__wrap___aeabi_uidiv>
100014a2:	02ad      	lsls	r5, r5, #10
100014a4:	0001      	movs	r1, r0
100014a6:	0028      	movs	r0, r5
100014a8:	f000 fb0c 	bl	10001ac4 <__wrap___aeabi_uidiv>
100014ac:	2100      	movs	r1, #0
100014ae:	f7ff ff5d 	bl	1000136c <busy_wait_us>
100014b2:	e7c5      	b.n	10001440 <uart_init+0x6c>
100014b4:	0640      	lsls	r0, r0, #25
100014b6:	0e80      	lsrs	r0, r0, #26
100014b8:	019f      	lsls	r7, r3, #6
100014ba:	001a      	movs	r2, r3
100014bc:	183f      	adds	r7, r7, r0
100014be:	0003      	movs	r3, r0
100014c0:	e7b9      	b.n	10001436 <uart_init+0x62>
100014c2:	46c0      	nop			@ (mov r8, r8)
100014c4:	bffc8000 	.word	0xbffc8000
100014c8:	4000c008 	.word	0x4000c008
100014cc:	4000e000 	.word	0x4000e000
100014d0:	4000f000 	.word	0x4000f000
100014d4:	20001d64 	.word	0x20001d64
100014d8:	0000102c 	.word	0x0000102c
100014dc:	00000301 	.word	0x00000301
100014e0:	0000fffe 	.word	0x0000fffe
100014e4:	0000ffff 	.word	0x0000ffff
100014e8:	003fffc0 	.word	0x003fffc0
100014ec:	00003030 	.word	0x00003030
100014f0:	00000e4e 	.word	0x00000e4e

100014f4 <clock_configure_int_divider>:
100014f4:	b5f8      	push	{r3, r4, r5, r6, r7, lr}
100014f6:	46de      	mov	lr, fp
100014f8:	464e      	mov	r6, r9
100014fa:	4657      	mov	r7, sl
100014fc:	4645      	mov	r5, r8
100014fe:	b5e0      	push	{r5, r6, r7, lr}
10001500:	468b      	mov	fp, r1
10001502:	0005      	movs	r5, r0
10001504:	990a      	ldr	r1, [sp, #40]	@ 0x28
10001506:	0018      	movs	r0, r3
10001508:	0016      	movs	r6, r2
1000150a:	f000 fadb 	bl	10001ac4 <__wrap___aeabi_uidiv>
1000150e:	9b0a      	ldr	r3, [sp, #40]	@ 0x28
10001510:	006c      	lsls	r4, r5, #1
10001512:	021f      	lsls	r7, r3, #8
10001514:	4b32      	ldr	r3, [pc, #200]	@ (100015e0 <clock_configure_int_divider+0xec>)
10001516:	1964      	adds	r4, r4, r5
10001518:	469c      	mov	ip, r3
1000151a:	00a4      	lsls	r4, r4, #2
1000151c:	4464      	add	r4, ip
1000151e:	6863      	ldr	r3, [r4, #4]
10001520:	4681      	mov	r9, r0
10001522:	429f      	cmp	r7, r3
10001524:	d900      	bls.n	10001528 <clock_configure_int_divider+0x34>
10001526:	6067      	str	r7, [r4, #4]
10001528:	1f2b      	subs	r3, r5, #4
1000152a:	b2db      	uxtb	r3, r3
1000152c:	4698      	mov	r8, r3
1000152e:	2b01      	cmp	r3, #1
10001530:	d930      	bls.n	10001594 <clock_configure_int_divider+0xa0>
10001532:	23c0      	movs	r3, #192	@ 0xc0
10001534:	2280      	movs	r2, #128	@ 0x80
10001536:	019b      	lsls	r3, r3, #6
10001538:	18e3      	adds	r3, r4, r3
1000153a:	0112      	lsls	r2, r2, #4
1000153c:	601a      	str	r2, [r3, #0]
1000153e:	4b29      	ldr	r3, [pc, #164]	@ (100015e4 <clock_configure_int_divider+0xf0>)
10001540:	00ad      	lsls	r5, r5, #2
10001542:	5959      	ldr	r1, [r3, r5]
10001544:	469a      	mov	sl, r3
10001546:	2900      	cmp	r1, #0
10001548:	d11b      	bne.n	10001582 <clock_configure_int_divider+0x8e>
1000154a:	0173      	lsls	r3, r6, #5
1000154c:	26e0      	movs	r6, #224	@ 0xe0
1000154e:	6822      	ldr	r2, [r4, #0]
10001550:	4053      	eors	r3, r2
10001552:	401e      	ands	r6, r3
10001554:	2380      	movs	r3, #128	@ 0x80
10001556:	4642      	mov	r2, r8
10001558:	015b      	lsls	r3, r3, #5
1000155a:	18e3      	adds	r3, r4, r3
1000155c:	601e      	str	r6, [r3, #0]
1000155e:	2a01      	cmp	r2, #1
10001560:	d930      	bls.n	100015c4 <clock_configure_int_divider+0xd0>
10001562:	2380      	movs	r3, #128	@ 0x80
10001564:	2280      	movs	r2, #128	@ 0x80
10001566:	019b      	lsls	r3, r3, #6
10001568:	18e3      	adds	r3, r4, r3
1000156a:	0112      	lsls	r2, r2, #4
1000156c:	601a      	str	r2, [r3, #0]
1000156e:	4653      	mov	r3, sl
10001570:	464a      	mov	r2, r9
10001572:	6067      	str	r7, [r4, #4]
10001574:	515a      	str	r2, [r3, r5]
10001576:	bcf0      	pop	{r4, r5, r6, r7}
10001578:	46bb      	mov	fp, r7
1000157a:	46b2      	mov	sl, r6
1000157c:	46a9      	mov	r9, r5
1000157e:	46a0      	mov	r8, r4
10001580:	bdf8      	pop	{r3, r4, r5, r6, r7, pc}
10001582:	6958      	ldr	r0, [r3, #20]
10001584:	f000 fa9e 	bl	10001ac4 <__wrap___aeabi_uidiv>
10001588:	3001      	adds	r0, #1
1000158a:	0043      	lsls	r3, r0, #1
1000158c:	181b      	adds	r3, r3, r0
1000158e:	3b03      	subs	r3, #3
10001590:	d2fd      	bcs.n	1000158e <clock_configure_int_divider+0x9a>
10001592:	e7da      	b.n	1000154a <clock_configure_int_divider+0x56>
10001594:	465b      	mov	r3, fp
10001596:	2b01      	cmp	r3, #1
10001598:	d1cb      	bne.n	10001532 <clock_configure_int_divider+0x3e>
1000159a:	23c0      	movs	r3, #192	@ 0xc0
1000159c:	2203      	movs	r2, #3
1000159e:	019b      	lsls	r3, r3, #6
100015a0:	18e3      	adds	r3, r4, r3
100015a2:	601a      	str	r2, [r3, #0]
100015a4:	3a02      	subs	r2, #2
100015a6:	68a3      	ldr	r3, [r4, #8]
100015a8:	421a      	tst	r2, r3
100015aa:	d0fc      	beq.n	100015a6 <clock_configure_int_divider+0xb2>
100015ac:	0173      	lsls	r3, r6, #5
100015ae:	26e0      	movs	r6, #224	@ 0xe0
100015b0:	6822      	ldr	r2, [r4, #0]
100015b2:	00ad      	lsls	r5, r5, #2
100015b4:	4053      	eors	r3, r2
100015b6:	401e      	ands	r6, r3
100015b8:	2380      	movs	r3, #128	@ 0x80
100015ba:	4a0a      	ldr	r2, [pc, #40]	@ (100015e4 <clock_configure_int_divider+0xf0>)
100015bc:	015b      	lsls	r3, r3, #5
100015be:	4692      	mov	sl, r2
100015c0:	18e3      	adds	r3, r4, r3
100015c2:	601e      	str	r6, [r3, #0]
100015c4:	465a      	mov	r2, fp
100015c6:	6821      	ldr	r1, [r4, #0]
100015c8:	4051      	eors	r1, r2
100015ca:	2203      	movs	r2, #3
100015cc:	400a      	ands	r2, r1
100015ce:	601a      	str	r2, [r3, #0]
100015d0:	2201      	movs	r2, #1
100015d2:	465b      	mov	r3, fp
100015d4:	409a      	lsls	r2, r3
100015d6:	68a3      	ldr	r3, [r4, #8]
100015d8:	421a      	tst	r2, r3
100015da:	d0fc      	beq.n	100015d6 <clock_configure_int_divider+0xe2>
100015dc:	e7c1      	b.n	10001562 <clock_configure_int_divider+0x6e>
100015de:	46c0      	nop			@ (mov r8, r8)
100015e0:	40008000 	.word	0x40008000
100015e4:	200018e4 	.word	0x200018e4

100015e8 <clock_configure_undivided>:
100015e8:	b5f0      	push	{r4, r5, r6, r7, lr}
100015ea:	4646      	mov	r6, r8
100015ec:	464f      	mov	r7, r9
100015ee:	46d6      	mov	lr, sl
100015f0:	b5c0      	push	{r6, r7, lr}
100015f2:	001f      	movs	r7, r3
100015f4:	4b34      	ldr	r3, [pc, #208]	@ (100016c8 <clock_configure_undivided+0xe0>)
100015f6:	0044      	lsls	r4, r0, #1
100015f8:	469c      	mov	ip, r3
100015fa:	1824      	adds	r4, r4, r0
100015fc:	00a4      	lsls	r4, r4, #2
100015fe:	4464      	add	r4, ip
10001600:	6863      	ldr	r3, [r4, #4]
10001602:	4688      	mov	r8, r1
10001604:	0016      	movs	r6, r2
10001606:	2bff      	cmp	r3, #255	@ 0xff
10001608:	d802      	bhi.n	10001610 <clock_configure_undivided+0x28>
1000160a:	2380      	movs	r3, #128	@ 0x80
1000160c:	005b      	lsls	r3, r3, #1
1000160e:	6063      	str	r3, [r4, #4]
10001610:	1f03      	subs	r3, r0, #4
10001612:	b2db      	uxtb	r3, r3
10001614:	469a      	mov	sl, r3
10001616:	2b01      	cmp	r3, #1
10001618:	d930      	bls.n	1000167c <clock_configure_undivided+0x94>
1000161a:	23c0      	movs	r3, #192	@ 0xc0
1000161c:	2280      	movs	r2, #128	@ 0x80
1000161e:	019b      	lsls	r3, r3, #6
10001620:	18e3      	adds	r3, r4, r3
10001622:	0112      	lsls	r2, r2, #4
10001624:	601a      	str	r2, [r3, #0]
10001626:	4b29      	ldr	r3, [pc, #164]	@ (100016cc <clock_configure_undivided+0xe4>)
10001628:	0085      	lsls	r5, r0, #2
1000162a:	5959      	ldr	r1, [r3, r5]
1000162c:	4699      	mov	r9, r3
1000162e:	2900      	cmp	r1, #0
10001630:	d11b      	bne.n	1000166a <clock_configure_undivided+0x82>
10001632:	0173      	lsls	r3, r6, #5
10001634:	26e0      	movs	r6, #224	@ 0xe0
10001636:	6822      	ldr	r2, [r4, #0]
10001638:	4053      	eors	r3, r2
1000163a:	401e      	ands	r6, r3
1000163c:	2380      	movs	r3, #128	@ 0x80
1000163e:	4652      	mov	r2, sl
10001640:	015b      	lsls	r3, r3, #5
10001642:	18e3      	adds	r3, r4, r3
10001644:	601e      	str	r6, [r3, #0]
10001646:	2a01      	cmp	r2, #1
10001648:	d930      	bls.n	100016ac <clock_configure_undivided+0xc4>
1000164a:	2380      	movs	r3, #128	@ 0x80
1000164c:	2280      	movs	r2, #128	@ 0x80
1000164e:	019b      	lsls	r3, r3, #6
10001650:	18e3      	adds	r3, r4, r3
10001652:	0112      	lsls	r2, r2, #4
10001654:	601a      	str	r2, [r3, #0]
10001656:	2380      	movs	r3, #128	@ 0x80
10001658:	005b      	lsls	r3, r3, #1
1000165a:	6063      	str	r3, [r4, #4]
1000165c:	464b      	mov	r3, r9
1000165e:	515f      	str	r7, [r3, r5]
10001660:	bce0      	pop	{r5, r6, r7}
10001662:	46ba      	mov	sl, r7
10001664:	46b1      	mov	r9, r6
10001666:	46a8      	mov	r8, r5
10001668:	bdf0      	pop	{r4, r5, r6, r7, pc}
1000166a:	6958      	ldr	r0, [r3, #20]
1000166c:	f000 fa2a 	bl	10001ac4 <__wrap___aeabi_uidiv>
10001670:	3001      	adds	r0, #1
10001672:	0043      	lsls	r3, r0, #1
10001674:	181b      	adds	r3, r3, r0
10001676:	3b03      	subs	r3, #3
10001678:	d2fd      	bcs.n	10001676 <clock_configure_undivided+0x8e>
1000167a:	e7da      	b.n	10001632 <clock_configure_undivided+0x4a>
1000167c:	4643      	mov	r3, r8
1000167e:	2b01      	cmp	r3, #1
10001680:	d1cb      	bne.n	1000161a <clock_configure_undivided+0x32>
10001682:	23c0      	movs	r3, #192	@ 0xc0
10001684:	2203      	movs	r2, #3
10001686:	019b      	lsls	r3, r3, #6
10001688:	18e3      	adds	r3, r4, r3
1000168a:	601a      	str	r2, [r3, #0]
1000168c:	3a02      	subs	r2, #2
1000168e:	68a3      	ldr	r3, [r4, #8]
10001690:	421a      	tst	r2, r3
10001692:	d0fc      	beq.n	1000168e <clock_configure_undivided+0xa6>
10001694:	0173      	lsls	r3, r6, #5
10001696:	26e0      	movs	r6, #224	@ 0xe0
10001698:	6822      	ldr	r2, [r4, #0]
1000169a:	0085      	lsls	r5, r0, #2
1000169c:	4053      	eors	r3, r2
1000169e:	401e      	ands	r6, r3
100016a0:	2380      	movs	r3, #128	@ 0x80
100016a2:	4a0a      	ldr	r2, [pc, #40]	@ (100016cc <clock_configure_undivided+0xe4>)
100016a4:	015b      	lsls	r3, r3, #5
100016a6:	4691      	mov	r9, r2
100016a8:	18e3      	adds	r3, r4, r3
100016aa:	601e      	str	r6, [r3, #0]
100016ac:	4642      	mov	r2, r8
100016ae:	6821      	ldr	r1, [r4, #0]
100016b0:	4051      	eors	r1, r2
100016b2:	2203      	movs	r2, #3
100016b4:	400a      	ands	r2, r1
100016b6:	601a      	str	r2, [r3, #0]
100016b8:	2301      	movs	r3, #1
100016ba:	4642      	mov	r2, r8
100016bc:	4093      	lsls	r3, r2
100016be:	68a2      	ldr	r2, [r4, #8]
100016c0:	4213      	tst	r3, r2
100016c2:	d0fc      	beq.n	100016be <clock_configure_undivided+0xd6>
100016c4:	e7c1      	b.n	1000164a <clock_configure_undivided+0x62>
100016c6:	46c0      	nop			@ (mov r8, r8)
100016c8:	40008000 	.word	0x40008000
100016cc:	200018e4 	.word	0x200018e4

100016d0 <clock_get_hz>:
100016d0:	4b01      	ldr	r3, [pc, #4]	@ (100016d8 <clock_get_hz+0x8>)
100016d2:	0080      	lsls	r0, r0, #2
100016d4:	58c0      	ldr	r0, [r0, r3]
100016d6:	4770      	bx	lr
100016d8:	200018e4 	.word	0x200018e4

100016dc <pll_init>:
100016dc:	b5f8      	push	{r3, r4, r5, r6, r7, lr}
100016de:	0004      	movs	r4, r0
100016e0:	4821      	ldr	r0, [pc, #132]	@ (10001768 <pll_init+0x8c>)
100016e2:	001e      	movs	r6, r3
100016e4:	0017      	movs	r7, r2
100016e6:	000d      	movs	r5, r1
100016e8:	f000 f9ec 	bl	10001ac4 <__wrap___aeabi_uidiv>
100016ec:	0001      	movs	r1, r0
100016ee:	0038      	movs	r0, r7
100016f0:	f000 f9e8 	bl	10001ac4 <__wrap___aeabi_uidiv>
100016f4:	9b06      	ldr	r3, [sp, #24]
100016f6:	0436      	lsls	r6, r6, #16
100016f8:	031b      	lsls	r3, r3, #12
100016fa:	431e      	orrs	r6, r3
100016fc:	6823      	ldr	r3, [r4, #0]
100016fe:	2b00      	cmp	r3, #0
10001700:	db20      	blt.n	10001744 <pll_init+0x68>
10001702:	4b1a      	ldr	r3, [pc, #104]	@ (1000176c <pll_init+0x90>)
10001704:	491a      	ldr	r1, [pc, #104]	@ (10001770 <pll_init+0x94>)
10001706:	18e3      	adds	r3, r4, r3
10001708:	1e5a      	subs	r2, r3, #1
1000170a:	4193      	sbcs	r3, r2
1000170c:	2280      	movs	r2, #128	@ 0x80
1000170e:	0192      	lsls	r2, r2, #6
10001710:	4694      	mov	ip, r2
10001712:	425b      	negs	r3, r3
10001714:	0b1b      	lsrs	r3, r3, #12
10001716:	4a17      	ldr	r2, [pc, #92]	@ (10001774 <pll_init+0x98>)
10001718:	031b      	lsls	r3, r3, #12
1000171a:	4463      	add	r3, ip
1000171c:	6013      	str	r3, [r2, #0]
1000171e:	4a16      	ldr	r2, [pc, #88]	@ (10001778 <pll_init+0x9c>)
10001720:	6013      	str	r3, [r2, #0]
10001722:	001f      	movs	r7, r3
10001724:	680a      	ldr	r2, [r1, #0]
10001726:	4397      	bics	r7, r2
10001728:	d1fb      	bne.n	10001722 <pll_init+0x46>
1000172a:	4b14      	ldr	r3, [pc, #80]	@ (1000177c <pll_init+0xa0>)
1000172c:	6025      	str	r5, [r4, #0]
1000172e:	18e2      	adds	r2, r4, r3
10001730:	2321      	movs	r3, #33	@ 0x21
10001732:	60a0      	str	r0, [r4, #8]
10001734:	6013      	str	r3, [r2, #0]
10001736:	6823      	ldr	r3, [r4, #0]
10001738:	2b00      	cmp	r3, #0
1000173a:	dafc      	bge.n	10001736 <pll_init+0x5a>
1000173c:	2308      	movs	r3, #8
1000173e:	60e6      	str	r6, [r4, #12]
10001740:	6013      	str	r3, [r2, #0]
10001742:	bdf8      	pop	{r3, r4, r5, r6, r7, pc}
10001744:	233f      	movs	r3, #63	@ 0x3f
10001746:	6822      	ldr	r2, [r4, #0]
10001748:	4013      	ands	r3, r2
1000174a:	42ab      	cmp	r3, r5
1000174c:	d1d9      	bne.n	10001702 <pll_init+0x26>
1000174e:	68a3      	ldr	r3, [r4, #8]
10001750:	051b      	lsls	r3, r3, #20
10001752:	0d1b      	lsrs	r3, r3, #20
10001754:	4283      	cmp	r3, r0
10001756:	d1d4      	bne.n	10001702 <pll_init+0x26>
10001758:	22ee      	movs	r2, #238	@ 0xee
1000175a:	68e3      	ldr	r3, [r4, #12]
1000175c:	02d2      	lsls	r2, r2, #11
1000175e:	4013      	ands	r3, r2
10001760:	42b3      	cmp	r3, r6
10001762:	d1ce      	bne.n	10001702 <pll_init+0x26>
10001764:	e7ed      	b.n	10001742 <pll_init+0x66>
10001766:	46c0      	nop			@ (mov r8, r8)
10001768:	00b71b00 	.word	0x00b71b00
1000176c:	bffd4000 	.word	0xbffd4000
10001770:	4000c008 	.word	0x4000c008
10001774:	4000e000 	.word	0x4000e000
10001778:	4000f000 	.word	0x4000f000
1000177c:	00003004 	.word	0x00003004

10001780 <tick_start>:
10001780:	2380      	movs	r3, #128	@ 0x80
10001782:	4a02      	ldr	r2, [pc, #8]	@ (1000178c <tick_start+0xc>)
10001784:	009b      	lsls	r3, r3, #2
10001786:	430b      	orrs	r3, r1
10001788:	62d3      	str	r3, [r2, #44]	@ 0x2c
1000178a:	4770      	bx	lr
1000178c:	40058000 	.word	0x40058000

10001790 <rom_func_lookup>:
10001790:	2300      	movs	r3, #0
10001792:	b510      	push	{r4, lr}
10001794:	0001      	movs	r1, r0
10001796:	8a98      	ldrh	r0, [r3, #20]
10001798:	8b1b      	ldrh	r3, [r3, #24]
1000179a:	4798      	blx	r3
1000179c:	bd10      	pop	{r4, pc}
1000179e:	46c0      	nop			@ (mov r8, r8)

100017a0 <rom_data_lookup>:
100017a0:	2316      	movs	r3, #22
100017a2:	b510      	push	{r4, lr}
100017a4:	0001      	movs	r1, r0
100017a6:	8818      	ldrh	r0, [r3, #0]
100017a8:	3302      	adds	r3, #2
100017aa:	881b      	ldrh	r3, [r3, #0]
100017ac:	4798      	blx	r3
100017ae:	bd10      	pop	{r4, pc}

100017b0 <rom_funcs_lookup>:
100017b0:	b5f8      	push	{r3, r4, r5, r6, r7, lr}
100017b2:	4647      	mov	r7, r8
100017b4:	46ce      	mov	lr, r9
100017b6:	b580      	push	{r7, lr}
100017b8:	1e0f      	subs	r7, r1, #0
100017ba:	d018      	beq.n	100017ee <rom_funcs_lookup+0x3e>
100017bc:	2314      	movs	r3, #20
100017be:	4699      	mov	r9, r3
100017c0:	3304      	adds	r3, #4
100017c2:	0004      	movs	r4, r0
100017c4:	2500      	movs	r5, #0
100017c6:	2601      	movs	r6, #1
100017c8:	4698      	mov	r8, r3
100017ca:	464b      	mov	r3, r9
100017cc:	8818      	ldrh	r0, [r3, #0]
100017ce:	4643      	mov	r3, r8
100017d0:	6821      	ldr	r1, [r4, #0]
100017d2:	881b      	ldrh	r3, [r3, #0]
100017d4:	4798      	blx	r3
100017d6:	c401      	stmia	r4!, {r0}
100017d8:	1e43      	subs	r3, r0, #1
100017da:	4198      	sbcs	r0, r3
100017dc:	3501      	adds	r5, #1
100017de:	4006      	ands	r6, r0
100017e0:	42af      	cmp	r7, r5
100017e2:	d1f2      	bne.n	100017ca <rom_funcs_lookup+0x1a>
100017e4:	0030      	movs	r0, r6
100017e6:	bcc0      	pop	{r6, r7}
100017e8:	46b9      	mov	r9, r7
100017ea:	46b0      	mov	r8, r6
100017ec:	bdf8      	pop	{r3, r4, r5, r6, r7, pc}
100017ee:	2601      	movs	r6, #1
100017f0:	e7f8      	b.n	100017e4 <rom_funcs_lookup+0x34>
100017f2:	46c0      	nop			@ (mov r8, r8)

100017f4 <xosc_init>:
100017f4:	23aa      	movs	r3, #170	@ 0xaa
100017f6:	4a06      	ldr	r2, [pc, #24]	@ (10001810 <xosc_init+0x1c>)
100017f8:	011b      	lsls	r3, r3, #4
100017fa:	6013      	str	r3, [r2, #0]
100017fc:	238d      	movs	r3, #141	@ 0x8d
100017fe:	005b      	lsls	r3, r3, #1
10001800:	60d3      	str	r3, [r2, #12]
10001802:	4904      	ldr	r1, [pc, #16]	@ (10001814 <xosc_init+0x20>)
10001804:	4b04      	ldr	r3, [pc, #16]	@ (10001818 <xosc_init+0x24>)
10001806:	6019      	str	r1, [r3, #0]
10001808:	6853      	ldr	r3, [r2, #4]
1000180a:	2b00      	cmp	r3, #0
1000180c:	dafc      	bge.n	10001808 <xosc_init+0x14>
1000180e:	4770      	bx	lr
10001810:	40024000 	.word	0x40024000
10001814:	00fab000 	.word	0x00fab000
10001818:	40026000 	.word	0x40026000

1000181c <first_per_core_initializer>:
1000181c:	4770      	bx	lr
1000181e:	46c0      	nop			@ (mov r8, r8)

10001820 <hard_assertion_failure>:
10001820:	b510      	push	{r4, lr}
10001822:	4801      	ldr	r0, [pc, #4]	@ (10001828 <hard_assertion_failure+0x8>)
10001824:	f7fe fed0 	bl	100005c8 <panic>
10001828:	10006ad8 	.word	0x10006ad8

1000182c <runtime_run_initializers>:
1000182c:	b570      	push	{r4, r5, r6, lr}
1000182e:	4d07      	ldr	r5, [pc, #28]	@ (1000184c <runtime_run_initializers+0x20>)
10001830:	4e07      	ldr	r6, [pc, #28]	@ (10001850 <runtime_run_initializers+0x24>)
10001832:	42b5      	cmp	r5, r6
10001834:	d209      	bcs.n	1000184a <runtime_run_initializers+0x1e>
10001836:	2400      	movs	r4, #0
10001838:	3e01      	subs	r6, #1
1000183a:	1b76      	subs	r6, r6, r5
1000183c:	08b6      	lsrs	r6, r6, #2
1000183e:	cd08      	ldmia	r5!, {r3}
10001840:	4798      	blx	r3
10001842:	0023      	movs	r3, r4
10001844:	3401      	adds	r4, #1
10001846:	42b3      	cmp	r3, r6
10001848:	d1f9      	bne.n	1000183e <runtime_run_initializers+0x12>
1000184a:	bd70      	pop	{r4, r5, r6, pc}
1000184c:	100069c8 	.word	0x100069c8
10001850:	10006a04 	.word	0x10006a04

10001854 <runtime_init_early_resets>:
10001854:	4b05      	ldr	r3, [pc, #20]	@ (1000186c <runtime_init_early_resets+0x18>)
10001856:	4a06      	ldr	r2, [pc, #24]	@ (10001870 <runtime_init_early_resets+0x1c>)
10001858:	4906      	ldr	r1, [pc, #24]	@ (10001874 <runtime_init_early_resets+0x20>)
1000185a:	601a      	str	r2, [r3, #0]
1000185c:	4a06      	ldr	r2, [pc, #24]	@ (10001878 <runtime_init_early_resets+0x24>)
1000185e:	4b07      	ldr	r3, [pc, #28]	@ (1000187c <runtime_init_early_resets+0x28>)
10001860:	601a      	str	r2, [r3, #0]
10001862:	0010      	movs	r0, r2
10001864:	680b      	ldr	r3, [r1, #0]
10001866:	4398      	bics	r0, r3
10001868:	d1fb      	bne.n	10001862 <runtime_init_early_resets+0xe>
1000186a:	4770      	bx	lr
1000186c:	4000e000 	.word	0x4000e000
10001870:	fefbcdbf 	.word	0xfefbcdbf
10001874:	4000c008 	.word	0x4000c008
10001878:	003c7ffe 	.word	0x003c7ffe
1000187c:	4000f000 	.word	0x4000f000

10001880 <runtime_init_usb_power_down>:
10001880:	4b04      	ldr	r3, [pc, #16]	@ (10001894 <runtime_init_usb_power_down+0x14>)
10001882:	6cdb      	ldr	r3, [r3, #76]	@ 0x4c
10001884:	2b00      	cmp	r3, #0
10001886:	d103      	bne.n	10001890 <runtime_init_usb_power_down+0x10>
10001888:	2280      	movs	r2, #128	@ 0x80
1000188a:	4b03      	ldr	r3, [pc, #12]	@ (10001898 <runtime_init_usb_power_down+0x18>)
1000188c:	02d2      	lsls	r2, r2, #11
1000188e:	601a      	str	r2, [r3, #0]
10001890:	4770      	bx	lr
10001892:	46c0      	nop			@ (mov r8, r8)
10001894:	50110000 	.word	0x50110000
10001898:	5011204c 	.word	0x5011204c

1000189c <runtime_init_post_clock_resets>:
1000189c:	4a04      	ldr	r2, [pc, #16]	@ (100018b0 <runtime_init_post_clock_resets+0x14>)
1000189e:	4b05      	ldr	r3, [pc, #20]	@ (100018b4 <runtime_init_post_clock_resets+0x18>)
100018a0:	601a      	str	r2, [r3, #0]
100018a2:	4a05      	ldr	r2, [pc, #20]	@ (100018b8 <runtime_init_post_clock_resets+0x1c>)
100018a4:	6813      	ldr	r3, [r2, #0]
100018a6:	01db      	lsls	r3, r3, #7
100018a8:	3380      	adds	r3, #128	@ 0x80
100018aa:	d1fb      	bne.n	100018a4 <runtime_init_post_clock_resets+0x8>
100018ac:	4770      	bx	lr
100018ae:	46c0      	nop			@ (mov r8, r8)
100018b0:	01ffffff 	.word	0x01ffffff
100018b4:	4000f000 	.word	0x4000f000
100018b8:	4000c008 	.word	0x4000c008

100018bc <runtime_init_rp2040_gpio_ie_disable>:
100018bc:	2240      	movs	r2, #64	@ 0x40
100018be:	4b03      	ldr	r3, [pc, #12]	@ (100018cc <runtime_init_rp2040_gpio_ie_disable+0x10>)
100018c0:	679a      	str	r2, [r3, #120]	@ 0x78
100018c2:	675a      	str	r2, [r3, #116]	@ 0x74
100018c4:	671a      	str	r2, [r3, #112]	@ 0x70
100018c6:	66da      	str	r2, [r3, #108]	@ 0x6c
100018c8:	4770      	bx	lr
100018ca:	46c0      	nop			@ (mov r8, r8)
100018cc:	4001f000 	.word	0x4001f000

100018d0 <runtime_init_spin_locks_reset>:
100018d0:	b510      	push	{r4, lr}
100018d2:	f7fe ff2b 	bl	1000072c <spin_locks_reset>
100018d6:	bd10      	pop	{r4, pc}

100018d8 <runtime_init_install_ram_vector_table>:
100018d8:	b5f8      	push	{r3, r4, r5, r6, r7, lr}
100018da:	4927      	ldr	r1, [pc, #156]	@ (10001978 <runtime_init_install_ram_vector_table+0xa0>)
100018dc:	4c27      	ldr	r4, [pc, #156]	@ (1000197c <runtime_init_install_ram_vector_table+0xa4>)
100018de:	4d28      	ldr	r5, [pc, #160]	@ (10001980 <runtime_init_install_ram_vector_table+0xa8>)
100018e0:	1a64      	subs	r4, r4, r1
100018e2:	10a6      	asrs	r6, r4, #2
100018e4:	0032      	movs	r2, r6
100018e6:	2e30      	cmp	r6, #48	@ 0x30
100018e8:	d900      	bls.n	100018ec <runtime_init_install_ram_vector_table+0x14>
100018ea:	2230      	movs	r2, #48	@ 0x30
100018ec:	0028      	movs	r0, r5
100018ee:	0092      	lsls	r2, r2, #2
100018f0:	f000 ffce 	bl	10002890 <__wrap___aeabi_memcpy>
100018f4:	2cbc      	cmp	r4, #188	@ 0xbc
100018f6:	d83b      	bhi.n	10001970 <runtime_init_install_ram_vector_table+0x98>
100018f8:	2030      	movs	r0, #48	@ 0x30
100018fa:	232f      	movs	r3, #47	@ 0x2f
100018fc:	192c      	adds	r4, r5, r4
100018fe:	0764      	lsls	r4, r4, #29
10001900:	4a20      	ldr	r2, [pc, #128]	@ (10001984 <runtime_init_install_ram_vector_table+0xac>)
10001902:	1b80      	subs	r0, r0, r6
10001904:	0fe4      	lsrs	r4, r4, #31
10001906:	1b9b      	subs	r3, r3, r6
10001908:	2b05      	cmp	r3, #5
1000190a:	d916      	bls.n	1000193a <runtime_init_install_ram_vector_table+0x62>
1000190c:	0037      	movs	r7, r6
1000190e:	2c00      	cmp	r4, #0
10001910:	d002      	beq.n	10001918 <runtime_init_install_ram_vector_table+0x40>
10001912:	00b3      	lsls	r3, r6, #2
10001914:	1c77      	adds	r7, r6, #1
10001916:	50ea      	str	r2, [r5, r3]
10001918:	1b00      	subs	r0, r0, r4
1000191a:	1933      	adds	r3, r6, r4
1000191c:	009b      	lsls	r3, r3, #2
1000191e:	0841      	lsrs	r1, r0, #1
10001920:	18eb      	adds	r3, r5, r3
10001922:	00c9      	lsls	r1, r1, #3
10001924:	18c9      	adds	r1, r1, r3
10001926:	601a      	str	r2, [r3, #0]
10001928:	605a      	str	r2, [r3, #4]
1000192a:	3308      	adds	r3, #8
1000192c:	4299      	cmp	r1, r3
1000192e:	d1fa      	bne.n	10001926 <runtime_init_install_ram_vector_table+0x4e>
10001930:	2301      	movs	r3, #1
10001932:	4203      	tst	r3, r0
10001934:	d01c      	beq.n	10001970 <runtime_init_install_ram_vector_table+0x98>
10001936:	4398      	bics	r0, r3
10001938:	19c6      	adds	r6, r0, r7
1000193a:	00b3      	lsls	r3, r6, #2
1000193c:	50ea      	str	r2, [r5, r3]
1000193e:	1c73      	adds	r3, r6, #1
10001940:	2e2f      	cmp	r6, #47	@ 0x2f
10001942:	d015      	beq.n	10001970 <runtime_init_install_ram_vector_table+0x98>
10001944:	009b      	lsls	r3, r3, #2
10001946:	50ea      	str	r2, [r5, r3]
10001948:	1cb3      	adds	r3, r6, #2
1000194a:	2e2e      	cmp	r6, #46	@ 0x2e
1000194c:	d010      	beq.n	10001970 <runtime_init_install_ram_vector_table+0x98>
1000194e:	009b      	lsls	r3, r3, #2
10001950:	50ea      	str	r2, [r5, r3]
10001952:	1cf3      	adds	r3, r6, #3
10001954:	2e2d      	cmp	r6, #45	@ 0x2d
10001956:	d00b      	beq.n	10001970 <runtime_init_install_ram_vector_table+0x98>
10001958:	009b      	lsls	r3, r3, #2
1000195a:	50ea      	str	r2, [r5, r3]
1000195c:	1d33      	adds	r3, r6, #4
1000195e:	2e2c      	cmp	r6, #44	@ 0x2c
10001960:	d006      	beq.n	10001970 <runtime_init_install_ram_vector_table+0x98>
10001962:	009b      	lsls	r3, r3, #2
10001964:	50ea      	str	r2, [r5, r3]
10001966:	1d73      	adds	r3, r6, #5
10001968:	2e2b      	cmp	r6, #43	@ 0x2b
1000196a:	d001      	beq.n	10001970 <runtime_init_install_ram_vector_table+0x98>
1000196c:	009b      	lsls	r3, r3, #2
1000196e:	50ea      	str	r2, [r5, r3]
10001970:	4b05      	ldr	r3, [pc, #20]	@ (10001988 <runtime_init_install_ram_vector_table+0xb0>)
10001972:	609d      	str	r5, [r3, #8]
10001974:	bdf8      	pop	{r3, r4, r5, r6, r7, pc}
10001976:	46c0      	nop			@ (mov r8, r8)
10001978:	10000100 	.word	0x10000100
1000197c:	100001c0 	.word	0x100001c0
10001980:	20000000 	.word	0x20000000
10001984:	100001c1 	.word	0x100001c1
10001988:	e000ed00 	.word	0xe000ed00

1000198c <runtime_init_clocks>:
1000198c:	2300      	movs	r3, #0
1000198e:	b510      	push	{r4, lr}
10001990:	4c29      	ldr	r4, [pc, #164]	@ (10001a38 <runtime_init_clocks+0xac>)
10001992:	b082      	sub	sp, #8
10001994:	67a3      	str	r3, [r4, #120]	@ 0x78
10001996:	f7ff ff2d 	bl	100017f4 <xosc_init>
1000199a:	2201      	movs	r2, #1
1000199c:	4b27      	ldr	r3, [pc, #156]	@ (10001a3c <runtime_init_clocks+0xb0>)
1000199e:	601a      	str	r2, [r3, #0]
100019a0:	6c63      	ldr	r3, [r4, #68]	@ 0x44
100019a2:	2b01      	cmp	r3, #1
100019a4:	d1fc      	bne.n	100019a0 <runtime_init_clocks+0x14>
100019a6:	2203      	movs	r2, #3
100019a8:	4b25      	ldr	r3, [pc, #148]	@ (10001a40 <runtime_init_clocks+0xb4>)
100019aa:	601a      	str	r2, [r3, #0]
100019ac:	4a22      	ldr	r2, [pc, #136]	@ (10001a38 <runtime_init_clocks+0xac>)
100019ae:	6b93      	ldr	r3, [r2, #56]	@ 0x38
100019b0:	2b01      	cmp	r3, #1
100019b2:	d1fc      	bne.n	100019ae <runtime_init_clocks+0x22>
100019b4:	3301      	adds	r3, #1
100019b6:	9300      	str	r3, [sp, #0]
100019b8:	2101      	movs	r1, #1
100019ba:	4a22      	ldr	r2, [pc, #136]	@ (10001a44 <runtime_init_clocks+0xb8>)
100019bc:	4822      	ldr	r0, [pc, #136]	@ (10001a48 <runtime_init_clocks+0xbc>)
100019be:	3304      	adds	r3, #4
100019c0:	f7ff fe8c 	bl	100016dc <pll_init>
100019c4:	2305      	movs	r3, #5
100019c6:	2101      	movs	r1, #1
100019c8:	9300      	str	r3, [sp, #0]
100019ca:	4a20      	ldr	r2, [pc, #128]	@ (10001a4c <runtime_init_clocks+0xc0>)
100019cc:	4820      	ldr	r0, [pc, #128]	@ (10001a50 <runtime_init_clocks+0xc4>)
100019ce:	f7ff fe85 	bl	100016dc <pll_init>
100019d2:	2200      	movs	r2, #0
100019d4:	2102      	movs	r1, #2
100019d6:	2004      	movs	r0, #4
100019d8:	4b1e      	ldr	r3, [pc, #120]	@ (10001a54 <runtime_init_clocks+0xc8>)
100019da:	f7ff fe05 	bl	100015e8 <clock_configure_undivided>
100019de:	2200      	movs	r2, #0
100019e0:	2101      	movs	r1, #1
100019e2:	2005      	movs	r0, #5
100019e4:	4b1c      	ldr	r3, [pc, #112]	@ (10001a58 <runtime_init_clocks+0xcc>)
100019e6:	f7ff fdff 	bl	100015e8 <clock_configure_undivided>
100019ea:	2200      	movs	r2, #0
100019ec:	2100      	movs	r1, #0
100019ee:	2007      	movs	r0, #7
100019f0:	4b1a      	ldr	r3, [pc, #104]	@ (10001a5c <runtime_init_clocks+0xd0>)
100019f2:	f7ff fdf9 	bl	100015e8 <clock_configure_undivided>
100019f6:	2200      	movs	r2, #0
100019f8:	2100      	movs	r1, #0
100019fa:	2008      	movs	r0, #8
100019fc:	4b17      	ldr	r3, [pc, #92]	@ (10001a5c <runtime_init_clocks+0xd0>)
100019fe:	f7ff fdf3 	bl	100015e8 <clock_configure_undivided>
10001a02:	2380      	movs	r3, #128	@ 0x80
10001a04:	00db      	lsls	r3, r3, #3
10001a06:	9300      	str	r3, [sp, #0]
10001a08:	2200      	movs	r2, #0
10001a0a:	2100      	movs	r1, #0
10001a0c:	2009      	movs	r0, #9
10001a0e:	4b13      	ldr	r3, [pc, #76]	@ (10001a5c <runtime_init_clocks+0xd0>)
10001a10:	f7ff fd70 	bl	100014f4 <clock_configure_int_divider>
10001a14:	2200      	movs	r2, #0
10001a16:	4b10      	ldr	r3, [pc, #64]	@ (10001a58 <runtime_init_clocks+0xcc>)
10001a18:	2100      	movs	r1, #0
10001a1a:	2006      	movs	r0, #6
10001a1c:	f7ff fde4 	bl	100015e8 <clock_configure_undivided>
10001a20:	2004      	movs	r0, #4
10001a22:	f7ff fe55 	bl	100016d0 <clock_get_hz>
10001a26:	490e      	ldr	r1, [pc, #56]	@ (10001a60 <runtime_init_clocks+0xd4>)
10001a28:	f000 f84c 	bl	10001ac4 <__wrap___aeabi_uidiv>
10001a2c:	0001      	movs	r1, r0
10001a2e:	2000      	movs	r0, #0
10001a30:	f7ff fea6 	bl	10001780 <tick_start>
10001a34:	b002      	add	sp, #8
10001a36:	bd10      	pop	{r4, pc}
10001a38:	40008000 	.word	0x40008000
10001a3c:	4000b03c 	.word	0x4000b03c
10001a40:	4000b030 	.word	0x4000b030
10001a44:	59682f00 	.word	0x59682f00
10001a48:	40028000 	.word	0x40028000
10001a4c:	47868c00 	.word	0x47868c00
10001a50:	4002c000 	.word	0x4002c000
10001a54:	00b71b00 	.word	0x00b71b00
10001a58:	07735940 	.word	0x07735940
10001a5c:	02dc6c00 	.word	0x02dc6c00
10001a60:	000f4240 	.word	0x000f4240

10001a64 <__aeabi_bits_init>:
10001a64:	4801      	ldr	r0, [pc, #4]	@ (10001a6c <__aeabi_bits_init+0x8>)
10001a66:	2104      	movs	r1, #4
10001a68:	4b01      	ldr	r3, [pc, #4]	@ (10001a70 <__aeabi_bits_init+0xc>)
10001a6a:	4718      	bx	r3
10001a6c:	20001040 	.word	0x20001040
10001a70:	100017b1 	.word	0x100017b1

10001a74 <__wrap___aeabi_idiv>:
10001a74:	4a12      	ldr	r2, [pc, #72]	@ (10001ac0 <divmod_s32s32_savestate+0x18>)
10001a76:	6f93      	ldr	r3, [r2, #120]	@ 0x78
10001a78:	089b      	lsrs	r3, r3, #2
10001a7a:	d215      	bcs.n	10001aa8 <divmod_s32s32_savestate>

10001a7c <divmod_s32s32_unsafe>:
10001a7c:	6690      	str	r0, [r2, #104]	@ 0x68
10001a7e:	66d1      	str	r1, [r2, #108]	@ 0x6c
10001a80:	2900      	cmp	r1, #0
10001a82:	d005      	beq.n	10001a90 <divmod_s32s32_unsafe+0x14>
10001a84:	e7ff      	b.n	10001a86 <divmod_s32s32_unsafe+0xa>
10001a86:	e7ff      	b.n	10001a88 <divmod_s32s32_unsafe+0xc>
10001a88:	e7ff      	b.n	10001a8a <divmod_s32s32_unsafe+0xe>
10001a8a:	6f51      	ldr	r1, [r2, #116]	@ 0x74
10001a8c:	6f10      	ldr	r0, [r2, #112]	@ 0x70
10001a8e:	4770      	bx	lr
10001a90:	b504      	push	{r2, lr}
10001a92:	2180      	movs	r1, #128	@ 0x80
10001a94:	0609      	lsls	r1, r1, #24
10001a96:	17c2      	asrs	r2, r0, #31
10001a98:	4051      	eors	r1, r2
10001a9a:	2800      	cmp	r0, #0
10001a9c:	d000      	beq.n	10001aa0 <divmod_s32s32_unsafe+0x24>
10001a9e:	43c8      	mvns	r0, r1
10001aa0:	f004 ff5a 	bl	10006958 <____aeabi_idiv0_veneer>
10001aa4:	2100      	movs	r1, #0
10001aa6:	bd04      	pop	{r2, pc}

10001aa8 <divmod_s32s32_savestate>:
10001aa8:	b5f0      	push	{r4, r5, r6, r7, lr}
10001aaa:	6e14      	ldr	r4, [r2, #96]	@ 0x60
10001aac:	6e55      	ldr	r5, [r2, #100]	@ 0x64
10001aae:	6f57      	ldr	r7, [r2, #116]	@ 0x74
10001ab0:	6f16      	ldr	r6, [r2, #112]	@ 0x70
10001ab2:	f7ff ffe3 	bl	10001a7c <divmod_s32s32_unsafe>
10001ab6:	6614      	str	r4, [r2, #96]	@ 0x60
10001ab8:	6655      	str	r5, [r2, #100]	@ 0x64
10001aba:	6757      	str	r7, [r2, #116]	@ 0x74
10001abc:	6716      	str	r6, [r2, #112]	@ 0x70
10001abe:	bdf0      	pop	{r4, r5, r6, r7, pc}
10001ac0:	d0000000 	.word	0xd0000000

10001ac4 <__wrap___aeabi_uidiv>:
10001ac4:	4a11      	ldr	r2, [pc, #68]	@ (10001b0c <divmod_u32u32_savestate+0x18>)
10001ac6:	6f93      	ldr	r3, [r2, #120]	@ 0x78
10001ac8:	089b      	lsrs	r3, r3, #2
10001aca:	d213      	bcs.n	10001af4 <divmod_u32u32_savestate>

10001acc <divmod_u32u32_unsafe>:
10001acc:	6610      	str	r0, [r2, #96]	@ 0x60
10001ace:	6651      	str	r1, [r2, #100]	@ 0x64
10001ad0:	2900      	cmp	r1, #0
10001ad2:	d005      	beq.n	10001ae0 <divmod_u32u32_unsafe+0x14>
10001ad4:	e7ff      	b.n	10001ad6 <divmod_u32u32_unsafe+0xa>
10001ad6:	e7ff      	b.n	10001ad8 <divmod_u32u32_unsafe+0xc>
10001ad8:	e7ff      	b.n	10001ada <divmod_u32u32_unsafe+0xe>
10001ada:	6f51      	ldr	r1, [r2, #116]	@ 0x74
10001adc:	6f10      	ldr	r0, [r2, #112]	@ 0x70
10001ade:	4770      	bx	lr
10001ae0:	b504      	push	{r2, lr}
10001ae2:	2800      	cmp	r0, #0
10001ae4:	d001      	beq.n	10001aea <divmod_u32u32_unsafe+0x1e>
10001ae6:	2000      	movs	r0, #0
10001ae8:	43c0      	mvns	r0, r0
10001aea:	f004 ff35 	bl	10006958 <____aeabi_idiv0_veneer>
10001aee:	2100      	movs	r1, #0
10001af0:	bd04      	pop	{r2, pc}
10001af2:	46c0      	nop			@ (mov r8, r8)

10001af4 <divmod_u32u32_savestate>:
10001af4:	b5f0      	push	{r4, r5, r6, r7, lr}
10001af6:	6e14      	ldr	r4, [r2, #96]	@ 0x60
10001af8:	6e55      	ldr	r5, [r2, #100]	@ 0x64
10001afa:	6f57      	ldr	r7, [r2, #116]	@ 0x74
10001afc:	6f16      	ldr	r6, [r2, #112]	@ 0x70
10001afe:	f7ff ffe5 	bl	10001acc <divmod_u32u32_unsafe>
10001b02:	6614      	str	r4, [r2, #96]	@ 0x60
10001b04:	6655      	str	r5, [r2, #100]	@ 0x64
10001b06:	6757      	str	r7, [r2, #116]	@ 0x74
10001b08:	6716      	str	r6, [r2, #112]	@ 0x70
10001b0a:	bdf0      	pop	{r4, r5, r6, r7, pc}
10001b0c:	d0000000 	.word	0xd0000000

10001b10 <__wrap___aeabi_ldivmod>:
10001b10:	4694      	mov	ip, r2
10001b12:	4a4a      	ldr	r2, [pc, #296]	@ (10001c3c <udiv0+0x1a>)
10001b14:	6f92      	ldr	r2, [r2, #120]	@ 0x78
10001b16:	0892      	lsrs	r2, r2, #2
10001b18:	4662      	mov	r2, ip
10001b1a:	d201      	bcs.n	10001b20 <divmod_s64s64_savestate>
10001b1c:	e028      	b.n	10001b70 <divmod_s64s64_unsafe>
10001b1e:	46c0      	nop			@ (mov r8, r8)

10001b20 <divmod_s64s64_savestate>:
10001b20:	b5f0      	push	{r4, r5, r6, r7, lr}
10001b22:	4e46      	ldr	r6, [pc, #280]	@ (10001c3c <udiv0+0x1a>)
10001b24:	6e34      	ldr	r4, [r6, #96]	@ 0x60
10001b26:	6e75      	ldr	r5, [r6, #100]	@ 0x64
10001b28:	6f77      	ldr	r7, [r6, #116]	@ 0x74
10001b2a:	6f36      	ldr	r6, [r6, #112]	@ 0x70
10001b2c:	f000 f820 	bl	10001b70 <divmod_s64s64_unsafe>
10001b30:	4694      	mov	ip, r2
10001b32:	4a42      	ldr	r2, [pc, #264]	@ (10001c3c <udiv0+0x1a>)
10001b34:	6614      	str	r4, [r2, #96]	@ 0x60
10001b36:	6655      	str	r5, [r2, #100]	@ 0x64
10001b38:	6757      	str	r7, [r2, #116]	@ 0x74
10001b3a:	6716      	str	r6, [r2, #112]	@ 0x70
10001b3c:	4662      	mov	r2, ip
10001b3e:	bdf0      	pop	{r4, r5, r6, r7, pc}

10001b40 <__wrap___aeabi_uldivmod>:
10001b40:	4694      	mov	ip, r2
10001b42:	4a3e      	ldr	r2, [pc, #248]	@ (10001c3c <udiv0+0x1a>)
10001b44:	6f92      	ldr	r2, [r2, #120]	@ 0x78
10001b46:	0892      	lsrs	r2, r2, #2
10001b48:	4662      	mov	r2, ip
10001b4a:	d201      	bcs.n	10001b50 <divmod_u64u64_savestate>
10001b4c:	e054      	b.n	10001bf8 <divmod_u64u64_unsafe>
10001b4e:	46c0      	nop			@ (mov r8, r8)

10001b50 <divmod_u64u64_savestate>:
10001b50:	b5f0      	push	{r4, r5, r6, r7, lr}
10001b52:	4e3a      	ldr	r6, [pc, #232]	@ (10001c3c <udiv0+0x1a>)
10001b54:	6e34      	ldr	r4, [r6, #96]	@ 0x60
10001b56:	6e75      	ldr	r5, [r6, #100]	@ 0x64
10001b58:	6f77      	ldr	r7, [r6, #116]	@ 0x74
10001b5a:	6f36      	ldr	r6, [r6, #112]	@ 0x70
10001b5c:	f000 f84c 	bl	10001bf8 <divmod_u64u64_unsafe>
10001b60:	4694      	mov	ip, r2
10001b62:	4a36      	ldr	r2, [pc, #216]	@ (10001c3c <udiv0+0x1a>)
10001b64:	6614      	str	r4, [r2, #96]	@ 0x60
10001b66:	6655      	str	r5, [r2, #100]	@ 0x64
10001b68:	6757      	str	r7, [r2, #116]	@ 0x74
10001b6a:	6716      	str	r6, [r2, #112]	@ 0x70
10001b6c:	4662      	mov	r2, ip
10001b6e:	bdf0      	pop	{r4, r5, r6, r7, pc}

10001b70 <divmod_s64s64_unsafe>:
10001b70:	2b00      	cmp	r3, #0
10001b72:	db24      	blt.n	10001bbe <l42_1+0x26>
10001b74:	d011      	beq.n	10001b9a <l42_1+0x2>
10001b76:	2900      	cmp	r1, #0
10001b78:	da3e      	bge.n	10001bf8 <divmod_u64u64_unsafe>
10001b7a:	b500      	push	{lr}
10001b7c:	43c9      	mvns	r1, r1
10001b7e:	4240      	negs	r0, r0
10001b80:	d100      	bne.n	10001b84 <l40_1>
10001b82:	3101      	adds	r1, #1

10001b84 <l40_1>:
10001b84:	f000 f838 	bl	10001bf8 <divmod_u64u64_unsafe>
10001b88:	43c9      	mvns	r1, r1
10001b8a:	4240      	negs	r0, r0
10001b8c:	d100      	bne.n	10001b90 <l41_1>
10001b8e:	3101      	adds	r1, #1

10001b90 <l41_1>:
10001b90:	43db      	mvns	r3, r3
10001b92:	4252      	negs	r2, r2
10001b94:	d100      	bne.n	10001b98 <l42_1>
10001b96:	3301      	adds	r3, #1

10001b98 <l42_1>:
10001b98:	bd00      	pop	{pc}
10001b9a:	2a00      	cmp	r2, #0
10001b9c:	d1eb      	bne.n	10001b76 <divmod_s64s64_unsafe+0x6>
10001b9e:	2800      	cmp	r0, #0
10001ba0:	d101      	bne.n	10001ba6 <l42_1+0xe>
10001ba2:	2900      	cmp	r1, #0
10001ba4:	d005      	beq.n	10001bb2 <l42_1+0x1a>
10001ba6:	2000      	movs	r0, #0
10001ba8:	0fc9      	lsrs	r1, r1, #31
10001baa:	07c9      	lsls	r1, r1, #31
10001bac:	d101      	bne.n	10001bb2 <l42_1+0x1a>
10001bae:	43c0      	mvns	r0, r0
10001bb0:	0841      	lsrs	r1, r0, #1
10001bb2:	b500      	push	{lr}
10001bb4:	f004 fec8 	bl	10006948 <____aeabi_ldiv0_veneer>
10001bb8:	2200      	movs	r2, #0
10001bba:	2300      	movs	r3, #0
10001bbc:	bd00      	pop	{pc}
10001bbe:	b500      	push	{lr}
10001bc0:	2900      	cmp	r1, #0
10001bc2:	db0a      	blt.n	10001bda <l44_1+0x2>
10001bc4:	43db      	mvns	r3, r3
10001bc6:	4252      	negs	r2, r2
10001bc8:	d100      	bne.n	10001bcc <l43_1>
10001bca:	3301      	adds	r3, #1

10001bcc <l43_1>:
10001bcc:	f000 f814 	bl	10001bf8 <divmod_u64u64_unsafe>
10001bd0:	43c9      	mvns	r1, r1
10001bd2:	4240      	negs	r0, r0
10001bd4:	d100      	bne.n	10001bd8 <l44_1>
10001bd6:	3101      	adds	r1, #1

10001bd8 <l44_1>:
10001bd8:	bd00      	pop	{pc}
10001bda:	43c9      	mvns	r1, r1
10001bdc:	4240      	negs	r0, r0
10001bde:	d100      	bne.n	10001be2 <l45_1>
10001be0:	3101      	adds	r1, #1

10001be2 <l45_1>:
10001be2:	43db      	mvns	r3, r3
10001be4:	4252      	negs	r2, r2
10001be6:	d100      	bne.n	10001bea <l46_1>
10001be8:	3301      	adds	r3, #1

10001bea <l46_1>:
10001bea:	f000 f805 	bl	10001bf8 <divmod_u64u64_unsafe>
10001bee:	43db      	mvns	r3, r3
10001bf0:	4252      	negs	r2, r2
10001bf2:	d100      	bne.n	10001bf6 <l47_1>
10001bf4:	3301      	adds	r3, #1

10001bf6 <l47_1>:
10001bf6:	bd00      	pop	{pc}

10001bf8 <divmod_u64u64_unsafe>:
10001bf8:	2900      	cmp	r1, #0
10001bfa:	d123      	bne.n	10001c44 <y64>
10001bfc:	2b00      	cmp	r3, #0
10001bfe:	d118      	bne.n	10001c32 <udiv0+0x10>
10001c00:	2a00      	cmp	r2, #0
10001c02:	d00c      	beq.n	10001c1e <divmod_u64u64_unsafe+0x26>
10001c04:	46bc      	mov	ip, r7
10001c06:	4f0d      	ldr	r7, [pc, #52]	@ (10001c3c <udiv0+0x1a>)
10001c08:	6638      	str	r0, [r7, #96]	@ 0x60
10001c0a:	667a      	str	r2, [r7, #100]	@ 0x64
10001c0c:	2100      	movs	r1, #0
10001c0e:	2300      	movs	r3, #0
10001c10:	e7ff      	b.n	10001c12 <divmod_u64u64_unsafe+0x1a>
10001c12:	e7ff      	b.n	10001c14 <divmod_u64u64_unsafe+0x1c>
10001c14:	e7ff      	b.n	10001c16 <divmod_u64u64_unsafe+0x1e>
10001c16:	6f7a      	ldr	r2, [r7, #116]	@ 0x74
10001c18:	6f38      	ldr	r0, [r7, #112]	@ 0x70
10001c1a:	4667      	mov	r7, ip
10001c1c:	4770      	bx	lr
10001c1e:	2800      	cmp	r0, #0
10001c20:	d001      	beq.n	10001c26 <udiv0+0x4>

10001c22 <udiv0>:
10001c22:	4807      	ldr	r0, [pc, #28]	@ (10001c40 <udiv0+0x1e>)
10001c24:	0001      	movs	r1, r0
10001c26:	b500      	push	{lr}
10001c28:	f004 fe8e 	bl	10006948 <____aeabi_ldiv0_veneer>
10001c2c:	2200      	movs	r2, #0
10001c2e:	2300      	movs	r3, #0
10001c30:	bd00      	pop	{pc}
10001c32:	0002      	movs	r2, r0
10001c34:	000b      	movs	r3, r1
10001c36:	2000      	movs	r0, #0
10001c38:	2100      	movs	r1, #0
10001c3a:	4770      	bx	lr
10001c3c:	d0000000 	.word	0xd0000000
10001c40:	ffffffff 	.word	0xffffffff

10001c44 <y64>:
10001c44:	2b00      	cmp	r3, #0
10001c46:	d000      	beq.n	10001c4a <y64+0x6>
10001c48:	e0bf      	b.n	10001dca <y64_x48>
10001c4a:	0c13      	lsrs	r3, r2, #16
10001c4c:	d128      	bne.n	10001ca0 <y64_x32>
10001c4e:	2a00      	cmp	r2, #0
10001c50:	d0e7      	beq.n	10001c22 <udiv0>
10001c52:	b480      	push	{r7}
10001c54:	4f11      	ldr	r7, [pc, #68]	@ (10001c9c <y64+0x58>)
10001c56:	6639      	str	r1, [r7, #96]	@ 0x60
10001c58:	667a      	str	r2, [r7, #100]	@ 0x64
10001c5a:	e7ff      	b.n	10001c5c <y64+0x18>
10001c5c:	e7ff      	b.n	10001c5e <y64+0x1a>
10001c5e:	b430      	push	{r4, r5}
10001c60:	0c04      	lsrs	r4, r0, #16
10001c62:	6f7b      	ldr	r3, [r7, #116]	@ 0x74
10001c64:	6f39      	ldr	r1, [r7, #112]	@ 0x70
10001c66:	041b      	lsls	r3, r3, #16
10001c68:	4323      	orrs	r3, r4
10001c6a:	663b      	str	r3, [r7, #96]	@ 0x60
10001c6c:	667a      	str	r2, [r7, #100]	@ 0x64
10001c6e:	e7ff      	b.n	10001c70 <y64+0x2c>
10001c70:	e7ff      	b.n	10001c72 <y64+0x2e>
10001c72:	e7ff      	b.n	10001c74 <y64+0x30>
10001c74:	46c0      	nop			@ (mov r8, r8)
10001c76:	b284      	uxth	r4, r0
10001c78:	6f7b      	ldr	r3, [r7, #116]	@ 0x74
10001c7a:	6f3d      	ldr	r5, [r7, #112]	@ 0x70
10001c7c:	041b      	lsls	r3, r3, #16
10001c7e:	4323      	orrs	r3, r4
10001c80:	663b      	str	r3, [r7, #96]	@ 0x60
10001c82:	667a      	str	r2, [r7, #100]	@ 0x64
10001c84:	e7ff      	b.n	10001c86 <y64+0x42>
10001c86:	e7ff      	b.n	10001c88 <y64+0x44>
10001c88:	46c0      	nop			@ (mov r8, r8)
10001c8a:	2300      	movs	r3, #0
10001c8c:	042c      	lsls	r4, r5, #16
10001c8e:	0c2d      	lsrs	r5, r5, #16
10001c90:	6f7a      	ldr	r2, [r7, #116]	@ 0x74
10001c92:	6f38      	ldr	r0, [r7, #112]	@ 0x70
10001c94:	1900      	adds	r0, r0, r4
10001c96:	4169      	adcs	r1, r5
10001c98:	bcb0      	pop	{r4, r5, r7}
10001c9a:	4770      	bx	lr
10001c9c:	d0000000 	.word	0xd0000000

10001ca0 <y64_x32>:
10001ca0:	b5f0      	push	{r4, r5, r6, r7, lr}
10001ca2:	4694      	mov	ip, r2
10001ca4:	2500      	movs	r5, #0
10001ca6:	0e14      	lsrs	r4, r2, #24
10001ca8:	d101      	bne.n	10001cae <y64_x32+0xe>
10001caa:	0212      	lsls	r2, r2, #8
10001cac:	3508      	adds	r5, #8
10001cae:	0f14      	lsrs	r4, r2, #28
10001cb0:	d101      	bne.n	10001cb6 <y64_x32+0x16>
10001cb2:	0112      	lsls	r2, r2, #4
10001cb4:	3504      	adds	r5, #4
10001cb6:	0f94      	lsrs	r4, r2, #30
10001cb8:	d101      	bne.n	10001cbe <y64_x32+0x1e>
10001cba:	0092      	lsls	r2, r2, #2
10001cbc:	3502      	adds	r5, #2
10001cbe:	0fd4      	lsrs	r4, r2, #31
10001cc0:	d101      	bne.n	10001cc6 <y64_x32+0x26>
10001cc2:	0052      	lsls	r2, r2, #1
10001cc4:	3501      	adds	r5, #1
10001cc6:	0bd4      	lsrs	r4, r2, #15
10001cc8:	3401      	adds	r4, #1
10001cca:	4f25      	ldr	r7, [pc, #148]	@ (10001d60 <y64_x32+0xc0>)
10001ccc:	667c      	str	r4, [r7, #100]	@ 0x64
10001cce:	4c25      	ldr	r4, [pc, #148]	@ (10001d64 <y64_x32+0xc4>)
10001cd0:	663c      	str	r4, [r7, #96]	@ 0x60
10001cd2:	0c0e      	lsrs	r6, r1, #16
10001cd4:	b293      	uxth	r3, r2
10001cd6:	e7ff      	b.n	10001cd8 <y64_x32+0x38>
10001cd8:	e7ff      	b.n	10001cda <y64_x32+0x3a>
10001cda:	e7ff      	b.n	10001cdc <y64_x32+0x3c>
10001cdc:	6f3c      	ldr	r4, [r7, #112]	@ 0x70
10001cde:	4366      	muls	r6, r4
10001ce0:	0c36      	lsrs	r6, r6, #16
10001ce2:	0377      	lsls	r7, r6, #13
10001ce4:	46be      	mov	lr, r7
10001ce6:	4373      	muls	r3, r6
10001ce8:	0bdf      	lsrs	r7, r3, #15
10001cea:	045b      	lsls	r3, r3, #17
10001cec:	1ac0      	subs	r0, r0, r3
10001cee:	41b9      	sbcs	r1, r7
10001cf0:	0c13      	lsrs	r3, r2, #16
10001cf2:	4373      	muls	r3, r6
10001cf4:	18db      	adds	r3, r3, r3
10001cf6:	1ac9      	subs	r1, r1, r3
10001cf8:	08ce      	lsrs	r6, r1, #3
10001cfa:	4366      	muls	r6, r4
10001cfc:	0c36      	lsrs	r6, r6, #16
10001cfe:	44b6      	add	lr, r6
10001d00:	b293      	uxth	r3, r2
10001d02:	4373      	muls	r3, r6
10001d04:	0f1f      	lsrs	r7, r3, #28
10001d06:	011b      	lsls	r3, r3, #4
10001d08:	1ac0      	subs	r0, r0, r3
10001d0a:	41b9      	sbcs	r1, r7
10001d0c:	0c13      	lsrs	r3, r2, #16
10001d0e:	4373      	muls	r3, r6
10001d10:	0b1f      	lsrs	r7, r3, #12
10001d12:	051b      	lsls	r3, r3, #20
10001d14:	1ac0      	subs	r0, r0, r3
10001d16:	41b9      	sbcs	r1, r7
10001d18:	0d86      	lsrs	r6, r0, #22
10001d1a:	028f      	lsls	r7, r1, #10
10001d1c:	433e      	orrs	r6, r7
10001d1e:	4366      	muls	r6, r4
10001d20:	0c36      	lsrs	r6, r6, #16
10001d22:	2d09      	cmp	r5, #9
10001d24:	db24      	blt.n	10001d70 <last0>
10001d26:	0a52      	lsrs	r2, r2, #9
10001d28:	4372      	muls	r2, r6
10001d2a:	1a80      	subs	r0, r0, r2
10001d2c:	0377      	lsls	r7, r6, #13
10001d2e:	0a46      	lsrs	r6, r0, #9
10001d30:	4366      	muls	r6, r4
10001d32:	0c36      	lsrs	r6, r6, #16
10001d34:	2316      	movs	r3, #22
10001d36:	1b5b      	subs	r3, r3, r5
10001d38:	40de      	lsrs	r6, r3
10001d3a:	40df      	lsrs	r7, r3
10001d3c:	19bf      	adds	r7, r7, r6
10001d3e:	4664      	mov	r4, ip
10001d40:	4366      	muls	r6, r4
10001d42:	1b82      	subs	r2, r0, r6
10001d44:	4670      	mov	r0, lr
10001d46:	3504      	adds	r5, #4
10001d48:	3306      	adds	r3, #6
10001d4a:	0001      	movs	r1, r0
10001d4c:	40d9      	lsrs	r1, r3
10001d4e:	40a8      	lsls	r0, r5
10001d50:	19c0      	adds	r0, r0, r7
10001d52:	d300      	bcc.n	10001d56 <y64_x32+0xb6>
10001d54:	3101      	adds	r1, #1
10001d56:	42a2      	cmp	r2, r4
10001d58:	d206      	bcs.n	10001d68 <y64_x32+0xc8>
10001d5a:	2300      	movs	r3, #0
10001d5c:	bdf0      	pop	{r4, r5, r6, r7, pc}
10001d5e:	0000      	.short	0x0000
10001d60:	d0000000 	.word	0xd0000000
10001d64:	ffffffff 	.word	0xffffffff
10001d68:	1b12      	subs	r2, r2, r4
10001d6a:	3001      	adds	r0, #1
10001d6c:	d3f3      	bcc.n	10001d56 <y64_x32+0xb6>
10001d6e:	e7f1      	b.n	10001d54 <y64_x32+0xb4>

10001d70 <last0>:
10001d70:	2709      	movs	r7, #9
10001d72:	1b7f      	subs	r7, r7, r5
10001d74:	40fe      	lsrs	r6, r7
10001d76:	4664      	mov	r4, ip
10001d78:	b2a2      	uxth	r2, r4
10001d7a:	4372      	muls	r2, r6
10001d7c:	1a80      	subs	r0, r0, r2
10001d7e:	d200      	bcs.n	10001d82 <last0+0x12>
10001d80:	3901      	subs	r1, #1
10001d82:	0c22      	lsrs	r2, r4, #16
10001d84:	4372      	muls	r2, r6
10001d86:	0c13      	lsrs	r3, r2, #16
10001d88:	0412      	lsls	r2, r2, #16
10001d8a:	1a82      	subs	r2, r0, r2
10001d8c:	4199      	sbcs	r1, r3
10001d8e:	000b      	movs	r3, r1
10001d90:	4670      	mov	r0, lr
10001d92:	3504      	adds	r5, #4
10001d94:	3713      	adds	r7, #19
10001d96:	0001      	movs	r1, r0
10001d98:	40f9      	lsrs	r1, r7
10001d9a:	40a8      	lsls	r0, r5
10001d9c:	1980      	adds	r0, r0, r6
10001d9e:	d300      	bcc.n	10001da2 <last0+0x32>
10001da0:	3101      	adds	r1, #1
10001da2:	2b00      	cmp	r3, #0
10001da4:	d102      	bne.n	10001dac <last0+0x3c>
10001da6:	42a2      	cmp	r2, r4
10001da8:	d20a      	bcs.n	10001dc0 <last0+0x50>
10001daa:	bdf0      	pop	{r4, r5, r6, r7, pc}
10001dac:	3001      	adds	r0, #1
10001dae:	d300      	bcc.n	10001db2 <last0+0x42>
10001db0:	3101      	adds	r1, #1
10001db2:	1b12      	subs	r2, r2, r4
10001db4:	d2fa      	bcs.n	10001dac <last0+0x3c>
10001db6:	3b01      	subs	r3, #1
10001db8:	d1f8      	bne.n	10001dac <last0+0x3c>
10001dba:	42a2      	cmp	r2, r4
10001dbc:	d200      	bcs.n	10001dc0 <last0+0x50>
10001dbe:	bdf0      	pop	{r4, r5, r6, r7, pc}
10001dc0:	3001      	adds	r0, #1
10001dc2:	d300      	bcc.n	10001dc6 <last0+0x56>
10001dc4:	3101      	adds	r1, #1
10001dc6:	1b12      	subs	r2, r2, r4
10001dc8:	e7f7      	b.n	10001dba <last0+0x4a>

10001dca <y64_x48>:
10001dca:	b5f0      	push	{r4, r5, r6, r7, lr}
10001dcc:	0c1c      	lsrs	r4, r3, #16
10001dce:	d000      	beq.n	10001dd2 <y64_x48+0x8>
10001dd0:	e080      	b.n	10001ed4 <y64_x64>
10001dd2:	b40c      	push	{r2, r3}
10001dd4:	2500      	movs	r5, #0
10001dd6:	0a1c      	lsrs	r4, r3, #8
10001dd8:	d104      	bne.n	10001de4 <y64_x48+0x1a>
10001dda:	021b      	lsls	r3, r3, #8
10001ddc:	0e16      	lsrs	r6, r2, #24
10001dde:	4333      	orrs	r3, r6
10001de0:	0212      	lsls	r2, r2, #8
10001de2:	3508      	adds	r5, #8
10001de4:	0b1c      	lsrs	r4, r3, #12
10001de6:	d104      	bne.n	10001df2 <y64_x48+0x28>
10001de8:	011b      	lsls	r3, r3, #4
10001dea:	0f16      	lsrs	r6, r2, #28
10001dec:	4333      	orrs	r3, r6
10001dee:	0112      	lsls	r2, r2, #4
10001df0:	3504      	adds	r5, #4
10001df2:	0b9c      	lsrs	r4, r3, #14
10001df4:	d104      	bne.n	10001e00 <y64_x48+0x36>
10001df6:	009b      	lsls	r3, r3, #2
10001df8:	0f96      	lsrs	r6, r2, #30
10001dfa:	4333      	orrs	r3, r6
10001dfc:	0092      	lsls	r2, r2, #2
10001dfe:	3502      	adds	r5, #2
10001e00:	0bdc      	lsrs	r4, r3, #15
10001e02:	d102      	bne.n	10001e0a <y64_x48+0x40>
10001e04:	1892      	adds	r2, r2, r2
10001e06:	415b      	adcs	r3, r3
10001e08:	3501      	adds	r5, #1
10001e0a:	001c      	movs	r4, r3
10001e0c:	1897      	adds	r7, r2, r2
10001e0e:	4164      	adcs	r4, r4
10001e10:	3401      	adds	r4, #1
10001e12:	4f46      	ldr	r7, [pc, #280]	@ (10001f2c <y64_x64+0x58>)
10001e14:	667c      	str	r4, [r7, #100]	@ 0x64
10001e16:	4c46      	ldr	r4, [pc, #280]	@ (10001f30 <y64_x64+0x5c>)
10001e18:	663c      	str	r4, [r7, #96]	@ 0x60
10001e1a:	0c0e      	lsrs	r6, r1, #16
10001e1c:	e7ff      	b.n	10001e1e <y64_x48+0x54>
10001e1e:	e7ff      	b.n	10001e20 <y64_x48+0x56>
10001e20:	e7ff      	b.n	10001e22 <y64_x48+0x58>
10001e22:	46c0      	nop			@ (mov r8, r8)
10001e24:	6f3c      	ldr	r4, [r7, #112]	@ 0x70
10001e26:	4366      	muls	r6, r4
10001e28:	0c36      	lsrs	r6, r6, #16
10001e2a:	0377      	lsls	r7, r6, #13
10001e2c:	46be      	mov	lr, r7
10001e2e:	b297      	uxth	r7, r2
10001e30:	4377      	muls	r7, r6
10001e32:	1bc0      	subs	r0, r0, r7
10001e34:	d200      	bcs.n	10001e38 <y64_x48+0x6e>
10001e36:	3901      	subs	r1, #1
10001e38:	1bc0      	subs	r0, r0, r7
10001e3a:	d200      	bcs.n	10001e3e <y64_x48+0x74>
10001e3c:	3901      	subs	r1, #1
10001e3e:	b29f      	uxth	r7, r3
10001e40:	4377      	muls	r7, r6
10001e42:	1bc9      	subs	r1, r1, r7
10001e44:	1bc9      	subs	r1, r1, r7
10001e46:	0c17      	lsrs	r7, r2, #16
10001e48:	4377      	muls	r7, r6
10001e4a:	047e      	lsls	r6, r7, #17
10001e4c:	0bff      	lsrs	r7, r7, #15
10001e4e:	1b80      	subs	r0, r0, r6
10001e50:	41b9      	sbcs	r1, r7
10001e52:	08ce      	lsrs	r6, r1, #3
10001e54:	4366      	muls	r6, r4
10001e56:	0c36      	lsrs	r6, r6, #16
10001e58:	2d0c      	cmp	r5, #12
10001e5a:	db33      	blt.n	10001ec4 <last1>
10001e5c:	44b6      	add	lr, r6
10001e5e:	0b12      	lsrs	r2, r2, #12
10001e60:	051f      	lsls	r7, r3, #20
10001e62:	433a      	orrs	r2, r7
10001e64:	0b1b      	lsrs	r3, r3, #12
10001e66:	b297      	uxth	r7, r2
10001e68:	4377      	muls	r7, r6
10001e6a:	1bc0      	subs	r0, r0, r7
10001e6c:	d200      	bcs.n	10001e70 <y64_x48+0xa6>
10001e6e:	3901      	subs	r1, #1
10001e70:	b29f      	uxth	r7, r3
10001e72:	4377      	muls	r7, r6
10001e74:	1bc9      	subs	r1, r1, r7
10001e76:	0c17      	lsrs	r7, r2, #16
10001e78:	4377      	muls	r7, r6
10001e7a:	043e      	lsls	r6, r7, #16
10001e7c:	0c3f      	lsrs	r7, r7, #16
10001e7e:	1b80      	subs	r0, r0, r6
10001e80:	41b9      	sbcs	r1, r7
10001e82:	0d86      	lsrs	r6, r0, #22
10001e84:	028f      	lsls	r7, r1, #10
10001e86:	433e      	orrs	r6, r7
10001e88:	4366      	muls	r6, r4
10001e8a:	2729      	movs	r7, #41	@ 0x29
10001e8c:	1b7f      	subs	r7, r7, r5
10001e8e:	40fe      	lsrs	r6, r7
10001e90:	3d0c      	subs	r5, #12
10001e92:	4677      	mov	r7, lr
10001e94:	40af      	lsls	r7, r5
10001e96:	19bf      	adds	r7, r7, r6
10001e98:	bc30      	pop	{r4, r5}
10001e9a:	b2a2      	uxth	r2, r4
10001e9c:	b2ab      	uxth	r3, r5
10001e9e:	4372      	muls	r2, r6
10001ea0:	4373      	muls	r3, r6
10001ea2:	1a80      	subs	r0, r0, r2
10001ea4:	4199      	sbcs	r1, r3
10001ea6:	0c22      	lsrs	r2, r4, #16
10001ea8:	4372      	muls	r2, r6
10001eaa:	0c13      	lsrs	r3, r2, #16
10001eac:	0412      	lsls	r2, r2, #16
10001eae:	1a80      	subs	r0, r0, r2
10001eb0:	4199      	sbcs	r1, r3
10001eb2:	0002      	movs	r2, r0
10001eb4:	000b      	movs	r3, r1
10001eb6:	3701      	adds	r7, #1
10001eb8:	1b00      	subs	r0, r0, r4
10001eba:	41a9      	sbcs	r1, r5
10001ebc:	d2f9      	bcs.n	10001eb2 <y64_x48+0xe8>
10001ebe:	1e78      	subs	r0, r7, #1
10001ec0:	2100      	movs	r1, #0
10001ec2:	bdf0      	pop	{r4, r5, r6, r7, pc}

10001ec4 <last1>:
10001ec4:	270c      	movs	r7, #12
10001ec6:	1b7f      	subs	r7, r7, r5
10001ec8:	40fe      	lsrs	r6, r7
10001eca:	4677      	mov	r7, lr
10001ecc:	0b7f      	lsrs	r7, r7, #13
10001ece:	40af      	lsls	r7, r5
10001ed0:	19ff      	adds	r7, r7, r7
10001ed2:	e7e0      	b.n	10001e96 <y64_x48+0xcc>

10001ed4 <y64_x64>:
10001ed4:	2400      	movs	r4, #0
10001ed6:	1c5d      	adds	r5, r3, #1
10001ed8:	d007      	beq.n	10001eea <y64_x64+0x16>
10001eda:	4f14      	ldr	r7, [pc, #80]	@ (10001f2c <y64_x64+0x58>)
10001edc:	667d      	str	r5, [r7, #100]	@ 0x64
10001ede:	6639      	str	r1, [r7, #96]	@ 0x60
10001ee0:	e7ff      	b.n	10001ee2 <y64_x64+0xe>
10001ee2:	e7ff      	b.n	10001ee4 <y64_x64+0x10>
10001ee4:	e7ff      	b.n	10001ee6 <y64_x64+0x12>
10001ee6:	e7ff      	b.n	10001ee8 <y64_x64+0x14>
10001ee8:	6f3c      	ldr	r4, [r7, #112]	@ 0x70
10001eea:	b295      	uxth	r5, r2
10001eec:	b29e      	uxth	r6, r3
10001eee:	4365      	muls	r5, r4
10001ef0:	4366      	muls	r6, r4
10001ef2:	1b40      	subs	r0, r0, r5
10001ef4:	41b1      	sbcs	r1, r6
10001ef6:	0c15      	lsrs	r5, r2, #16
10001ef8:	0c1e      	lsrs	r6, r3, #16
10001efa:	4365      	muls	r5, r4
10001efc:	4366      	muls	r6, r4
10001efe:	0436      	lsls	r6, r6, #16
10001f00:	0c2f      	lsrs	r7, r5, #16
10001f02:	433e      	orrs	r6, r7
10001f04:	042d      	lsls	r5, r5, #16
10001f06:	1b40      	subs	r0, r0, r5
10001f08:	41b1      	sbcs	r1, r6
10001f0a:	4299      	cmp	r1, r3
10001f0c:	d204      	bcs.n	10001f18 <y64_x64+0x44>
10001f0e:	0002      	movs	r2, r0
10001f10:	000b      	movs	r3, r1
10001f12:	0020      	movs	r0, r4
10001f14:	2100      	movs	r1, #0
10001f16:	bdf0      	pop	{r4, r5, r6, r7, pc}
10001f18:	d101      	bne.n	10001f1e <y64_x64+0x4a>
10001f1a:	4290      	cmp	r0, r2
10001f1c:	d3f7      	bcc.n	10001f0e <y64_x64+0x3a>
10001f1e:	1a80      	subs	r0, r0, r2
10001f20:	4199      	sbcs	r1, r3
10001f22:	3401      	adds	r4, #1
10001f24:	4299      	cmp	r1, r3
10001f26:	d3f2      	bcc.n	10001f0e <y64_x64+0x3a>
10001f28:	e7f6      	b.n	10001f18 <y64_x64+0x44>
10001f2a:	0000      	.short	0x0000
10001f2c:	d0000000 	.word	0xd0000000
10001f30:	ffffffff 	.word	0xffffffff

10001f34 <__wrap___aeabi_drsub>:
10001f34:	4048      	eors	r0, r1
10001f36:	4041      	eors	r1, r0
10001f38:	4048      	eors	r0, r1

10001f3a <__wrap___aeabi_dsub>:
10001f3a:	b418      	push	{r3, r4}
10001f3c:	4b1b      	ldr	r3, [pc, #108]	@ (10001fac <__wrap___aeabi_dmul+0x12>)
10001f3e:	685b      	ldr	r3, [r3, #4]
10001f40:	46fc      	mov	ip, pc
10001f42:	9301      	str	r3, [sp, #4]
10001f44:	bd08      	pop	{r3, pc}
10001f46:	df04      	.short	0xdf04
10001f48:	100021df 	.word	0x100021df

10001f4c <__wrap___aeabi_dadd>:
10001f4c:	b418      	push	{r3, r4}
10001f4e:	4b17      	ldr	r3, [pc, #92]	@ (10001fac <__wrap___aeabi_dmul+0x12>)
10001f50:	681b      	ldr	r3, [r3, #0]
10001f52:	46fc      	mov	ip, pc
10001f54:	9301      	str	r3, [sp, #4]
10001f56:	bd08      	pop	{r3, pc}
10001f58:	21e9df00 	.word	0x21e9df00
10001f5c:	1000      	.short	0x1000

10001f5e <__wrap___aeabi_ddiv>:
10001f5e:	4694      	mov	ip, r2
10001f60:	4a13      	ldr	r2, [pc, #76]	@ (10001fb0 <__wrap___aeabi_dmul+0x16>)
10001f62:	6f92      	ldr	r2, [r2, #120]	@ 0x78
10001f64:	0892      	lsrs	r2, r2, #2
10001f66:	d209      	bcs.n	10001f7c <ddiv_save_state>
10001f68:	4662      	mov	r2, ip

10001f6a <ddiv_shim_call>:
10001f6a:	b418      	push	{r3, r4}
10001f6c:	4b0f      	ldr	r3, [pc, #60]	@ (10001fac <__wrap___aeabi_dmul+0x12>)
10001f6e:	68db      	ldr	r3, [r3, #12]
10001f70:	46fc      	mov	ip, pc
10001f72:	9301      	str	r3, [sp, #4]
10001f74:	bd08      	pop	{r3, pc}
10001f76:	df0c      	.short	0xdf0c
10001f78:	100024a1 	.word	0x100024a1

10001f7c <ddiv_save_state>:
10001f7c:	4a0c      	ldr	r2, [pc, #48]	@ (10001fb0 <__wrap___aeabi_dmul+0x16>)
10001f7e:	b5f0      	push	{r4, r5, r6, r7, lr}
10001f80:	6e14      	ldr	r4, [r2, #96]	@ 0x60
10001f82:	6e55      	ldr	r5, [r2, #100]	@ 0x64
10001f84:	6f57      	ldr	r7, [r2, #116]	@ 0x74
10001f86:	6f16      	ldr	r6, [r2, #112]	@ 0x70
10001f88:	4662      	mov	r2, ip
10001f8a:	f7ff ffee 	bl	10001f6a <ddiv_shim_call>
10001f8e:	4a08      	ldr	r2, [pc, #32]	@ (10001fb0 <__wrap___aeabi_dmul+0x16>)
10001f90:	6614      	str	r4, [r2, #96]	@ 0x60
10001f92:	6655      	str	r5, [r2, #100]	@ 0x64
10001f94:	6757      	str	r7, [r2, #116]	@ 0x74
10001f96:	6716      	str	r6, [r2, #112]	@ 0x70
10001f98:	bdf0      	pop	{r4, r5, r6, r7, pc}

10001f9a <__wrap___aeabi_dmul>:
10001f9a:	b418      	push	{r3, r4}
10001f9c:	4b03      	ldr	r3, [pc, #12]	@ (10001fac <__wrap___aeabi_dmul+0x12>)
10001f9e:	689b      	ldr	r3, [r3, #8]
10001fa0:	46fc      	mov	ip, pc
10001fa2:	9301      	str	r3, [sp, #4]
10001fa4:	bd08      	pop	{r3, pc}
10001fa6:	df08      	.short	0xdf08
10001fa8:	10002345 	.word	0x10002345
10001fac:	20001230 	.word	0x20001230
10001fb0:	d0000000 	.word	0xd0000000

10001fb4 <__wrap___aeabi_cdrcmple>:
10001fb4:	b5ff      	push	{r0, r1, r2, r3, r4, r5, r6, r7, lr}
10001fb6:	4050      	eors	r0, r2
10001fb8:	4042      	eors	r2, r0
10001fba:	4050      	eors	r0, r2
10001fbc:	4059      	eors	r1, r3
10001fbe:	404b      	eors	r3, r1
10001fc0:	4059      	eors	r1, r3
10001fc2:	e000      	b.n	10001fc6 <__aeabi_dfcmple_guts>

10001fc4 <__wrap___aeabi_cdcmpeq>:
10001fc4:	b5ff      	push	{r0, r1, r2, r3, r4, r5, r6, r7, lr}

10001fc6 <__aeabi_dfcmple_guts>:
10001fc6:	4f15      	ldr	r7, [pc, #84]	@ (1000201c <__aeabi_dfcmple_guts+0x56>)
10001fc8:	004c      	lsls	r4, r1, #1
10001fca:	0d64      	lsrs	r4, r4, #21
10001fcc:	d003      	beq.n	10001fd6 <__aeabi_dfcmple_guts+0x10>
10001fce:	42bc      	cmp	r4, r7
10001fd0:	d104      	bne.n	10001fdc <__aeabi_dfcmple_guts+0x16>
10001fd2:	030c      	lsls	r4, r1, #12
10001fd4:	d814      	bhi.n	10002000 <__aeabi_dfcmple_guts+0x3a>
10001fd6:	2000      	movs	r0, #0
10001fd8:	0d09      	lsrs	r1, r1, #20
10001fda:	0509      	lsls	r1, r1, #20
10001fdc:	005c      	lsls	r4, r3, #1
10001fde:	0d64      	lsrs	r4, r4, #21
10001fe0:	d003      	beq.n	10001fea <__aeabi_dfcmple_guts+0x24>
10001fe2:	42bc      	cmp	r4, r7
10001fe4:	d104      	bne.n	10001ff0 <__aeabi_dfcmple_guts+0x2a>
10001fe6:	031c      	lsls	r4, r3, #12
10001fe8:	d80a      	bhi.n	10002000 <__aeabi_dfcmple_guts+0x3a>
10001fea:	2200      	movs	r2, #0
10001fec:	0d1b      	lsrs	r3, r3, #20
10001fee:	051b      	lsls	r3, r3, #20
10001ff0:	2601      	movs	r6, #1
10001ff2:	404b      	eors	r3, r1
10001ff4:	d409      	bmi.n	1000200a <__aeabi_dfcmple_guts+0x44>
10001ff6:	404b      	eors	r3, r1
10001ff8:	d503      	bpl.n	10002002 <__aeabi_dfcmple_guts+0x3c>
10001ffa:	428b      	cmp	r3, r1
10001ffc:	d100      	bne.n	10002000 <__aeabi_dfcmple_guts+0x3a>
10001ffe:	4282      	cmp	r2, r0
10002000:	bdff      	pop	{r0, r1, r2, r3, r4, r5, r6, r7, pc}
10002002:	4299      	cmp	r1, r3
10002004:	d1fc      	bne.n	10002000 <__aeabi_dfcmple_guts+0x3a>
10002006:	4290      	cmp	r0, r2
10002008:	bdff      	pop	{r0, r1, r2, r3, r4, r5, r6, r7, pc}
1000200a:	430b      	orrs	r3, r1
1000200c:	18db      	adds	r3, r3, r3
1000200e:	4303      	orrs	r3, r0
10002010:	4313      	orrs	r3, r2
10002012:	d0f5      	beq.n	10002000 <__aeabi_dfcmple_guts+0x3a>
10002014:	43c9      	mvns	r1, r1
10002016:	1849      	adds	r1, r1, r1
10002018:	bdff      	pop	{r0, r1, r2, r3, r4, r5, r6, r7, pc}
1000201a:	0000      	.short	0x0000
1000201c:	000007ff 	.word	0x000007ff

10002020 <__wrap___aeabi_dcmplt>:
10002020:	b500      	push	{lr}
10002022:	f7ff ffcf 	bl	10001fc4 <__wrap___aeabi_cdcmpeq>
10002026:	4180      	sbcs	r0, r0
10002028:	bd00      	pop	{pc}
1000202a:	46c0      	nop			@ (mov r8, r8)

1000202c <__wrap___aeabi_dcmple>:
1000202c:	b500      	push	{lr}
1000202e:	f7ff ffc9 	bl	10001fc4 <__wrap___aeabi_cdcmpeq>
10002032:	d901      	bls.n	10002038 <__wrap___aeabi_dcmple+0xc>
10002034:	2000      	movs	r0, #0
10002036:	bd00      	pop	{pc}
10002038:	2001      	movs	r0, #1
1000203a:	bd00      	pop	{pc}

1000203c <__wrap___aeabi_dcmpge>:
1000203c:	b500      	push	{lr}
1000203e:	f7ff ffb9 	bl	10001fb4 <__wrap___aeabi_cdrcmple>
10002042:	d901      	bls.n	10002048 <__wrap___aeabi_dcmpge+0xc>
10002044:	2000      	movs	r0, #0
10002046:	bd00      	pop	{pc}
10002048:	2001      	movs	r0, #1
1000204a:	bd00      	pop	{pc}

1000204c <__wrap___aeabi_dcmpgt>:
1000204c:	b500      	push	{lr}
1000204e:	f7ff ffb1 	bl	10001fb4 <__wrap___aeabi_cdrcmple>
10002052:	4180      	sbcs	r0, r0
10002054:	bd00      	pop	{pc}

10002056 <__wrap___aeabi_dcmpun>:
10002056:	2001      	movs	r0, #1
10002058:	0540      	lsls	r0, r0, #21
1000205a:	004a      	lsls	r2, r1, #1
1000205c:	1812      	adds	r2, r2, r0
1000205e:	d804      	bhi.n	1000206a <__wrap___aeabi_dcmpun+0x14>
10002060:	005a      	lsls	r2, r3, #1
10002062:	1812      	adds	r2, r2, r0
10002064:	d801      	bhi.n	1000206a <__wrap___aeabi_dcmpun+0x14>
10002066:	2000      	movs	r0, #0
10002068:	4770      	bx	lr
1000206a:	2001      	movs	r0, #1
1000206c:	4770      	bx	lr
	...

10002070 <__wrap___aeabi_ui2d>:
10002070:	2100      	movs	r1, #0
10002072:	2800      	cmp	r0, #0
10002074:	d105      	bne.n	10002082 <__wrap___aeabi_i2d+0xa>
10002076:	4770      	bx	lr

10002078 <__wrap___aeabi_i2d>:
10002078:	17c1      	asrs	r1, r0, #31
1000207a:	4048      	eors	r0, r1
1000207c:	1a40      	subs	r0, r0, r1
1000207e:	d0fa      	beq.n	10002076 <__wrap___aeabi_ui2d+0x6>
10002080:	07c9      	lsls	r1, r1, #31
10002082:	b513      	push	{r0, r1, r4, lr}
10002084:	4b06      	ldr	r3, [pc, #24]	@ (100020a0 <__wrap___aeabi_i2d+0x28>)
10002086:	681b      	ldr	r3, [r3, #0]
10002088:	4798      	blx	r3
1000208a:	bc0c      	pop	{r2, r3}
1000208c:	1c44      	adds	r4, r0, #1
1000208e:	40a2      	lsls	r2, r4
10002090:	0510      	lsls	r0, r2, #20
10002092:	0b12      	lsrs	r2, r2, #12
10002094:	4903      	ldr	r1, [pc, #12]	@ (100020a4 <__wrap___aeabi_i2d+0x2c>)
10002096:	1b09      	subs	r1, r1, r4
10002098:	0509      	lsls	r1, r1, #20
1000209a:	4319      	orrs	r1, r3
1000209c:	4311      	orrs	r1, r2
1000209e:	bd10      	pop	{r4, pc}
100020a0:	20001d58 	.word	0x20001d58
100020a4:	0000041f 	.word	0x0000041f

100020a8 <__wrap___aeabi_d2iz>:
100020a8:	b510      	push	{r4, lr}
100020aa:	004c      	lsls	r4, r1, #1
100020ac:	0d62      	lsrs	r2, r4, #21
100020ae:	2380      	movs	r3, #128	@ 0x80
100020b0:	18d2      	adds	r2, r2, r3
100020b2:	00db      	lsls	r3, r3, #3
100020b4:	1ad2      	subs	r2, r2, r3
100020b6:	055b      	lsls	r3, r3, #21
100020b8:	2a7e      	cmp	r2, #126	@ 0x7e
100020ba:	dd10      	ble.n	100020de <__wrap___aeabi_d2iz+0x36>
100020bc:	3a9e      	subs	r2, #158	@ 0x9e
100020be:	da13      	bge.n	100020e8 <__wrap___aeabi_d2iz+0x40>
100020c0:	17cc      	asrs	r4, r1, #31
100020c2:	0309      	lsls	r1, r1, #12
100020c4:	0849      	lsrs	r1, r1, #1
100020c6:	4319      	orrs	r1, r3
100020c8:	4252      	negs	r2, r2
100020ca:	40d1      	lsrs	r1, r2
100020cc:	0064      	lsls	r4, r4, #1
100020ce:	3401      	adds	r4, #1
100020d0:	3215      	adds	r2, #21
100020d2:	2a20      	cmp	r2, #32
100020d4:	da05      	bge.n	100020e2 <__wrap___aeabi_d2iz+0x3a>
100020d6:	40d0      	lsrs	r0, r2
100020d8:	4308      	orrs	r0, r1
100020da:	4360      	muls	r0, r4
100020dc:	bd10      	pop	{r4, pc}
100020de:	2000      	movs	r0, #0
100020e0:	bd10      	pop	{r4, pc}
100020e2:	4608      	mov	r0, r1
100020e4:	4360      	muls	r0, r4
100020e6:	bd10      	pop	{r4, pc}
100020e8:	0fc8      	lsrs	r0, r1, #31
100020ea:	18c0      	adds	r0, r0, r3
100020ec:	3801      	subs	r0, #1
100020ee:	bd10      	pop	{r4, pc}

100020f0 <__wrap___aeabi_d2uiz>:
100020f0:	b418      	push	{r3, r4}
100020f2:	4b04      	ldr	r3, [pc, #16]	@ (10002104 <__wrap___aeabi_d2uiz+0x14>)
100020f4:	6a5b      	ldr	r3, [r3, #36]	@ 0x24
100020f6:	46fc      	mov	ip, pc
100020f8:	9301      	str	r3, [sp, #4]
100020fa:	bd08      	pop	{r3, pc}
100020fc:	2651df24 	.word	0x2651df24
10002100:	00001000 	.word	0x00001000
10002104:	20001230 	.word	0x20001230

10002108 <__aeabi_double_init>:
10002108:	2313      	movs	r3, #19
1000210a:	b570      	push	{r4, r5, r6, lr}
1000210c:	781d      	ldrb	r5, [r3, #0]
1000210e:	2d01      	cmp	r5, #1
10002110:	d019      	beq.n	10002146 <__aeabi_double_init+0x3e>
10002112:	dd14      	ble.n	1000213e <__aeabi_double_init+0x36>
10002114:	481f      	ldr	r0, [pc, #124]	@ (10002194 <__aeabi_double_init+0x8c>)
10002116:	f7ff fb43 	bl	100017a0 <rom_data_lookup>
1000211a:	0006      	movs	r6, r0
1000211c:	481e      	ldr	r0, [pc, #120]	@ (10002198 <__aeabi_double_init+0x90>)
1000211e:	f7ff fb3f 	bl	100017a0 <rom_data_lookup>
10002122:	4c1e      	ldr	r4, [pc, #120]	@ (1000219c <__aeabi_double_init+0x94>)
10002124:	2280      	movs	r2, #128	@ 0x80
10002126:	0031      	movs	r1, r6
10002128:	0020      	movs	r0, r4
1000212a:	f000 fbb1 	bl	10002890 <__wrap___aeabi_memcpy>
1000212e:	2d02      	cmp	r5, #2
10002130:	d02d      	beq.n	1000218e <__aeabi_double_init+0x86>
10002132:	481b      	ldr	r0, [pc, #108]	@ (100021a0 <__aeabi_double_init+0x98>)
10002134:	f7ff fb2c 	bl	10001790 <rom_func_lookup>
10002138:	4b1a      	ldr	r3, [pc, #104]	@ (100021a4 <__aeabi_double_init+0x9c>)
1000213a:	6018      	str	r0, [r3, #0]
1000213c:	bd70      	pop	{r4, r5, r6, pc}
1000213e:	4b1a      	ldr	r3, [pc, #104]	@ (100021a8 <__aeabi_double_init+0xa0>)
10002140:	4c16      	ldr	r4, [pc, #88]	@ (1000219c <__aeabi_double_init+0x94>)
10002142:	64a3      	str	r3, [r4, #72]	@ 0x48
10002144:	e7f5      	b.n	10002132 <__aeabi_double_init+0x2a>
10002146:	4b18      	ldr	r3, [pc, #96]	@ (100021a8 <__aeabi_double_init+0xa0>)
10002148:	4c14      	ldr	r4, [pc, #80]	@ (1000219c <__aeabi_double_init+0x94>)
1000214a:	6023      	str	r3, [r4, #0]
1000214c:	6063      	str	r3, [r4, #4]
1000214e:	60a3      	str	r3, [r4, #8]
10002150:	60e3      	str	r3, [r4, #12]
10002152:	6123      	str	r3, [r4, #16]
10002154:	6163      	str	r3, [r4, #20]
10002156:	61a3      	str	r3, [r4, #24]
10002158:	61e3      	str	r3, [r4, #28]
1000215a:	6223      	str	r3, [r4, #32]
1000215c:	6263      	str	r3, [r4, #36]	@ 0x24
1000215e:	62a3      	str	r3, [r4, #40]	@ 0x28
10002160:	62e3      	str	r3, [r4, #44]	@ 0x2c
10002162:	6323      	str	r3, [r4, #48]	@ 0x30
10002164:	6363      	str	r3, [r4, #52]	@ 0x34
10002166:	63a3      	str	r3, [r4, #56]	@ 0x38
10002168:	63e3      	str	r3, [r4, #60]	@ 0x3c
1000216a:	6423      	str	r3, [r4, #64]	@ 0x40
1000216c:	6463      	str	r3, [r4, #68]	@ 0x44
1000216e:	64a3      	str	r3, [r4, #72]	@ 0x48
10002170:	64e3      	str	r3, [r4, #76]	@ 0x4c
10002172:	6523      	str	r3, [r4, #80]	@ 0x50
10002174:	6563      	str	r3, [r4, #84]	@ 0x54
10002176:	65a3      	str	r3, [r4, #88]	@ 0x58
10002178:	65e3      	str	r3, [r4, #92]	@ 0x5c
1000217a:	6623      	str	r3, [r4, #96]	@ 0x60
1000217c:	6663      	str	r3, [r4, #100]	@ 0x64
1000217e:	66a3      	str	r3, [r4, #104]	@ 0x68
10002180:	66e3      	str	r3, [r4, #108]	@ 0x6c
10002182:	6723      	str	r3, [r4, #112]	@ 0x70
10002184:	6763      	str	r3, [r4, #116]	@ 0x74
10002186:	67a3      	str	r3, [r4, #120]	@ 0x78
10002188:	67e3      	str	r3, [r4, #124]	@ 0x7c
1000218a:	64a3      	str	r3, [r4, #72]	@ 0x48
1000218c:	e7d1      	b.n	10002132 <__aeabi_double_init+0x2a>
1000218e:	4b06      	ldr	r3, [pc, #24]	@ (100021a8 <__aeabi_double_init+0xa0>)
10002190:	64a3      	str	r3, [r4, #72]	@ 0x48
10002192:	e7ce      	b.n	10002132 <__aeabi_double_init+0x2a>
10002194:	00004453 	.word	0x00004453
10002198:	00004653 	.word	0x00004653
1000219c:	20001230 	.word	0x20001230
100021a0:	0000334c 	.word	0x0000334c
100021a4:	20001d58 	.word	0x20001d58
100021a8:	100021ad 	.word	0x100021ad

100021ac <double_table_shim_on_use_helper>:
100021ac:	b507      	push	{r0, r1, r2, lr}
100021ae:	4660      	mov	r0, ip
100021b0:	8801      	ldrh	r1, [r0, #0]
100021b2:	0a0a      	lsrs	r2, r1, #8
100021b4:	3002      	adds	r0, #2
100021b6:	2adf      	cmp	r2, #223	@ 0xdf
100021b8:	d1fa      	bne.n	100021b0 <double_table_shim_on_use_helper+0x4>
100021ba:	b2c9      	uxtb	r1, r1
100021bc:	0882      	lsrs	r2, r0, #2
100021be:	d304      	bcc.n	100021ca <double_table_shim_on_use_helper+0x1e>
100021c0:	8802      	ldrh	r2, [r0, #0]
100021c2:	8840      	ldrh	r0, [r0, #2]
100021c4:	0400      	lsls	r0, r0, #16
100021c6:	4310      	orrs	r0, r2
100021c8:	e000      	b.n	100021cc <double_table_shim_on_use_helper+0x20>
100021ca:	6800      	ldr	r0, [r0, #0]
100021cc:	4a01      	ldr	r2, [pc, #4]	@ (100021d4 <double_table_shim_on_use_helper+0x28>)
100021ce:	5050      	str	r0, [r2, r1]
100021d0:	9003      	str	r0, [sp, #12]
100021d2:	bd07      	pop	{r0, r1, r2, pc}
100021d4:	20001230 	.word	0x20001230

100021d8 <drsub_shim>:
100021d8:	b40f      	push	{r0, r1, r2, r3}
100021da:	bc03      	pop	{r0, r1}
100021dc:	bc0c      	pop	{r2, r3}

100021de <dsub_shim>:
100021de:	b5f0      	push	{r4, r5, r6, r7, lr}
100021e0:	2401      	movs	r4, #1
100021e2:	07e4      	lsls	r4, r4, #31
100021e4:	4063      	eors	r3, r4
100021e6:	e000      	b.n	100021ea <da_entry>

100021e8 <dadd_shim>:
100021e8:	b5f0      	push	{r4, r5, r6, r7, lr}

100021ea <da_entry>:
100021ea:	0d0c      	lsrs	r4, r1, #20
100021ec:	0fcf      	lsrs	r7, r1, #31
100021ee:	1e66      	subs	r6, r4, #1
100021f0:	0536      	lsls	r6, r6, #20
100021f2:	1b89      	subs	r1, r1, r6
100021f4:	0564      	lsls	r4, r4, #21
100021f6:	d303      	bcc.n	10002200 <l8_1>
100021f8:	43c9      	mvns	r1, r1
100021fa:	4240      	negs	r0, r0
100021fc:	d300      	bcc.n	10002200 <l8_1>
100021fe:	3101      	adds	r1, #1

10002200 <l8_1>:
10002200:	0d64      	lsrs	r4, r4, #21
10002202:	d003      	beq.n	1000220c <l8_2>
10002204:	1c66      	adds	r6, r4, #1
10002206:	0af6      	lsrs	r6, r6, #11
10002208:	d007      	beq.n	1000221a <l8_3>
1000220a:	1be4      	subs	r4, r4, r7

1000220c <l8_2>:
1000220c:	2000      	movs	r0, #0
1000220e:	007f      	lsls	r7, r7, #1
10002210:	1c79      	adds	r1, r7, #1
10002212:	0789      	lsls	r1, r1, #30
10002214:	1289      	asrs	r1, r1, #10
10002216:	3c80      	subs	r4, #128	@ 0x80
10002218:	0324      	lsls	r4, r4, #12

1000221a <l8_3>:
1000221a:	0d1d      	lsrs	r5, r3, #20
1000221c:	0fdf      	lsrs	r7, r3, #31
1000221e:	1e6e      	subs	r6, r5, #1
10002220:	0536      	lsls	r6, r6, #20
10002222:	1b9b      	subs	r3, r3, r6
10002224:	056d      	lsls	r5, r5, #21
10002226:	d303      	bcc.n	10002230 <l9_1>
10002228:	43db      	mvns	r3, r3
1000222a:	4252      	negs	r2, r2
1000222c:	d300      	bcc.n	10002230 <l9_1>
1000222e:	3301      	adds	r3, #1

10002230 <l9_1>:
10002230:	0d6d      	lsrs	r5, r5, #21
10002232:	d003      	beq.n	1000223c <l9_2>
10002234:	1c6e      	adds	r6, r5, #1
10002236:	0af6      	lsrs	r6, r6, #11
10002238:	d007      	beq.n	1000224a <l9_3>
1000223a:	1bed      	subs	r5, r5, r7

1000223c <l9_2>:
1000223c:	2200      	movs	r2, #0
1000223e:	007f      	lsls	r7, r7, #1
10002240:	1c7b      	adds	r3, r7, #1
10002242:	079b      	lsls	r3, r3, #30
10002244:	129b      	asrs	r3, r3, #10
10002246:	3d80      	subs	r5, #128	@ 0x80
10002248:	032d      	lsls	r5, r5, #12

1000224a <l9_3>:
1000224a:	1b2f      	subs	r7, r5, r4
1000224c:	1b66      	subs	r6, r4, r5
1000224e:	d458      	bmi.n	10002302 <da_ygtx>
10002250:	46a4      	mov	ip, r4
10002252:	2e20      	cmp	r6, #32
10002254:	da46      	bge.n	100022e4 <da_xrgty>
10002256:	3720      	adds	r7, #32
10002258:	0014      	movs	r4, r2
1000225a:	40bc      	lsls	r4, r7

1000225c <da_xgty0>:
1000225c:	001d      	movs	r5, r3
1000225e:	40bd      	lsls	r5, r7
10002260:	40f2      	lsrs	r2, r6
10002262:	4133      	asrs	r3, r6
10002264:	432a      	orrs	r2, r5

10002266 <da_add>:
10002266:	1880      	adds	r0, r0, r2
10002268:	4159      	adcs	r1, r3

1000226a <da_pack>:
1000226a:	0fcb      	lsrs	r3, r1, #31
1000226c:	d005      	beq.n	1000227a <da_pack+0x10>
1000226e:	43c9      	mvns	r1, r1
10002270:	43c0      	mvns	r0, r0
10002272:	2200      	movs	r2, #0
10002274:	4264      	negs	r4, r4
10002276:	4150      	adcs	r0, r2
10002278:	4151      	adcs	r1, r2
1000227a:	4662      	mov	r2, ip
1000227c:	0d4d      	lsrs	r5, r1, #21
1000227e:	d128      	bne.n	100022d2 <da_0>
10002280:	0d0d      	lsrs	r5, r1, #20
10002282:	d107      	bne.n	10002294 <da_1>
10002284:	2800      	cmp	r0, #0
10002286:	d01f      	beq.n	100022c8 <da_5>

10002288 <da_2>:
10002288:	1924      	adds	r4, r4, r4
1000228a:	4140      	adcs	r0, r0
1000228c:	4149      	adcs	r1, r1
1000228e:	3a01      	subs	r2, #1
10002290:	0d0d      	lsrs	r5, r1, #20
10002292:	d0f9      	beq.n	10002288 <da_2>

10002294 <da_1>:
10002294:	0064      	lsls	r4, r4, #1
10002296:	d306      	bcc.n	100022a6 <da_3>

10002298 <da_4>:
10002298:	3001      	adds	r0, #1
1000229a:	d300      	bcc.n	1000229e <da_4+0x6>
1000229c:	3101      	adds	r1, #1
1000229e:	2c00      	cmp	r4, #0
100022a0:	d101      	bne.n	100022a6 <da_3>
100022a2:	0840      	lsrs	r0, r0, #1
100022a4:	0040      	lsls	r0, r0, #1

100022a6 <da_3>:
100022a6:	3a01      	subs	r2, #1
100022a8:	d40b      	bmi.n	100022c2 <da_6>
100022aa:	1c94      	adds	r4, r2, #2
100022ac:	0ae4      	lsrs	r4, r4, #11
100022ae:	d104      	bne.n	100022ba <da_7>
100022b0:	0512      	lsls	r2, r2, #20
100022b2:	4411      	add	r1, r2
100022b4:	07db      	lsls	r3, r3, #31
100022b6:	4419      	add	r1, r3
100022b8:	bdf0      	pop	{r4, r5, r6, r7, pc}

100022ba <da_7>:
100022ba:	07d9      	lsls	r1, r3, #31
100022bc:	4b20      	ldr	r3, [pc, #128]	@ (10002340 <da_xmgty+0x4>)
100022be:	4319      	orrs	r1, r3
100022c0:	e000      	b.n	100022c4 <da_6+0x2>

100022c2 <da_6>:
100022c2:	07d9      	lsls	r1, r3, #31
100022c4:	2000      	movs	r0, #0
100022c6:	bdf0      	pop	{r4, r5, r6, r7, pc}

100022c8 <da_5>:
100022c8:	2900      	cmp	r1, #0
100022ca:	d1dd      	bne.n	10002288 <da_2>
100022cc:	2c00      	cmp	r4, #0
100022ce:	d1db      	bne.n	10002288 <da_2>
100022d0:	bdf0      	pop	{r4, r5, r6, r7, pc}

100022d2 <da_0>:
100022d2:	3201      	adds	r2, #1
100022d4:	07c6      	lsls	r6, r0, #31
100022d6:	0840      	lsrs	r0, r0, #1
100022d8:	07cd      	lsls	r5, r1, #31
100022da:	4328      	orrs	r0, r5
100022dc:	0849      	lsrs	r1, r1, #1
100022de:	2e00      	cmp	r6, #0
100022e0:	d0e1      	beq.n	100022a6 <da_3>
100022e2:	e7d9      	b.n	10002298 <da_4>

100022e4 <da_xrgty>:
100022e4:	2e3c      	cmp	r6, #60	@ 0x3c
100022e6:	da29      	bge.n	1000233c <da_xmgty>
100022e8:	3e20      	subs	r6, #32
100022ea:	3740      	adds	r7, #64	@ 0x40
100022ec:	0014      	movs	r4, r2
100022ee:	40bc      	lsls	r4, r7
100022f0:	d000      	beq.n	100022f4 <da_xrgty+0x10>
100022f2:	2401      	movs	r4, #1
100022f4:	40f2      	lsrs	r2, r6
100022f6:	4314      	orrs	r4, r2
100022f8:	001a      	movs	r2, r3
100022fa:	40bb      	lsls	r3, r7
100022fc:	431c      	orrs	r4, r3
100022fe:	17d3      	asrs	r3, r2, #31
10002300:	e7ac      	b.n	1000225c <da_xgty0>

10002302 <da_ygtx>:
10002302:	46ac      	mov	ip, r5
10002304:	2f20      	cmp	r7, #32
10002306:	da08      	bge.n	1000231a <da_yrgtx>
10002308:	3620      	adds	r6, #32
1000230a:	0004      	movs	r4, r0
1000230c:	40b4      	lsls	r4, r6

1000230e <da_ygtx0>:
1000230e:	000d      	movs	r5, r1
10002310:	40b5      	lsls	r5, r6
10002312:	40f8      	lsrs	r0, r7
10002314:	4139      	asrs	r1, r7
10002316:	4328      	orrs	r0, r5
10002318:	e7a5      	b.n	10002266 <da_add>

1000231a <da_yrgtx>:
1000231a:	2f3c      	cmp	r7, #60	@ 0x3c
1000231c:	da0c      	bge.n	10002338 <da_ymgtx>
1000231e:	3f20      	subs	r7, #32
10002320:	3640      	adds	r6, #64	@ 0x40
10002322:	0004      	movs	r4, r0
10002324:	40b4      	lsls	r4, r6
10002326:	d000      	beq.n	1000232a <da_yrgtx+0x10>
10002328:	2401      	movs	r4, #1
1000232a:	40f8      	lsrs	r0, r7
1000232c:	4304      	orrs	r4, r0
1000232e:	0008      	movs	r0, r1
10002330:	40b1      	lsls	r1, r6
10002332:	430c      	orrs	r4, r1
10002334:	17c1      	asrs	r1, r0, #31
10002336:	e7ea      	b.n	1000230e <da_ygtx0>

10002338 <da_ymgtx>:
10002338:	0010      	movs	r0, r2
1000233a:	0019      	movs	r1, r3

1000233c <da_xmgty>:
1000233c:	2400      	movs	r4, #0
1000233e:	e794      	b.n	1000226a <da_pack>
10002340:	7ff00000 	.word	0x7ff00000

10002344 <dmul_shim>:
10002344:	b5f0      	push	{r4, r5, r6, r7, lr}
10002346:	0d0c      	lsrs	r4, r1, #20
10002348:	1e66      	subs	r6, r4, #1
1000234a:	0536      	lsls	r6, r6, #20
1000234c:	1b89      	subs	r1, r1, r6
1000234e:	0ae6      	lsrs	r6, r4, #11
10002350:	0564      	lsls	r4, r4, #21
10002352:	0d64      	lsrs	r4, r4, #21
10002354:	d002      	beq.n	1000235c <l12_1>
10002356:	1c65      	adds	r5, r4, #1
10002358:	0aed      	lsrs	r5, r5, #11
1000235a:	d004      	beq.n	10002366 <l12_2>

1000235c <l12_1>:
1000235c:	2000      	movs	r0, #0
1000235e:	2101      	movs	r1, #1
10002360:	0509      	lsls	r1, r1, #20
10002362:	3c80      	subs	r4, #128	@ 0x80
10002364:	0324      	lsls	r4, r4, #12

10002366 <l12_2>:
10002366:	46a4      	mov	ip, r4
10002368:	0d1c      	lsrs	r4, r3, #20
1000236a:	1e67      	subs	r7, r4, #1
1000236c:	053f      	lsls	r7, r7, #20
1000236e:	1bdb      	subs	r3, r3, r7
10002370:	0ae7      	lsrs	r7, r4, #11
10002372:	0564      	lsls	r4, r4, #21
10002374:	0d64      	lsrs	r4, r4, #21
10002376:	d002      	beq.n	1000237e <l13_1>
10002378:	1c65      	adds	r5, r4, #1
1000237a:	0aed      	lsrs	r5, r5, #11
1000237c:	d004      	beq.n	10002388 <l13_2>

1000237e <l13_1>:
1000237e:	2200      	movs	r2, #0
10002380:	2301      	movs	r3, #1
10002382:	051b      	lsls	r3, r3, #20
10002384:	3c80      	subs	r4, #128	@ 0x80
10002386:	0324      	lsls	r4, r4, #12

10002388 <l13_2>:
10002388:	4077      	eors	r7, r6
1000238a:	4464      	add	r4, ip
1000238c:	b497      	push	{r0, r1, r2, r4, r7}
1000238e:	b284      	uxth	r4, r0
10002390:	b296      	uxth	r6, r2
10002392:	4374      	muls	r4, r6
10002394:	0c07      	lsrs	r7, r0, #16
10002396:	437e      	muls	r6, r7
10002398:	0c15      	lsrs	r5, r2, #16
1000239a:	436f      	muls	r7, r5
1000239c:	b280      	uxth	r0, r0
1000239e:	4368      	muls	r0, r5
100023a0:	1836      	adds	r6, r6, r0
100023a2:	d302      	bcc.n	100023aa <l14_1>
100023a4:	2001      	movs	r0, #1
100023a6:	0400      	lsls	r0, r0, #16
100023a8:	183f      	adds	r7, r7, r0

100023aa <l14_1>:
100023aa:	0430      	lsls	r0, r6, #16
100023ac:	0c35      	lsrs	r5, r6, #16
100023ae:	1900      	adds	r0, r0, r4
100023b0:	417d      	adcs	r5, r7
100023b2:	4684      	mov	ip, r0
100023b4:	b288      	uxth	r0, r1
100023b6:	b29a      	uxth	r2, r3
100023b8:	4350      	muls	r0, r2
100023ba:	0c0c      	lsrs	r4, r1, #16
100023bc:	4362      	muls	r2, r4
100023be:	0c1f      	lsrs	r7, r3, #16
100023c0:	437c      	muls	r4, r7
100023c2:	b28e      	uxth	r6, r1
100023c4:	437e      	muls	r6, r7
100023c6:	1992      	adds	r2, r2, r6
100023c8:	d302      	bcc.n	100023d0 <l15_1>
100023ca:	2601      	movs	r6, #1
100023cc:	0436      	lsls	r6, r6, #16
100023ce:	19a4      	adds	r4, r4, r6

100023d0 <l15_1>:
100023d0:	0416      	lsls	r6, r2, #16
100023d2:	0c17      	lsrs	r7, r2, #16
100023d4:	1836      	adds	r6, r6, r0
100023d6:	4167      	adcs	r7, r4
100023d8:	bc01      	pop	{r0}
100023da:	b281      	uxth	r1, r0
100023dc:	b29a      	uxth	r2, r3
100023de:	4351      	muls	r1, r2
100023e0:	0c04      	lsrs	r4, r0, #16
100023e2:	4362      	muls	r2, r4
100023e4:	0c1b      	lsrs	r3, r3, #16
100023e6:	435c      	muls	r4, r3
100023e8:	b280      	uxth	r0, r0
100023ea:	4358      	muls	r0, r3
100023ec:	1812      	adds	r2, r2, r0
100023ee:	d302      	bcc.n	100023f6 <l16_1>
100023f0:	2001      	movs	r0, #1
100023f2:	0400      	lsls	r0, r0, #16
100023f4:	1824      	adds	r4, r4, r0

100023f6 <l16_1>:
100023f6:	0410      	lsls	r0, r2, #16
100023f8:	0c13      	lsrs	r3, r2, #16
100023fa:	1840      	adds	r0, r0, r1
100023fc:	4163      	adcs	r3, r4
100023fe:	182d      	adds	r5, r5, r0
10002400:	415e      	adcs	r6, r3
10002402:	2000      	movs	r0, #0
10002404:	4147      	adcs	r7, r0
10002406:	bc06      	pop	{r1, r2}
10002408:	b288      	uxth	r0, r1
1000240a:	b293      	uxth	r3, r2
1000240c:	4358      	muls	r0, r3
1000240e:	0c0c      	lsrs	r4, r1, #16
10002410:	4363      	muls	r3, r4
10002412:	0c12      	lsrs	r2, r2, #16
10002414:	4354      	muls	r4, r2
10002416:	b289      	uxth	r1, r1
10002418:	4351      	muls	r1, r2
1000241a:	185b      	adds	r3, r3, r1
1000241c:	d302      	bcc.n	10002424 <l17_1>
1000241e:	2101      	movs	r1, #1
10002420:	0409      	lsls	r1, r1, #16
10002422:	1864      	adds	r4, r4, r1

10002424 <l17_1>:
10002424:	0419      	lsls	r1, r3, #16
10002426:	0c1a      	lsrs	r2, r3, #16
10002428:	1809      	adds	r1, r1, r0
1000242a:	4162      	adcs	r2, r4
1000242c:	186d      	adds	r5, r5, r1
1000242e:	4156      	adcs	r6, r2
10002430:	2000      	movs	r0, #0
10002432:	4147      	adcs	r7, r0
10002434:	bc18      	pop	{r3, r4}
10002436:	02f9      	lsls	r1, r7, #11
10002438:	0d72      	lsrs	r2, r6, #21
1000243a:	4311      	orrs	r1, r2
1000243c:	02f0      	lsls	r0, r6, #11
1000243e:	0d6a      	lsrs	r2, r5, #21
10002440:	4310      	orrs	r0, r2
10002442:	02ed      	lsls	r5, r5, #11
10002444:	0d0a      	lsrs	r2, r1, #20
10002446:	d103      	bne.n	10002450 <l17_1+0x2c>
10002448:	196d      	adds	r5, r5, r5
1000244a:	4140      	adcs	r0, r0
1000244c:	4149      	adcs	r1, r1
1000244e:	3b01      	subs	r3, #1
10002450:	4e12      	ldr	r6, [pc, #72]	@ (1000249c <dm_1+0xa>)
10002452:	1b9b      	subs	r3, r3, r6
10002454:	0076      	lsls	r6, r6, #1
10002456:	42b3      	cmp	r3, r6
10002458:	d20e      	bcs.n	10002478 <dm_0>
1000245a:	006d      	lsls	r5, r5, #1
1000245c:	d307      	bcc.n	1000246e <l17_1+0x4a>
1000245e:	3001      	adds	r0, #1
10002460:	2600      	movs	r6, #0
10002462:	4171      	adcs	r1, r6
10002464:	4666      	mov	r6, ip
10002466:	4335      	orrs	r5, r6
10002468:	d101      	bne.n	1000246e <l17_1+0x4a>
1000246a:	0840      	lsrs	r0, r0, #1
1000246c:	0040      	lsls	r0, r0, #1
1000246e:	051b      	lsls	r3, r3, #20
10002470:	18c9      	adds	r1, r1, r3

10002472 <dm_2>:
10002472:	07e4      	lsls	r4, r4, #31
10002474:	4421      	add	r1, r4
10002476:	bdf0      	pop	{r4, r5, r6, r7, pc}

10002478 <dm_0>:
10002478:	da0b      	bge.n	10002492 <dm_1>
1000247a:	3301      	adds	r3, #1
1000247c:	d106      	bne.n	1000248c <dm_0+0x14>
1000247e:	3001      	adds	r0, #1
10002480:	d104      	bne.n	1000248c <dm_0+0x14>
10002482:	3101      	adds	r1, #1
10002484:	0d4f      	lsrs	r7, r1, #21
10002486:	d001      	beq.n	1000248c <dm_0+0x14>
10002488:	0849      	lsrs	r1, r1, #1
1000248a:	e7f2      	b.n	10002472 <dm_2>
1000248c:	07e1      	lsls	r1, r4, #31
1000248e:	2000      	movs	r0, #0
10002490:	bdf0      	pop	{r4, r5, r6, r7, pc}

10002492 <dm_1>:
10002492:	3601      	adds	r6, #1
10002494:	0531      	lsls	r1, r6, #20
10002496:	2000      	movs	r0, #0
10002498:	e7eb      	b.n	10002472 <dm_2>
1000249a:	0000      	.short	0x0000
1000249c:	000003ff 	.word	0x000003ff

100024a0 <ddiv_shim>:
100024a0:	b5f0      	push	{r4, r5, r6, r7, lr}

100024a2 <ddiv0>:
100024a2:	0d1c      	lsrs	r4, r3, #20
100024a4:	1e67      	subs	r7, r4, #1
100024a6:	053f      	lsls	r7, r7, #20
100024a8:	1bdb      	subs	r3, r3, r7
100024aa:	0ae7      	lsrs	r7, r4, #11
100024ac:	0564      	lsls	r4, r4, #21
100024ae:	0d64      	lsrs	r4, r4, #21
100024b0:	d002      	beq.n	100024b8 <l20_1>
100024b2:	1c66      	adds	r6, r4, #1
100024b4:	0af6      	lsrs	r6, r6, #11
100024b6:	d004      	beq.n	100024c2 <l20_2>

100024b8 <l20_1>:
100024b8:	2200      	movs	r2, #0
100024ba:	2301      	movs	r3, #1
100024bc:	051b      	lsls	r3, r3, #20
100024be:	3c80      	subs	r4, #128	@ 0x80
100024c0:	0324      	lsls	r4, r4, #12

100024c2 <l20_2>:
100024c2:	25d0      	movs	r5, #208	@ 0xd0
100024c4:	062d      	lsls	r5, r5, #24
100024c6:	2600      	movs	r6, #0
100024c8:	43f6      	mvns	r6, r6
100024ca:	662e      	str	r6, [r5, #96]	@ 0x60
100024cc:	091e      	lsrs	r6, r3, #4
100024ce:	666e      	str	r6, [r5, #100]	@ 0x64
100024d0:	0fce      	lsrs	r6, r1, #31
100024d2:	19f6      	adds	r6, r6, r7
100024d4:	46b4      	mov	ip, r6
100024d6:	0049      	lsls	r1, r1, #1
100024d8:	0d4f      	lsrs	r7, r1, #21
100024da:	d002      	beq.n	100024e2 <l20_2+0x20>
100024dc:	1c7e      	adds	r6, r7, #1
100024de:	0af6      	lsrs	r6, r6, #11
100024e0:	d003      	beq.n	100024ea <l20_2+0x28>
100024e2:	2000      	movs	r0, #0
100024e4:	2100      	movs	r1, #0
100024e6:	3f40      	subs	r7, #64	@ 0x40
100024e8:	033f      	lsls	r7, r7, #12
100024ea:	1b3e      	subs	r6, r7, r4
100024ec:	00b6      	lsls	r6, r6, #2
100024ee:	44b4      	add	ip, r6
100024f0:	3f01      	subs	r7, #1
100024f2:	057f      	lsls	r7, r7, #21
100024f4:	1bc9      	subs	r1, r1, r7
100024f6:	0849      	lsrs	r1, r1, #1
100024f8:	6f2e      	ldr	r6, [r5, #112]	@ 0x70
100024fa:	3601      	adds	r6, #1
100024fc:	0876      	lsrs	r6, r6, #1
100024fe:	029c      	lsls	r4, r3, #10
10002500:	0d95      	lsrs	r5, r2, #22
10002502:	4325      	orrs	r5, r4
10002504:	4375      	muls	r5, r6
10002506:	13ed      	asrs	r5, r5, #15
10002508:	4375      	muls	r5, r6
1000250a:	13ad      	asrs	r5, r5, #14
1000250c:	3501      	adds	r5, #1
1000250e:	106d      	asrs	r5, r5, #1
10002510:	03f6      	lsls	r6, r6, #15
10002512:	1b76      	subs	r6, r6, r5
10002514:	b40c      	push	{r2, r3}
10002516:	02cc      	lsls	r4, r1, #11
10002518:	0d45      	lsrs	r5, r0, #21
1000251a:	432c      	orrs	r4, r5
1000251c:	b2a2      	uxth	r2, r4
1000251e:	b2b3      	uxth	r3, r6
10002520:	435a      	muls	r2, r3
10002522:	0c27      	lsrs	r7, r4, #16
10002524:	437b      	muls	r3, r7
10002526:	0c35      	lsrs	r5, r6, #16
10002528:	436f      	muls	r7, r5
1000252a:	b2a4      	uxth	r4, r4
1000252c:	436c      	muls	r4, r5
1000252e:	191b      	adds	r3, r3, r4
10002530:	d302      	bcc.n	10002538 <l21_1>
10002532:	2401      	movs	r4, #1
10002534:	0424      	lsls	r4, r4, #16
10002536:	193f      	adds	r7, r7, r4

10002538 <l21_1>:
10002538:	041c      	lsls	r4, r3, #16
1000253a:	0c1d      	lsrs	r5, r3, #16
1000253c:	18a4      	adds	r4, r4, r2
1000253e:	417d      	adcs	r5, r7
10002540:	1924      	adds	r4, r4, r4
10002542:	416d      	adcs	r5, r5
10002544:	9a00      	ldr	r2, [sp, #0]
10002546:	b291      	uxth	r1, r2
10002548:	b2ac      	uxth	r4, r5
1000254a:	4361      	muls	r1, r4
1000254c:	0c17      	lsrs	r7, r2, #16
1000254e:	437c      	muls	r4, r7
10002550:	0c2b      	lsrs	r3, r5, #16
10002552:	435f      	muls	r7, r3
10002554:	b292      	uxth	r2, r2
10002556:	435a      	muls	r2, r3
10002558:	18a4      	adds	r4, r4, r2
1000255a:	d302      	bcc.n	10002562 <l22_1>
1000255c:	2201      	movs	r2, #1
1000255e:	0412      	lsls	r2, r2, #16
10002560:	18bf      	adds	r7, r7, r2

10002562 <l22_1>:
10002562:	0422      	lsls	r2, r4, #16
10002564:	0c23      	lsrs	r3, r4, #16
10002566:	1852      	adds	r2, r2, r1
10002568:	417b      	adcs	r3, r7
1000256a:	9c01      	ldr	r4, [sp, #4]
1000256c:	436c      	muls	r4, r5
1000256e:	191b      	adds	r3, r3, r4
10002570:	0e52      	lsrs	r2, r2, #25
10002572:	01d9      	lsls	r1, r3, #7
10002574:	430a      	orrs	r2, r1
10002576:	0144      	lsls	r4, r0, #5
10002578:	1aa0      	subs	r0, r4, r2
1000257a:	b281      	uxth	r1, r0
1000257c:	b2b2      	uxth	r2, r6
1000257e:	4351      	muls	r1, r2
10002580:	1403      	asrs	r3, r0, #16
10002582:	435a      	muls	r2, r3
10002584:	0c36      	lsrs	r6, r6, #16
10002586:	4373      	muls	r3, r6
10002588:	b287      	uxth	r7, r0
1000258a:	4377      	muls	r7, r6
1000258c:	17d6      	asrs	r6, r2, #31
1000258e:	19d2      	adds	r2, r2, r7
10002590:	2700      	movs	r7, #0
10002592:	417e      	adcs	r6, r7
10002594:	0436      	lsls	r6, r6, #16
10002596:	199b      	adds	r3, r3, r6
10002598:	0417      	lsls	r7, r2, #16
1000259a:	0c16      	lsrs	r6, r2, #16
1000259c:	187f      	adds	r7, r7, r1
1000259e:	415e      	adcs	r6, r3
100025a0:	1673      	asrs	r3, r6, #25
100025a2:	18ed      	adds	r5, r5, r3
100025a4:	01f3      	lsls	r3, r6, #7
100025a6:	2600      	movs	r6, #0
100025a8:	3380      	adds	r3, #128	@ 0x80
100025aa:	4175      	adcs	r5, r6
100025ac:	0fa9      	lsrs	r1, r5, #30
100025ae:	d106      	bne.n	100025be <dd_0>
100025b0:	0064      	lsls	r4, r4, #1
100025b2:	0a69      	lsrs	r1, r5, #9
100025b4:	05e8      	lsls	r0, r5, #23
100025b6:	0a5b      	lsrs	r3, r3, #9
100025b8:	4318      	orrs	r0, r3
100025ba:	d209      	bcs.n	100025d0 <dd_1>
100025bc:	e02f      	b.n	1000261e <dd_2>

100025be <dd_0>:
100025be:	2204      	movs	r2, #4
100025c0:	4494      	add	ip, r2
100025c2:	3380      	adds	r3, #128	@ 0x80
100025c4:	4175      	adcs	r5, r6
100025c6:	0aa9      	lsrs	r1, r5, #10
100025c8:	05a8      	lsls	r0, r5, #22
100025ca:	0a9b      	lsrs	r3, r3, #10
100025cc:	4318      	orrs	r0, r3
100025ce:	d326      	bcc.n	1000261e <dd_2>

100025d0 <dd_1>:
100025d0:	4140      	adcs	r0, r0
100025d2:	4149      	adcs	r1, r1
100025d4:	0424      	lsls	r4, r4, #16
100025d6:	9a00      	ldr	r2, [sp, #0]
100025d8:	9b01      	ldr	r3, [sp, #4]
100025da:	000d      	movs	r5, r1
100025dc:	4355      	muls	r5, r2
100025de:	1b64      	subs	r4, r4, r5
100025e0:	4343      	muls	r3, r0
100025e2:	1ae4      	subs	r4, r4, r3
100025e4:	b295      	uxth	r5, r2
100025e6:	b286      	uxth	r6, r0
100025e8:	4375      	muls	r5, r6
100025ea:	0c17      	lsrs	r7, r2, #16
100025ec:	437e      	muls	r6, r7
100025ee:	0c03      	lsrs	r3, r0, #16
100025f0:	435f      	muls	r7, r3
100025f2:	b292      	uxth	r2, r2
100025f4:	435a      	muls	r2, r3
100025f6:	18b6      	adds	r6, r6, r2
100025f8:	d302      	bcc.n	10002600 <l24_1>
100025fa:	2201      	movs	r2, #1
100025fc:	0412      	lsls	r2, r2, #16
100025fe:	18bf      	adds	r7, r7, r2

10002600 <l24_1>:
10002600:	0432      	lsls	r2, r6, #16
10002602:	0c33      	lsrs	r3, r6, #16
10002604:	1952      	adds	r2, r2, r5
10002606:	417b      	adcs	r3, r7
10002608:	4252      	negs	r2, r2
1000260a:	419c      	sbcs	r4, r3
1000260c:	2c00      	cmp	r4, #0
1000260e:	d402      	bmi.n	10002616 <l24_1+0x16>
10002610:	2200      	movs	r2, #0
10002612:	3001      	adds	r0, #1
10002614:	4151      	adcs	r1, r2
10002616:	0840      	lsrs	r0, r0, #1
10002618:	07ca      	lsls	r2, r1, #31
1000261a:	4310      	orrs	r0, r2
1000261c:	0849      	lsrs	r1, r1, #1

1000261e <dd_2>:
1000261e:	b002      	add	sp, #8
10002620:	4662      	mov	r2, ip
10002622:	07d7      	lsls	r7, r2, #31
10002624:	1092      	asrs	r2, r2, #2
10002626:	4b08      	ldr	r3, [pc, #32]	@ (10002648 <dd_4+0x6>)
10002628:	18d2      	adds	r2, r2, r3
1000262a:	4b08      	ldr	r3, [pc, #32]	@ (1000264c <dd_4+0xa>)
1000262c:	429a      	cmp	r2, r3
1000262e:	d203      	bcs.n	10002638 <dd_3>
10002630:	0512      	lsls	r2, r2, #20
10002632:	1889      	adds	r1, r1, r2

10002634 <dd_5>:
10002634:	19c9      	adds	r1, r1, r7
10002636:	bdf0      	pop	{r4, r5, r6, r7, pc}

10002638 <dd_3>:
10002638:	2000      	movs	r0, #0
1000263a:	2a00      	cmp	r2, #0
1000263c:	dc01      	bgt.n	10002642 <dd_4>
1000263e:	0039      	movs	r1, r7
10002640:	bdf0      	pop	{r4, r5, r6, r7, pc}

10002642 <dd_4>:
10002642:	3301      	adds	r3, #1
10002644:	0519      	lsls	r1, r3, #20
10002646:	e7f5      	b.n	10002634 <dd_5>
10002648:	000003fd 	.word	0x000003fd
1000264c:	000007fe 	.word	0x000007fe

10002650 <double2uint_shim>:
10002650:	2200      	movs	r2, #0

10002652 <double2ufix_shim>:
10002652:	b500      	push	{lr}
10002654:	3220      	adds	r2, #32
10002656:	f000 f804 	bl	10002662 <double2ufix64_shim>
1000265a:	0008      	movs	r0, r1
1000265c:	bd00      	pop	{pc}
	...

10002660 <double2uint64_shim>:
10002660:	2200      	movs	r2, #0

10002662 <double2ufix64_shim>:
10002662:	150b      	asrs	r3, r1, #20
10002664:	d40a      	bmi.n	1000267c <ret_dzero>

10002666 <d2fix>:
10002666:	b510      	push	{r4, lr}
10002668:	4694      	mov	ip, r2
1000266a:	f000 f831 	bl	100026d0 <dunpacks>
1000266e:	1414      	asrs	r4, r2, #16
10002670:	3401      	adds	r4, #1
10002672:	da00      	bge.n	10002676 <d2fix+0x10>
10002674:	2100      	movs	r1, #0
10002676:	17cb      	asrs	r3, r1, #31
10002678:	4c14      	ldr	r4, [pc, #80]	@ (100026cc <d2fix_a+0x4a>)
1000267a:	4720      	bx	r4

1000267c <ret_dzero>:
1000267c:	2000      	movs	r0, #0
1000267e:	2100      	movs	r1, #0
10002680:	4770      	bx	lr

10002682 <d2fix_a>:
10002682:	4462      	add	r2, ip
10002684:	3a34      	subs	r2, #52	@ 0x34
10002686:	d40c      	bmi.n	100026a2 <d2fix_a+0x20>
10002688:	2a0c      	cmp	r2, #12
1000268a:	da07      	bge.n	1000269c <d2fix_a+0x1a>
1000268c:	0004      	movs	r4, r0
1000268e:	4091      	lsls	r1, r2
10002690:	4090      	lsls	r0, r2
10002692:	4252      	negs	r2, r2
10002694:	3220      	adds	r2, #32
10002696:	40d4      	lsrs	r4, r2
10002698:	4321      	orrs	r1, r4
1000269a:	bd10      	pop	{r4, pc}
1000269c:	43d8      	mvns	r0, r3
1000269e:	43d9      	mvns	r1, r3
100026a0:	bd10      	pop	{r4, pc}
100026a2:	3220      	adds	r2, #32
100026a4:	d407      	bmi.n	100026b6 <d2fix_a+0x34>
100026a6:	460c      	mov	r4, r1
100026a8:	4094      	lsls	r4, r2
100026aa:	4252      	negs	r2, r2
100026ac:	3220      	adds	r2, #32
100026ae:	4111      	asrs	r1, r2
100026b0:	40d0      	lsrs	r0, r2
100026b2:	4320      	orrs	r0, r4
100026b4:	bd10      	pop	{r4, pc}
100026b6:	0008      	movs	r0, r1
100026b8:	17c9      	asrs	r1, r1, #31
100026ba:	3220      	adds	r2, #32
100026bc:	d403      	bmi.n	100026c6 <d2fix_a+0x44>
100026be:	4252      	negs	r2, r2
100026c0:	3220      	adds	r2, #32
100026c2:	4110      	asrs	r0, r2
100026c4:	bd10      	pop	{r4, pc}
100026c6:	0018      	movs	r0, r3
100026c8:	0019      	movs	r1, r3
100026ca:	bd10      	pop	{r4, pc}
100026cc:	10002683 	.word	0x10002683

100026d0 <dunpacks>:
100026d0:	0d0a      	lsrs	r2, r1, #20
100026d2:	0fcc      	lsrs	r4, r1, #31
100026d4:	1e53      	subs	r3, r2, #1
100026d6:	051b      	lsls	r3, r3, #20
100026d8:	1ac9      	subs	r1, r1, r3
100026da:	0552      	lsls	r2, r2, #21
100026dc:	d303      	bcc.n	100026e6 <l60_1>
100026de:	43c9      	mvns	r1, r1
100026e0:	4240      	negs	r0, r0
100026e2:	d300      	bcc.n	100026e6 <l60_1>
100026e4:	3101      	adds	r1, #1

100026e6 <l60_1>:
100026e6:	0d52      	lsrs	r2, r2, #21
100026e8:	d003      	beq.n	100026f2 <l60_2>
100026ea:	1c53      	adds	r3, r2, #1
100026ec:	0adb      	lsrs	r3, r3, #11
100026ee:	d007      	beq.n	10002700 <l60_3>
100026f0:	1b12      	subs	r2, r2, r4

100026f2 <l60_2>:
100026f2:	2000      	movs	r0, #0
100026f4:	0064      	lsls	r4, r4, #1
100026f6:	1c61      	adds	r1, r4, #1
100026f8:	0789      	lsls	r1, r1, #30
100026fa:	1289      	asrs	r1, r1, #10
100026fc:	3a80      	subs	r2, #128	@ 0x80
100026fe:	0312      	lsls	r2, r2, #12

10002700 <l60_3>:
10002700:	4b01      	ldr	r3, [pc, #4]	@ (10002708 <l60_3+0x8>)
10002702:	1ad2      	subs	r2, r2, r3
10002704:	4770      	bx	lr
10002706:	0000      	.short	0x0000
10002708:	000003ff 	.word	0x000003ff

1000270c <__wrap___aeabi_lmul>:
1000270c:	4351      	muls	r1, r2
1000270e:	4343      	muls	r3, r0
10002710:	18c9      	adds	r1, r1, r3
10002712:	468c      	mov	ip, r1
10002714:	0c11      	lsrs	r1, r2, #16
10002716:	b283      	uxth	r3, r0
10002718:	434b      	muls	r3, r1
1000271a:	b410      	push	{r4}
1000271c:	0c04      	lsrs	r4, r0, #16
1000271e:	4361      	muls	r1, r4
10002720:	b292      	uxth	r2, r2
10002722:	b280      	uxth	r0, r0
10002724:	4350      	muls	r0, r2
10002726:	4362      	muls	r2, r4
10002728:	041c      	lsls	r4, r3, #16
1000272a:	0c1b      	lsrs	r3, r3, #16
1000272c:	1900      	adds	r0, r0, r4
1000272e:	bc10      	pop	{r4}
10002730:	4159      	adcs	r1, r3
10002732:	0413      	lsls	r3, r2, #16
10002734:	0c12      	lsrs	r2, r2, #16
10002736:	18c0      	adds	r0, r0, r3
10002738:	4151      	adcs	r1, r2
1000273a:	4461      	add	r1, ip
1000273c:	4770      	bx	lr
	...

10002740 <__wrap___aeabi_frsub>:
10002740:	4048      	eors	r0, r1
10002742:	4041      	eors	r1, r0
10002744:	4048      	eors	r0, r1

10002746 <__wrap___aeabi_fsub>:
10002746:	4b0e      	ldr	r3, [pc, #56]	@ (10002780 <__wrap___aeabi_fmul+0x6>)
10002748:	685b      	ldr	r3, [r3, #4]
1000274a:	4718      	bx	r3

1000274c <__wrap___aeabi_fadd>:
1000274c:	4b0c      	ldr	r3, [pc, #48]	@ (10002780 <__wrap___aeabi_fmul+0x6>)
1000274e:	681b      	ldr	r3, [r3, #0]
10002750:	4718      	bx	r3

10002752 <__wrap___aeabi_fdiv>:
10002752:	4a0c      	ldr	r2, [pc, #48]	@ (10002784 <__wrap___aeabi_fmul+0xa>)
10002754:	6f93      	ldr	r3, [r2, #120]	@ 0x78
10002756:	089b      	lsrs	r3, r3, #2
10002758:	d202      	bcs.n	10002760 <fdiv_save_state>

1000275a <fdiv_shim_call>:
1000275a:	4b09      	ldr	r3, [pc, #36]	@ (10002780 <__wrap___aeabi_fmul+0x6>)
1000275c:	68db      	ldr	r3, [r3, #12]
1000275e:	4718      	bx	r3

10002760 <fdiv_save_state>:
10002760:	b5f0      	push	{r4, r5, r6, r7, lr}
10002762:	6e14      	ldr	r4, [r2, #96]	@ 0x60
10002764:	6e55      	ldr	r5, [r2, #100]	@ 0x64
10002766:	6f57      	ldr	r7, [r2, #116]	@ 0x74
10002768:	6f16      	ldr	r6, [r2, #112]	@ 0x70
1000276a:	f7ff fff6 	bl	1000275a <fdiv_shim_call>
1000276e:	4a05      	ldr	r2, [pc, #20]	@ (10002784 <__wrap___aeabi_fmul+0xa>)
10002770:	6614      	str	r4, [r2, #96]	@ 0x60
10002772:	6655      	str	r5, [r2, #100]	@ 0x64
10002774:	6757      	str	r7, [r2, #116]	@ 0x74
10002776:	6716      	str	r6, [r2, #112]	@ 0x70
10002778:	bdf0      	pop	{r4, r5, r6, r7, pc}

1000277a <__wrap___aeabi_fmul>:
1000277a:	4b01      	ldr	r3, [pc, #4]	@ (10002780 <__wrap___aeabi_fmul+0x6>)
1000277c:	689b      	ldr	r3, [r3, #8]
1000277e:	4718      	bx	r3
10002780:	20001330 	.word	0x20001330
10002784:	d0000000 	.word	0xd0000000

10002788 <__wrap___aeabi_ui2f>:
10002788:	1a49      	subs	r1, r1, r1
1000278a:	2800      	cmp	r0, #0
1000278c:	d108      	bne.n	100027a0 <__aeabi_i2f_main>
1000278e:	4608      	mov	r0, r1
10002790:	4770      	bx	lr
	...

10002794 <__wrap___aeabi_i2f>:
10002794:	0fc1      	lsrs	r1, r0, #31
10002796:	07c9      	lsls	r1, r1, #31
10002798:	d500      	bpl.n	1000279c <__wrap___aeabi_i2f+0x8>
1000279a:	4240      	negs	r0, r0
1000279c:	2800      	cmp	r0, #0
1000279e:	d017      	beq.n	100027d0 <__aeabi_i2f_main+0x30>

100027a0 <__aeabi_i2f_main>:
100027a0:	46f4      	mov	ip, lr
100027a2:	b403      	push	{r0, r1}
100027a4:	4b0b      	ldr	r3, [pc, #44]	@ (100027d4 <__aeabi_i2f_main+0x34>)
100027a6:	681b      	ldr	r3, [r3, #0]
100027a8:	4798      	blx	r3
100027aa:	bc06      	pop	{r1, r2}
100027ac:	4081      	lsls	r1, r0
100027ae:	389e      	subs	r0, #158	@ 0x9e
100027b0:	4240      	negs	r0, r0
100027b2:	3180      	adds	r1, #128	@ 0x80
100027b4:	d207      	bcs.n	100027c6 <__aeabi_i2f_main+0x26>
100027b6:	060b      	lsls	r3, r1, #24
100027b8:	d007      	beq.n	100027ca <__aeabi_i2f_main+0x2a>
100027ba:	0049      	lsls	r1, r1, #1
100027bc:	0a49      	lsrs	r1, r1, #9
100027be:	05c0      	lsls	r0, r0, #23
100027c0:	4310      	orrs	r0, r2
100027c2:	4308      	orrs	r0, r1
100027c4:	4760      	bx	ip
100027c6:	3001      	adds	r0, #1
100027c8:	e7f8      	b.n	100027bc <__aeabi_i2f_main+0x1c>
100027ca:	0a49      	lsrs	r1, r1, #9
100027cc:	0289      	lsls	r1, r1, #10
100027ce:	e7f5      	b.n	100027bc <__aeabi_i2f_main+0x1c>
100027d0:	4770      	bx	lr
100027d2:	0000      	.short	0x0000
100027d4:	20001d58 	.word	0x20001d58

100027d8 <__wrap___aeabi_f2uiz>:
100027d8:	4b01      	ldr	r3, [pc, #4]	@ (100027e0 <__wrap___aeabi_f2uiz+0x8>)
100027da:	6a5b      	ldr	r3, [r3, #36]	@ 0x24
100027dc:	4718      	bx	r3
100027de:	0000      	.short	0x0000
100027e0:	20001330 	.word	0x20001330

100027e4 <__aeabi_float_init>:
100027e4:	2313      	movs	r3, #19
100027e6:	b510      	push	{r4, lr}
100027e8:	4812      	ldr	r0, [pc, #72]	@ (10002834 <__aeabi_float_init+0x50>)
100027ea:	781c      	ldrb	r4, [r3, #0]
100027ec:	f7fe ffd8 	bl	100017a0 <rom_data_lookup>
100027f0:	0001      	movs	r1, r0
100027f2:	2c01      	cmp	r4, #1
100027f4:	d00a      	beq.n	1000280c <__aeabi_float_init+0x28>
100027f6:	dd03      	ble.n	10002800 <__aeabi_float_init+0x1c>
100027f8:	2280      	movs	r2, #128	@ 0x80
100027fa:	480f      	ldr	r0, [pc, #60]	@ (10002838 <__aeabi_float_init+0x54>)
100027fc:	f000 f848 	bl	10002890 <__wrap___aeabi_memcpy>
10002800:	480e      	ldr	r0, [pc, #56]	@ (1000283c <__aeabi_float_init+0x58>)
10002802:	f7fe ffc5 	bl	10001790 <rom_func_lookup>
10002806:	4b0e      	ldr	r3, [pc, #56]	@ (10002840 <__aeabi_float_init+0x5c>)
10002808:	6018      	str	r0, [r3, #0]
1000280a:	bd10      	pop	{r4, pc}
1000280c:	4c0a      	ldr	r4, [pc, #40]	@ (10002838 <__aeabi_float_init+0x54>)
1000280e:	2254      	movs	r2, #84	@ 0x54
10002810:	0020      	movs	r0, r4
10002812:	f000 f83d 	bl	10002890 <__wrap___aeabi_memcpy>
10002816:	4b0b      	ldr	r3, [pc, #44]	@ (10002844 <__aeabi_float_init+0x60>)
10002818:	6563      	str	r3, [r4, #84]	@ 0x54
1000281a:	65a3      	str	r3, [r4, #88]	@ 0x58
1000281c:	65e3      	str	r3, [r4, #92]	@ 0x5c
1000281e:	6623      	str	r3, [r4, #96]	@ 0x60
10002820:	6663      	str	r3, [r4, #100]	@ 0x64
10002822:	66a3      	str	r3, [r4, #104]	@ 0x68
10002824:	66e3      	str	r3, [r4, #108]	@ 0x6c
10002826:	6723      	str	r3, [r4, #112]	@ 0x70
10002828:	6763      	str	r3, [r4, #116]	@ 0x74
1000282a:	67a3      	str	r3, [r4, #120]	@ 0x78
1000282c:	67e3      	str	r3, [r4, #124]	@ 0x7c
1000282e:	6223      	str	r3, [r4, #32]
10002830:	61e3      	str	r3, [r4, #28]
10002832:	e7e5      	b.n	10002800 <__aeabi_float_init+0x1c>
10002834:	00004653 	.word	0x00004653
10002838:	20001330 	.word	0x20001330
1000283c:	0000334c 	.word	0x0000334c
10002840:	20001d58 	.word	0x20001d58
10002844:	10002849 	.word	0x10002849

10002848 <float_table_shim_on_use_helper>:
10002848:	b507      	push	{r0, r1, r2, lr}
1000284a:	4660      	mov	r0, ip
1000284c:	8801      	ldrh	r1, [r0, #0]
1000284e:	0a0a      	lsrs	r2, r1, #8
10002850:	3002      	adds	r0, #2
10002852:	2adf      	cmp	r2, #223	@ 0xdf
10002854:	d1fa      	bne.n	1000284c <float_table_shim_on_use_helper+0x4>
10002856:	b2c9      	uxtb	r1, r1
10002858:	0882      	lsrs	r2, r0, #2
1000285a:	d304      	bcc.n	10002866 <float_table_shim_on_use_helper+0x1e>
1000285c:	8802      	ldrh	r2, [r0, #0]
1000285e:	8840      	ldrh	r0, [r0, #2]
10002860:	0400      	lsls	r0, r0, #16
10002862:	4310      	orrs	r0, r2
10002864:	e000      	b.n	10002868 <float_table_shim_on_use_helper+0x20>
10002866:	6800      	ldr	r0, [r0, #0]
10002868:	4a01      	ldr	r2, [pc, #4]	@ (10002870 <float_table_shim_on_use_helper+0x28>)
1000286a:	5050      	str	r0, [r2, r1]
1000286c:	9003      	str	r0, [sp, #12]
1000286e:	bd07      	pop	{r0, r1, r2, pc}
10002870:	20001330 	.word	0x20001330

10002874 <__aeabi_mem_init>:
10002874:	4801      	ldr	r0, [pc, #4]	@ (1000287c <__aeabi_mem_init+0x8>)
10002876:	2104      	movs	r1, #4
10002878:	4b01      	ldr	r3, [pc, #4]	@ (10002880 <__aeabi_mem_init+0xc>)
1000287a:	4718      	bx	r3
1000287c:	20001050 	.word	0x20001050
10002880:	100017b1 	.word	0x100017b1

10002884 <__wrap_memset>:
10002884:	4b01      	ldr	r3, [pc, #4]	@ (1000288c <__wrap_memset+0x8>)
10002886:	681b      	ldr	r3, [r3, #0]
10002888:	4718      	bx	r3
1000288a:	0000      	.short	0x0000
1000288c:	20001050 	.word	0x20001050

10002890 <__wrap___aeabi_memcpy>:
10002890:	4b01      	ldr	r3, [pc, #4]	@ (10002898 <__wrap___aeabi_memcpy+0x8>)
10002892:	685b      	ldr	r3, [r3, #4]
10002894:	4718      	bx	r3
10002896:	0000      	.short	0x0000
10002898:	20001050 	.word	0x20001050

1000289c <_out_null>:
1000289c:	4770      	bx	lr
1000289e:	46c0      	nop			@ (mov r8, r8)

100028a0 <_out_rev>:
100028a0:	b5f8      	push	{r3, r4, r5, r6, r7, lr}
100028a2:	4657      	mov	r7, sl
100028a4:	46de      	mov	lr, fp
100028a6:	464e      	mov	r6, r9
100028a8:	4645      	mov	r5, r8
100028aa:	b5e0      	push	{r5, r6, r7, lr}
100028ac:	4699      	mov	r9, r3
100028ae:	9b0a      	ldr	r3, [sp, #40]	@ 0x28
100028b0:	0007      	movs	r7, r0
100028b2:	469a      	mov	sl, r3
100028b4:	9b0d      	ldr	r3, [sp, #52]	@ 0x34
100028b6:	4688      	mov	r8, r1
100028b8:	4693      	mov	fp, r2
100028ba:	9c0b      	ldr	r4, [sp, #44]	@ 0x2c
100028bc:	079b      	lsls	r3, r3, #30
100028be:	d13b      	bne.n	10002938 <_out_rev+0x98>
100028c0:	9b0c      	ldr	r3, [sp, #48]	@ 0x30
100028c2:	429c      	cmp	r4, r3
100028c4:	d23d      	bcs.n	10002942 <_out_rev+0xa2>
100028c6:	1b1e      	subs	r6, r3, r4
100028c8:	940b      	str	r4, [sp, #44]	@ 0x2c
100028ca:	0015      	movs	r5, r2
100028cc:	000c      	movs	r4, r1
100028ce:	445e      	add	r6, fp
100028d0:	002a      	movs	r2, r5
100028d2:	464b      	mov	r3, r9
100028d4:	3501      	adds	r5, #1
100028d6:	0021      	movs	r1, r4
100028d8:	2020      	movs	r0, #32
100028da:	47b8      	blx	r7
100028dc:	42b5      	cmp	r5, r6
100028de:	d1f7      	bne.n	100028d0 <_out_rev+0x30>
100028e0:	46a0      	mov	r8, r4
100028e2:	9c0b      	ldr	r4, [sp, #44]	@ 0x2c
100028e4:	2c00      	cmp	r4, #0
100028e6:	d020      	beq.n	1000292a <_out_rev+0x8a>
100028e8:	4645      	mov	r5, r8
100028ea:	1936      	adds	r6, r6, r4
100028ec:	4653      	mov	r3, sl
100028ee:	1b32      	subs	r2, r6, r4
100028f0:	3c01      	subs	r4, #1
100028f2:	5d18      	ldrb	r0, [r3, r4]
100028f4:	0029      	movs	r1, r5
100028f6:	464b      	mov	r3, r9
100028f8:	47b8      	blx	r7
100028fa:	2c00      	cmp	r4, #0
100028fc:	d1f6      	bne.n	100028ec <_out_rev+0x4c>
100028fe:	002b      	movs	r3, r5
10002900:	0035      	movs	r5, r6
10002902:	4698      	mov	r8, r3
10002904:	9b0d      	ldr	r3, [sp, #52]	@ 0x34
10002906:	079b      	lsls	r3, r3, #30
10002908:	d50f      	bpl.n	1000292a <_out_rev+0x8a>
1000290a:	465b      	mov	r3, fp
1000290c:	1aec      	subs	r4, r5, r3
1000290e:	9b0c      	ldr	r3, [sp, #48]	@ 0x30
10002910:	42a3      	cmp	r3, r4
10002912:	d90a      	bls.n	1000292a <_out_rev+0x8a>
10002914:	4646      	mov	r6, r8
10002916:	4698      	mov	r8, r3
10002918:	002a      	movs	r2, r5
1000291a:	464b      	mov	r3, r9
1000291c:	0031      	movs	r1, r6
1000291e:	2020      	movs	r0, #32
10002920:	3401      	adds	r4, #1
10002922:	47b8      	blx	r7
10002924:	3501      	adds	r5, #1
10002926:	4544      	cmp	r4, r8
10002928:	d3f6      	bcc.n	10002918 <_out_rev+0x78>
1000292a:	0028      	movs	r0, r5
1000292c:	bcf0      	pop	{r4, r5, r6, r7}
1000292e:	46bb      	mov	fp, r7
10002930:	46b2      	mov	sl, r6
10002932:	46a9      	mov	r9, r5
10002934:	46a0      	mov	r8, r4
10002936:	bdf8      	pop	{r3, r4, r5, r6, r7, pc}
10002938:	0016      	movs	r6, r2
1000293a:	0015      	movs	r5, r2
1000293c:	2c00      	cmp	r4, #0
1000293e:	d1d3      	bne.n	100028e8 <_out_rev+0x48>
10002940:	e7e0      	b.n	10002904 <_out_rev+0x64>
10002942:	0016      	movs	r6, r2
10002944:	0015      	movs	r5, r2
10002946:	2c00      	cmp	r4, #0
10002948:	d1ce      	bne.n	100028e8 <_out_rev+0x48>
1000294a:	e7ee      	b.n	1000292a <_out_rev+0x8a>

1000294c <_ntoa_format>:
1000294c:	b5f0      	push	{r4, r5, r6, r7, lr}
1000294e:	4645      	mov	r5, r8
10002950:	46de      	mov	lr, fp
10002952:	4657      	mov	r7, sl
10002954:	464e      	mov	r6, r9
10002956:	b5e0      	push	{r5, r6, r7, lr}
10002958:	b085      	sub	sp, #20
1000295a:	469c      	mov	ip, r3
1000295c:	ab10      	add	r3, sp, #64	@ 0x40
1000295e:	781b      	ldrb	r3, [r3, #0]
10002960:	9f14      	ldr	r7, [sp, #80]	@ 0x50
10002962:	4693      	mov	fp, r2
10002964:	4698      	mov	r8, r3
10002966:	9c0f      	ldr	r4, [sp, #60]	@ 0x3c
10002968:	9e12      	ldr	r6, [sp, #72]	@ 0x48
1000296a:	9d13      	ldr	r5, [sp, #76]	@ 0x4c
1000296c:	07bb      	lsls	r3, r7, #30
1000296e:	d44c      	bmi.n	10002a0a <_ntoa_format+0xbe>
10002970:	2d00      	cmp	r5, #0
10002972:	d142      	bne.n	100029fa <_ntoa_format+0xae>
10002974:	42b4      	cmp	r4, r6
10002976:	d248      	bcs.n	10002a0a <_ntoa_format+0xbe>
10002978:	2301      	movs	r3, #1
1000297a:	403b      	ands	r3, r7
1000297c:	4699      	mov	r9, r3
1000297e:	9b0e      	ldr	r3, [sp, #56]	@ 0x38
10002980:	3b01      	subs	r3, #1
10002982:	469a      	mov	sl, r3
10002984:	2330      	movs	r3, #48	@ 0x30
10002986:	e004      	b.n	10002992 <_ntoa_format+0x46>
10002988:	4652      	mov	r2, sl
1000298a:	3401      	adds	r4, #1
1000298c:	5513      	strb	r3, [r2, r4]
1000298e:	42a6      	cmp	r6, r4
10002990:	d901      	bls.n	10002996 <_ntoa_format+0x4a>
10002992:	2c20      	cmp	r4, #32
10002994:	d1f8      	bne.n	10002988 <_ntoa_format+0x3c>
10002996:	464b      	mov	r3, r9
10002998:	2b00      	cmp	r3, #0
1000299a:	d100      	bne.n	1000299e <_ntoa_format+0x52>
1000299c:	e083      	b.n	10002aa6 <_ntoa_format+0x15a>
1000299e:	9b0e      	ldr	r3, [sp, #56]	@ 0x38
100029a0:	3b01      	subs	r3, #1
100029a2:	4699      	mov	r9, r3
100029a4:	2330      	movs	r3, #48	@ 0x30
100029a6:	42a5      	cmp	r5, r4
100029a8:	d805      	bhi.n	100029b6 <_ntoa_format+0x6a>
100029aa:	e02e      	b.n	10002a0a <_ntoa_format+0xbe>
100029ac:	464a      	mov	r2, r9
100029ae:	3401      	adds	r4, #1
100029b0:	5513      	strb	r3, [r2, r4]
100029b2:	42ac      	cmp	r4, r5
100029b4:	d029      	beq.n	10002a0a <_ntoa_format+0xbe>
100029b6:	2c20      	cmp	r4, #32
100029b8:	d1f8      	bne.n	100029ac <_ntoa_format+0x60>
100029ba:	06fb      	lsls	r3, r7, #27
100029bc:	d50c      	bpl.n	100029d8 <_ntoa_format+0x8c>
100029be:	057b      	lsls	r3, r7, #21
100029c0:	d454      	bmi.n	10002a6c <_ntoa_format+0x120>
100029c2:	42a6      	cmp	r6, r4
100029c4:	d063      	beq.n	10002a8e <_ntoa_format+0x142>
100029c6:	42a5      	cmp	r5, r4
100029c8:	d061      	beq.n	10002a8e <_ntoa_format+0x142>
100029ca:	9b11      	ldr	r3, [sp, #68]	@ 0x44
100029cc:	2b10      	cmp	r3, #16
100029ce:	d050      	beq.n	10002a72 <_ntoa_format+0x126>
100029d0:	2b02      	cmp	r3, #2
100029d2:	d057      	beq.n	10002a84 <_ntoa_format+0x138>
100029d4:	2c20      	cmp	r4, #32
100029d6:	d132      	bne.n	10002a3e <_ntoa_format+0xf2>
100029d8:	2320      	movs	r3, #32
100029da:	9301      	str	r3, [sp, #4]
100029dc:	9b0e      	ldr	r3, [sp, #56]	@ 0x38
100029de:	465a      	mov	r2, fp
100029e0:	9300      	str	r3, [sp, #0]
100029e2:	9703      	str	r7, [sp, #12]
100029e4:	4663      	mov	r3, ip
100029e6:	9502      	str	r5, [sp, #8]
100029e8:	f7ff ff5a 	bl	100028a0 <_out_rev>
100029ec:	b005      	add	sp, #20
100029ee:	bcf0      	pop	{r4, r5, r6, r7}
100029f0:	46bb      	mov	fp, r7
100029f2:	46b2      	mov	sl, r6
100029f4:	46a9      	mov	r9, r5
100029f6:	46a0      	mov	r8, r4
100029f8:	bdf0      	pop	{r4, r5, r6, r7, pc}
100029fa:	2301      	movs	r3, #1
100029fc:	403b      	ands	r3, r7
100029fe:	4699      	mov	r9, r3
10002a00:	2301      	movs	r3, #1
10002a02:	423b      	tst	r3, r7
10002a04:	d12a      	bne.n	10002a5c <_ntoa_format+0x110>
10002a06:	42b4      	cmp	r4, r6
10002a08:	d3b9      	bcc.n	1000297e <_ntoa_format+0x32>
10002a0a:	06fb      	lsls	r3, r7, #27
10002a0c:	d51c      	bpl.n	10002a48 <_ntoa_format+0xfc>
10002a0e:	057b      	lsls	r3, r7, #21
10002a10:	d4db      	bmi.n	100029ca <_ntoa_format+0x7e>
10002a12:	2c00      	cmp	r4, #0
10002a14:	d1d5      	bne.n	100029c2 <_ntoa_format+0x76>
10002a16:	9b11      	ldr	r3, [sp, #68]	@ 0x44
10002a18:	2b10      	cmp	r3, #16
10002a1a:	d05b      	beq.n	10002ad4 <_ntoa_format+0x188>
10002a1c:	9b11      	ldr	r3, [sp, #68]	@ 0x44
10002a1e:	2b02      	cmp	r3, #2
10002a20:	d06b      	beq.n	10002afa <_ntoa_format+0x1ae>
10002a22:	2330      	movs	r3, #48	@ 0x30
10002a24:	2401      	movs	r4, #1
10002a26:	9a0e      	ldr	r2, [sp, #56]	@ 0x38
10002a28:	7013      	strb	r3, [r2, #0]
10002a2a:	4643      	mov	r3, r8
10002a2c:	2b00      	cmp	r3, #0
10002a2e:	d110      	bne.n	10002a52 <_ntoa_format+0x106>
10002a30:	077b      	lsls	r3, r7, #29
10002a32:	d53e      	bpl.n	10002ab2 <_ntoa_format+0x166>
10002a34:	262b      	movs	r6, #43	@ 0x2b
10002a36:	9a0e      	ldr	r2, [sp, #56]	@ 0x38
10002a38:	1c63      	adds	r3, r4, #1
10002a3a:	5516      	strb	r6, [r2, r4]
10002a3c:	e7cd      	b.n	100029da <_ntoa_format+0x8e>
10002a3e:	0023      	movs	r3, r4
10002a40:	3401      	adds	r4, #1
10002a42:	2630      	movs	r6, #48	@ 0x30
10002a44:	9a0e      	ldr	r2, [sp, #56]	@ 0x38
10002a46:	54d6      	strb	r6, [r2, r3]
10002a48:	2c20      	cmp	r4, #32
10002a4a:	d0c5      	beq.n	100029d8 <_ntoa_format+0x8c>
10002a4c:	4643      	mov	r3, r8
10002a4e:	2b00      	cmp	r3, #0
10002a50:	d0ee      	beq.n	10002a30 <_ntoa_format+0xe4>
10002a52:	262d      	movs	r6, #45	@ 0x2d
10002a54:	9a0e      	ldr	r2, [sp, #56]	@ 0x38
10002a56:	1c63      	adds	r3, r4, #1
10002a58:	5516      	strb	r6, [r2, r4]
10002a5a:	e7be      	b.n	100029da <_ntoa_format+0x8e>
10002a5c:	4643      	mov	r3, r8
10002a5e:	2b00      	cmp	r3, #0
10002a60:	d02f      	beq.n	10002ac2 <_ntoa_format+0x176>
10002a62:	3d01      	subs	r5, #1
10002a64:	42b4      	cmp	r4, r6
10002a66:	d200      	bcs.n	10002a6a <_ntoa_format+0x11e>
10002a68:	e789      	b.n	1000297e <_ntoa_format+0x32>
10002a6a:	e798      	b.n	1000299e <_ntoa_format+0x52>
10002a6c:	9b11      	ldr	r3, [sp, #68]	@ 0x44
10002a6e:	2b10      	cmp	r3, #16
10002a70:	d1b2      	bne.n	100029d8 <_ntoa_format+0x8c>
10002a72:	06bb      	lsls	r3, r7, #26
10002a74:	d537      	bpl.n	10002ae6 <_ntoa_format+0x19a>
10002a76:	2c20      	cmp	r4, #32
10002a78:	d0ae      	beq.n	100029d8 <_ntoa_format+0x8c>
10002a7a:	2358      	movs	r3, #88	@ 0x58
10002a7c:	9a0e      	ldr	r2, [sp, #56]	@ 0x38
10002a7e:	5513      	strb	r3, [r2, r4]
10002a80:	3401      	adds	r4, #1
10002a82:	e7a7      	b.n	100029d4 <_ntoa_format+0x88>
10002a84:	2c20      	cmp	r4, #32
10002a86:	d0a7      	beq.n	100029d8 <_ntoa_format+0x8c>
10002a88:	0023      	movs	r3, r4
10002a8a:	3401      	adds	r4, #1
10002a8c:	e007      	b.n	10002a9e <_ntoa_format+0x152>
10002a8e:	1e63      	subs	r3, r4, #1
10002a90:	2c01      	cmp	r4, #1
10002a92:	d0c0      	beq.n	10002a16 <_ntoa_format+0xca>
10002a94:	9a11      	ldr	r2, [sp, #68]	@ 0x44
10002a96:	2a10      	cmp	r2, #16
10002a98:	d031      	beq.n	10002afe <_ntoa_format+0x1b2>
10002a9a:	2a02      	cmp	r2, #2
10002a9c:	d1d1      	bne.n	10002a42 <_ntoa_format+0xf6>
10002a9e:	2662      	movs	r6, #98	@ 0x62
10002aa0:	9a0e      	ldr	r2, [sp, #56]	@ 0x38
10002aa2:	54d6      	strb	r6, [r2, r3]
10002aa4:	e796      	b.n	100029d4 <_ntoa_format+0x88>
10002aa6:	06fb      	lsls	r3, r7, #27
10002aa8:	d5ce      	bpl.n	10002a48 <_ntoa_format+0xfc>
10002aaa:	057b      	lsls	r3, r7, #21
10002aac:	d400      	bmi.n	10002ab0 <_ntoa_format+0x164>
10002aae:	e788      	b.n	100029c2 <_ntoa_format+0x76>
10002ab0:	e78b      	b.n	100029ca <_ntoa_format+0x7e>
10002ab2:	0023      	movs	r3, r4
10002ab4:	073e      	lsls	r6, r7, #28
10002ab6:	d590      	bpl.n	100029da <_ntoa_format+0x8e>
10002ab8:	2620      	movs	r6, #32
10002aba:	9a0e      	ldr	r2, [sp, #56]	@ 0x38
10002abc:	3301      	adds	r3, #1
10002abe:	5516      	strb	r6, [r2, r4]
10002ac0:	e78b      	b.n	100029da <_ntoa_format+0x8e>
10002ac2:	230c      	movs	r3, #12
10002ac4:	403b      	ands	r3, r7
10002ac6:	1e5a      	subs	r2, r3, #1
10002ac8:	4193      	sbcs	r3, r2
10002aca:	1aed      	subs	r5, r5, r3
10002acc:	42b4      	cmp	r4, r6
10002ace:	d200      	bcs.n	10002ad2 <_ntoa_format+0x186>
10002ad0:	e755      	b.n	1000297e <_ntoa_format+0x32>
10002ad2:	e764      	b.n	1000299e <_ntoa_format+0x52>
10002ad4:	06bb      	lsls	r3, r7, #26
10002ad6:	d40e      	bmi.n	10002af6 <_ntoa_format+0x1aa>
10002ad8:	2378      	movs	r3, #120	@ 0x78
10002ada:	9a0e      	ldr	r2, [sp, #56]	@ 0x38
10002adc:	2402      	movs	r4, #2
10002ade:	7013      	strb	r3, [r2, #0]
10002ae0:	2330      	movs	r3, #48	@ 0x30
10002ae2:	7053      	strb	r3, [r2, #1]
10002ae4:	e7a1      	b.n	10002a2a <_ntoa_format+0xde>
10002ae6:	2c20      	cmp	r4, #32
10002ae8:	d100      	bne.n	10002aec <_ntoa_format+0x1a0>
10002aea:	e775      	b.n	100029d8 <_ntoa_format+0x8c>
10002aec:	2378      	movs	r3, #120	@ 0x78
10002aee:	9a0e      	ldr	r2, [sp, #56]	@ 0x38
10002af0:	5513      	strb	r3, [r2, r4]
10002af2:	3401      	adds	r4, #1
10002af4:	e76e      	b.n	100029d4 <_ntoa_format+0x88>
10002af6:	2358      	movs	r3, #88	@ 0x58
10002af8:	e7ef      	b.n	10002ada <_ntoa_format+0x18e>
10002afa:	3360      	adds	r3, #96	@ 0x60
10002afc:	e7ed      	b.n	10002ada <_ntoa_format+0x18e>
10002afe:	9a0e      	ldr	r2, [sp, #56]	@ 0x38
10002b00:	1ea6      	subs	r6, r4, #2
10002b02:	4691      	mov	r9, r2
10002b04:	444e      	add	r6, r9
10002b06:	06ba      	lsls	r2, r7, #26
10002b08:	d502      	bpl.n	10002b10 <_ntoa_format+0x1c4>
10002b0a:	2258      	movs	r2, #88	@ 0x58
10002b0c:	7032      	strb	r2, [r6, #0]
10002b0e:	e798      	b.n	10002a42 <_ntoa_format+0xf6>
10002b10:	2278      	movs	r2, #120	@ 0x78
10002b12:	7032      	strb	r2, [r6, #0]
10002b14:	e795      	b.n	10002a42 <_ntoa_format+0xf6>
10002b16:	46c0      	nop			@ (mov r8, r8)

10002b18 <_out_char>:
10002b18:	b510      	push	{r4, lr}
10002b1a:	2800      	cmp	r0, #0
10002b1c:	d100      	bne.n	10002b20 <_out_char+0x8>
10002b1e:	bd10      	pop	{r4, pc}
10002b20:	f001 fc80 	bl	10004424 <__wrap_putchar>
10002b24:	e7fb      	b.n	10002b1e <_out_char+0x6>
10002b26:	46c0      	nop			@ (mov r8, r8)

10002b28 <_out_fct>:
10002b28:	000b      	movs	r3, r1
10002b2a:	b510      	push	{r4, lr}
10002b2c:	2800      	cmp	r0, #0
10002b2e:	d002      	beq.n	10002b36 <_out_fct+0xe>
10002b30:	6849      	ldr	r1, [r1, #4]
10002b32:	681b      	ldr	r3, [r3, #0]
10002b34:	4798      	blx	r3
10002b36:	bd10      	pop	{r4, pc}

10002b38 <_ftoa>:
10002b38:	b5f0      	push	{r4, r5, r6, r7, lr}
10002b3a:	4657      	mov	r7, sl
10002b3c:	46de      	mov	lr, fp
10002b3e:	464e      	mov	r6, r9
10002b40:	4645      	mov	r5, r8
10002b42:	b5e0      	push	{r5, r6, r7, lr}
10002b44:	b095      	sub	sp, #84	@ 0x54
10002b46:	4683      	mov	fp, r0
10002b48:	000f      	movs	r7, r1
10002b4a:	4692      	mov	sl, r2
10002b4c:	4698      	mov	r8, r3
10002b4e:	9a1e      	ldr	r2, [sp, #120]	@ 0x78
10002b50:	9b1f      	ldr	r3, [sp, #124]	@ 0x7c
10002b52:	0010      	movs	r0, r2
10002b54:	0019      	movs	r1, r3
10002b56:	9e20      	ldr	r6, [sp, #128]	@ 0x80
10002b58:	f7ff fa7d 	bl	10002056 <__wrap___aeabi_dcmpun>
10002b5c:	2800      	cmp	r0, #0
10002b5e:	d000      	beq.n	10002b62 <_ftoa+0x2a>
10002b60:	e1ea      	b.n	10002f38 <_ftoa+0x400>
10002b62:	981e      	ldr	r0, [sp, #120]	@ 0x78
10002b64:	991f      	ldr	r1, [sp, #124]	@ 0x7c
10002b66:	2201      	movs	r2, #1
10002b68:	4bc5      	ldr	r3, [pc, #788]	@ (10002e80 <_ftoa+0x348>)
10002b6a:	4252      	negs	r2, r2
10002b6c:	f7ff fa58 	bl	10002020 <__wrap___aeabi_dcmplt>
10002b70:	2800      	cmp	r0, #0
10002b72:	d000      	beq.n	10002b76 <_ftoa+0x3e>
10002b74:	e114      	b.n	10002da0 <_ftoa+0x268>
10002b76:	981e      	ldr	r0, [sp, #120]	@ 0x78
10002b78:	991f      	ldr	r1, [sp, #124]	@ 0x7c
10002b7a:	2201      	movs	r2, #1
10002b7c:	4bc1      	ldr	r3, [pc, #772]	@ (10002e84 <_ftoa+0x34c>)
10002b7e:	4252      	negs	r2, r2
10002b80:	f7ff fa64 	bl	1000204c <__wrap___aeabi_dcmpgt>
10002b84:	2800      	cmp	r0, #0
10002b86:	d000      	beq.n	10002b8a <_ftoa+0x52>
10002b88:	e0e9      	b.n	10002d5e <_ftoa+0x226>
10002b8a:	981e      	ldr	r0, [sp, #120]	@ 0x78
10002b8c:	991f      	ldr	r1, [sp, #124]	@ 0x7c
10002b8e:	2200      	movs	r2, #0
10002b90:	4bbd      	ldr	r3, [pc, #756]	@ (10002e88 <_ftoa+0x350>)
10002b92:	f7ff fa5b 	bl	1000204c <__wrap___aeabi_dcmpgt>
10002b96:	2800      	cmp	r0, #0
10002b98:	d000      	beq.n	10002b9c <_ftoa+0x64>
10002b9a:	e0c8      	b.n	10002d2e <_ftoa+0x1f6>
10002b9c:	981e      	ldr	r0, [sp, #120]	@ 0x78
10002b9e:	991f      	ldr	r1, [sp, #124]	@ 0x7c
10002ba0:	2200      	movs	r2, #0
10002ba2:	4bba      	ldr	r3, [pc, #744]	@ (10002e8c <_ftoa+0x354>)
10002ba4:	f7ff fa3c 	bl	10002020 <__wrap___aeabi_dcmplt>
10002ba8:	2800      	cmp	r0, #0
10002baa:	d000      	beq.n	10002bae <_ftoa+0x76>
10002bac:	e0bf      	b.n	10002d2e <_ftoa+0x1f6>
10002bae:	981e      	ldr	r0, [sp, #120]	@ 0x78
10002bb0:	991f      	ldr	r1, [sp, #124]	@ 0x7c
10002bb2:	2200      	movs	r2, #0
10002bb4:	2300      	movs	r3, #0
10002bb6:	f7ff fa33 	bl	10002020 <__wrap___aeabi_dcmplt>
10002bba:	2800      	cmp	r0, #0
10002bbc:	d000      	beq.n	10002bc0 <_ftoa+0x88>
10002bbe:	e0e4      	b.n	10002d8a <_ftoa+0x252>
10002bc0:	2300      	movs	r3, #0
10002bc2:	930b      	str	r3, [sp, #44]	@ 0x2c
10002bc4:	9b22      	ldr	r3, [sp, #136]	@ 0x88
10002bc6:	055b      	lsls	r3, r3, #21
10002bc8:	d400      	bmi.n	10002bcc <_ftoa+0x94>
10002bca:	2606      	movs	r6, #6
10002bcc:	2400      	movs	r4, #0
10002bce:	2330      	movs	r3, #48	@ 0x30
10002bd0:	e007      	b.n	10002be2 <_ftoa+0xaa>
10002bd2:	2117      	movs	r1, #23
10002bd4:	aa06      	add	r2, sp, #24
10002bd6:	3401      	adds	r4, #1
10002bd8:	1852      	adds	r2, r2, r1
10002bda:	5513      	strb	r3, [r2, r4]
10002bdc:	3e01      	subs	r6, #1
10002bde:	2c20      	cmp	r4, #32
10002be0:	d001      	beq.n	10002be6 <_ftoa+0xae>
10002be2:	2e09      	cmp	r6, #9
10002be4:	d8f5      	bhi.n	10002bd2 <_ftoa+0x9a>
10002be6:	981e      	ldr	r0, [sp, #120]	@ 0x78
10002be8:	991f      	ldr	r1, [sp, #124]	@ 0x7c
10002bea:	f7ff fa5d 	bl	100020a8 <__wrap___aeabi_d2iz>
10002bee:	4ba8      	ldr	r3, [pc, #672]	@ (10002e90 <_ftoa+0x358>)
10002bf0:	00f2      	lsls	r2, r6, #3
10002bf2:	189b      	adds	r3, r3, r2
10002bf4:	681a      	ldr	r2, [r3, #0]
10002bf6:	685b      	ldr	r3, [r3, #4]
10002bf8:	0005      	movs	r5, r0
10002bfa:	9208      	str	r2, [sp, #32]
10002bfc:	9309      	str	r3, [sp, #36]	@ 0x24
10002bfe:	f7ff fa3b 	bl	10002078 <__wrap___aeabi_i2d>
10002c02:	0002      	movs	r2, r0
10002c04:	000b      	movs	r3, r1
10002c06:	981e      	ldr	r0, [sp, #120]	@ 0x78
10002c08:	991f      	ldr	r1, [sp, #124]	@ 0x7c
10002c0a:	f7ff f996 	bl	10001f3a <__wrap___aeabi_dsub>
10002c0e:	9a08      	ldr	r2, [sp, #32]
10002c10:	9b09      	ldr	r3, [sp, #36]	@ 0x24
10002c12:	f7ff f9c2 	bl	10001f9a <__wrap___aeabi_dmul>
10002c16:	9006      	str	r0, [sp, #24]
10002c18:	9107      	str	r1, [sp, #28]
10002c1a:	f7ff fa69 	bl	100020f0 <__wrap___aeabi_d2uiz>
10002c1e:	4681      	mov	r9, r0
10002c20:	f7ff fa26 	bl	10002070 <__wrap___aeabi_ui2d>
10002c24:	0002      	movs	r2, r0
10002c26:	000b      	movs	r3, r1
10002c28:	9806      	ldr	r0, [sp, #24]
10002c2a:	9907      	ldr	r1, [sp, #28]
10002c2c:	f7ff f985 	bl	10001f3a <__wrap___aeabi_dsub>
10002c30:	2200      	movs	r2, #0
10002c32:	4b98      	ldr	r3, [pc, #608]	@ (10002e94 <_ftoa+0x35c>)
10002c34:	9006      	str	r0, [sp, #24]
10002c36:	9107      	str	r1, [sp, #28]
10002c38:	f7ff fa08 	bl	1000204c <__wrap___aeabi_dcmpgt>
10002c3c:	2800      	cmp	r0, #0
10002c3e:	d100      	bne.n	10002c42 <_ftoa+0x10a>
10002c40:	e10d      	b.n	10002e5e <_ftoa+0x326>
10002c42:	2301      	movs	r3, #1
10002c44:	469c      	mov	ip, r3
10002c46:	44e1      	add	r9, ip
10002c48:	4648      	mov	r0, r9
10002c4a:	f7ff fa11 	bl	10002070 <__wrap___aeabi_ui2d>
10002c4e:	0002      	movs	r2, r0
10002c50:	000b      	movs	r3, r1
10002c52:	9808      	ldr	r0, [sp, #32]
10002c54:	9909      	ldr	r1, [sp, #36]	@ 0x24
10002c56:	f7ff f9e9 	bl	1000202c <__wrap___aeabi_dcmple>
10002c5a:	2800      	cmp	r0, #0
10002c5c:	d002      	beq.n	10002c64 <_ftoa+0x12c>
10002c5e:	2300      	movs	r3, #0
10002c60:	4699      	mov	r9, r3
10002c62:	3501      	adds	r5, #1
10002c64:	2e00      	cmp	r6, #0
10002c66:	d100      	bne.n	10002c6a <_ftoa+0x132>
10002c68:	e0d9      	b.n	10002e1e <_ftoa+0x2e6>
10002c6a:	9506      	str	r5, [sp, #24]
10002c6c:	464d      	mov	r5, r9
10002c6e:	46b9      	mov	r9, r7
10002c70:	e014      	b.n	10002c9c <_ftoa+0x164>
10002c72:	aa06      	add	r2, sp, #24
10002c74:	4694      	mov	ip, r2
10002c76:	2317      	movs	r3, #23
10002c78:	210a      	movs	r1, #10
10002c7a:	4463      	add	r3, ip
10002c7c:	0028      	movs	r0, r5
10002c7e:	3401      	adds	r4, #1
10002c80:	191f      	adds	r7, r3, r4
10002c82:	f7fe ff1f 	bl	10001ac4 <__wrap___aeabi_uidiv>
10002c86:	3130      	adds	r1, #48	@ 0x30
10002c88:	7039      	strb	r1, [r7, #0]
10002c8a:	0028      	movs	r0, r5
10002c8c:	210a      	movs	r1, #10
10002c8e:	3e01      	subs	r6, #1
10002c90:	f7fe ff18 	bl	10001ac4 <__wrap___aeabi_uidiv>
10002c94:	2d09      	cmp	r5, #9
10002c96:	d800      	bhi.n	10002c9a <_ftoa+0x162>
10002c98:	e117      	b.n	10002eca <_ftoa+0x392>
10002c9a:	0005      	movs	r5, r0
10002c9c:	2c20      	cmp	r4, #32
10002c9e:	d1e8      	bne.n	10002c72 <_ftoa+0x13a>
10002ca0:	464f      	mov	r7, r9
10002ca2:	9d06      	ldr	r5, [sp, #24]
10002ca4:	2420      	movs	r4, #32
10002ca6:	ae0c      	add	r6, sp, #48	@ 0x30
10002ca8:	aa06      	add	r2, sp, #24
10002caa:	2317      	movs	r3, #23
10002cac:	4694      	mov	ip, r2
10002cae:	4463      	add	r3, ip
10002cb0:	4699      	mov	r9, r3
10002cb2:	465b      	mov	r3, fp
10002cb4:	46b3      	mov	fp, r6
10002cb6:	9306      	str	r3, [sp, #24]
10002cb8:	e00f      	b.n	10002cda <_ftoa+0x1a2>
10002cba:	464b      	mov	r3, r9
10002cbc:	0028      	movs	r0, r5
10002cbe:	210a      	movs	r1, #10
10002cc0:	3401      	adds	r4, #1
10002cc2:	18e6      	adds	r6, r4, r3
10002cc4:	f7fe fed6 	bl	10001a74 <__wrap___aeabi_idiv>
10002cc8:	3130      	adds	r1, #48	@ 0x30
10002cca:	0028      	movs	r0, r5
10002ccc:	7031      	strb	r1, [r6, #0]
10002cce:	210a      	movs	r1, #10
10002cd0:	f7fe fed0 	bl	10001a74 <__wrap___aeabi_idiv>
10002cd4:	1e05      	subs	r5, r0, #0
10002cd6:	d100      	bne.n	10002cda <_ftoa+0x1a2>
10002cd8:	e0e4      	b.n	10002ea4 <_ftoa+0x36c>
10002cda:	2c20      	cmp	r4, #32
10002cdc:	d1ed      	bne.n	10002cba <_ftoa+0x182>
10002cde:	9b06      	ldr	r3, [sp, #24]
10002ce0:	465e      	mov	r6, fp
10002ce2:	469b      	mov	fp, r3
10002ce4:	2303      	movs	r3, #3
10002ce6:	9a22      	ldr	r2, [sp, #136]	@ 0x88
10002ce8:	4013      	ands	r3, r2
10002cea:	2b01      	cmp	r3, #1
10002cec:	d118      	bne.n	10002d20 <_ftoa+0x1e8>
10002cee:	9b21      	ldr	r3, [sp, #132]	@ 0x84
10002cf0:	2b00      	cmp	r3, #0
10002cf2:	d015      	beq.n	10002d20 <_ftoa+0x1e8>
10002cf4:	9b0b      	ldr	r3, [sp, #44]	@ 0x2c
10002cf6:	2b00      	cmp	r3, #0
10002cf8:	d100      	bne.n	10002cfc <_ftoa+0x1c4>
10002cfa:	e0fd      	b.n	10002ef8 <_ftoa+0x3c0>
10002cfc:	9b21      	ldr	r3, [sp, #132]	@ 0x84
10002cfe:	3b01      	subs	r3, #1
10002d00:	9321      	str	r3, [sp, #132]	@ 0x84
10002d02:	2b20      	cmp	r3, #32
10002d04:	d90c      	bls.n	10002d20 <_ftoa+0x1e8>
10002d06:	2330      	movs	r3, #48	@ 0x30
10002d08:	9a21      	ldr	r2, [sp, #132]	@ 0x84
10002d0a:	e007      	b.n	10002d1c <_ftoa+0x1e4>
10002d0c:	2017      	movs	r0, #23
10002d0e:	a906      	add	r1, sp, #24
10002d10:	3401      	adds	r4, #1
10002d12:	1809      	adds	r1, r1, r0
10002d14:	550b      	strb	r3, [r1, r4]
10002d16:	4294      	cmp	r4, r2
10002d18:	d300      	bcc.n	10002d1c <_ftoa+0x1e4>
10002d1a:	e0cc      	b.n	10002eb6 <_ftoa+0x37e>
10002d1c:	2c20      	cmp	r4, #32
10002d1e:	d1f5      	bne.n	10002d0c <_ftoa+0x1d4>
10002d20:	9b22      	ldr	r3, [sp, #136]	@ 0x88
10002d22:	9401      	str	r4, [sp, #4]
10002d24:	9303      	str	r3, [sp, #12]
10002d26:	9b21      	ldr	r3, [sp, #132]	@ 0x84
10002d28:	9600      	str	r6, [sp, #0]
10002d2a:	9302      	str	r3, [sp, #8]
10002d2c:	e022      	b.n	10002d74 <_ftoa+0x23c>
10002d2e:	9b22      	ldr	r3, [sp, #136]	@ 0x88
10002d30:	4652      	mov	r2, sl
10002d32:	9304      	str	r3, [sp, #16]
10002d34:	9b21      	ldr	r3, [sp, #132]	@ 0x84
10002d36:	0039      	movs	r1, r7
10002d38:	9303      	str	r3, [sp, #12]
10002d3a:	4658      	mov	r0, fp
10002d3c:	9b1e      	ldr	r3, [sp, #120]	@ 0x78
10002d3e:	9c1f      	ldr	r4, [sp, #124]	@ 0x7c
10002d40:	9602      	str	r6, [sp, #8]
10002d42:	9300      	str	r3, [sp, #0]
10002d44:	9401      	str	r4, [sp, #4]
10002d46:	4643      	mov	r3, r8
10002d48:	f000 f94a 	bl	10002fe0 <_etoa>
10002d4c:	0004      	movs	r4, r0
10002d4e:	0020      	movs	r0, r4
10002d50:	b015      	add	sp, #84	@ 0x54
10002d52:	bcf0      	pop	{r4, r5, r6, r7}
10002d54:	46bb      	mov	fp, r7
10002d56:	46b2      	mov	sl, r6
10002d58:	46a9      	mov	r9, r5
10002d5a:	46a0      	mov	r8, r4
10002d5c:	bdf0      	pop	{r4, r5, r6, r7, pc}
10002d5e:	9b22      	ldr	r3, [sp, #136]	@ 0x88
10002d60:	075b      	lsls	r3, r3, #29
10002d62:	d40f      	bmi.n	10002d84 <_ftoa+0x24c>
10002d64:	2203      	movs	r2, #3
10002d66:	4b4c      	ldr	r3, [pc, #304]	@ (10002e98 <_ftoa+0x360>)
10002d68:	9922      	ldr	r1, [sp, #136]	@ 0x88
10002d6a:	9201      	str	r2, [sp, #4]
10002d6c:	9103      	str	r1, [sp, #12]
10002d6e:	9921      	ldr	r1, [sp, #132]	@ 0x84
10002d70:	9300      	str	r3, [sp, #0]
10002d72:	9102      	str	r1, [sp, #8]
10002d74:	4643      	mov	r3, r8
10002d76:	4652      	mov	r2, sl
10002d78:	0039      	movs	r1, r7
10002d7a:	4658      	mov	r0, fp
10002d7c:	f7ff fd90 	bl	100028a0 <_out_rev>
10002d80:	0004      	movs	r4, r0
10002d82:	e7e4      	b.n	10002d4e <_ftoa+0x216>
10002d84:	2204      	movs	r2, #4
10002d86:	4b45      	ldr	r3, [pc, #276]	@ (10002e9c <_ftoa+0x364>)
10002d88:	e7ee      	b.n	10002d68 <_ftoa+0x230>
10002d8a:	9a1e      	ldr	r2, [sp, #120]	@ 0x78
10002d8c:	9b1f      	ldr	r3, [sp, #124]	@ 0x7c
10002d8e:	2000      	movs	r0, #0
10002d90:	2100      	movs	r1, #0
10002d92:	f7ff f8d2 	bl	10001f3a <__wrap___aeabi_dsub>
10002d96:	2301      	movs	r3, #1
10002d98:	901e      	str	r0, [sp, #120]	@ 0x78
10002d9a:	911f      	str	r1, [sp, #124]	@ 0x7c
10002d9c:	930b      	str	r3, [sp, #44]	@ 0x2c
10002d9e:	e711      	b.n	10002bc4 <_ftoa+0x8c>
10002da0:	9b22      	ldr	r3, [sp, #136]	@ 0x88
10002da2:	4654      	mov	r4, sl
10002da4:	079b      	lsls	r3, r3, #30
10002da6:	d111      	bne.n	10002dcc <_ftoa+0x294>
10002da8:	9b21      	ldr	r3, [sp, #132]	@ 0x84
10002daa:	2b04      	cmp	r3, #4
10002dac:	d90e      	bls.n	10002dcc <_ftoa+0x294>
10002dae:	9b21      	ldr	r3, [sp, #132]	@ 0x84
10002db0:	4655      	mov	r5, sl
10002db2:	469c      	mov	ip, r3
10002db4:	465e      	mov	r6, fp
10002db6:	3c04      	subs	r4, #4
10002db8:	4464      	add	r4, ip
10002dba:	002a      	movs	r2, r5
10002dbc:	4643      	mov	r3, r8
10002dbe:	3501      	adds	r5, #1
10002dc0:	0039      	movs	r1, r7
10002dc2:	2020      	movs	r0, #32
10002dc4:	47b0      	blx	r6
10002dc6:	42a5      	cmp	r5, r4
10002dc8:	d1f7      	bne.n	10002dba <_ftoa+0x282>
10002dca:	46b3      	mov	fp, r6
10002dcc:	4d34      	ldr	r5, [pc, #208]	@ (10002ea0 <_ftoa+0x368>)
10002dce:	0026      	movs	r6, r4
10002dd0:	1f2b      	subs	r3, r5, #4
10002dd2:	4699      	mov	r9, r3
10002dd4:	465b      	mov	r3, fp
10002dd6:	46a3      	mov	fp, r4
10002dd8:	001c      	movs	r4, r3
10002dda:	0032      	movs	r2, r6
10002ddc:	78e8      	ldrb	r0, [r5, #3]
10002dde:	4643      	mov	r3, r8
10002de0:	0039      	movs	r1, r7
10002de2:	3d01      	subs	r5, #1
10002de4:	47a0      	blx	r4
10002de6:	3601      	adds	r6, #1
10002de8:	454d      	cmp	r5, r9
10002dea:	d1f6      	bne.n	10002dda <_ftoa+0x2a2>
10002dec:	0023      	movs	r3, r4
10002dee:	465c      	mov	r4, fp
10002df0:	469b      	mov	fp, r3
10002df2:	9b22      	ldr	r3, [sp, #136]	@ 0x88
10002df4:	3404      	adds	r4, #4
10002df6:	079b      	lsls	r3, r3, #30
10002df8:	d5a9      	bpl.n	10002d4e <_ftoa+0x216>
10002dfa:	4653      	mov	r3, sl
10002dfc:	9a21      	ldr	r2, [sp, #132]	@ 0x84
10002dfe:	1ae3      	subs	r3, r4, r3
10002e00:	429a      	cmp	r2, r3
10002e02:	d9a4      	bls.n	10002d4e <_ftoa+0x216>
10002e04:	465e      	mov	r6, fp
10002e06:	0015      	movs	r5, r2
10002e08:	0022      	movs	r2, r4
10002e0a:	4643      	mov	r3, r8
10002e0c:	0039      	movs	r1, r7
10002e0e:	2020      	movs	r0, #32
10002e10:	47b0      	blx	r6
10002e12:	4653      	mov	r3, sl
10002e14:	3401      	adds	r4, #1
10002e16:	1ae3      	subs	r3, r4, r3
10002e18:	429d      	cmp	r5, r3
10002e1a:	d8f5      	bhi.n	10002e08 <_ftoa+0x2d0>
10002e1c:	e797      	b.n	10002d4e <_ftoa+0x216>
10002e1e:	0028      	movs	r0, r5
10002e20:	f7ff f92a 	bl	10002078 <__wrap___aeabi_i2d>
10002e24:	0002      	movs	r2, r0
10002e26:	000b      	movs	r3, r1
10002e28:	981e      	ldr	r0, [sp, #120]	@ 0x78
10002e2a:	991f      	ldr	r1, [sp, #124]	@ 0x7c
10002e2c:	f7ff f885 	bl	10001f3a <__wrap___aeabi_dsub>
10002e30:	2200      	movs	r2, #0
10002e32:	4b18      	ldr	r3, [pc, #96]	@ (10002e94 <_ftoa+0x35c>)
10002e34:	9006      	str	r0, [sp, #24]
10002e36:	9107      	str	r1, [sp, #28]
10002e38:	f7ff f8f2 	bl	10002020 <__wrap___aeabi_dcmplt>
10002e3c:	ae0c      	add	r6, sp, #48	@ 0x30
10002e3e:	2800      	cmp	r0, #0
10002e40:	d000      	beq.n	10002e44 <_ftoa+0x30c>
10002e42:	e731      	b.n	10002ca8 <_ftoa+0x170>
10002e44:	9806      	ldr	r0, [sp, #24]
10002e46:	9907      	ldr	r1, [sp, #28]
10002e48:	2200      	movs	r2, #0
10002e4a:	4b12      	ldr	r3, [pc, #72]	@ (10002e94 <_ftoa+0x35c>)
10002e4c:	f7ff f8fe 	bl	1000204c <__wrap___aeabi_dcmpgt>
10002e50:	2800      	cmp	r0, #0
10002e52:	d000      	beq.n	10002e56 <_ftoa+0x31e>
10002e54:	e728      	b.n	10002ca8 <_ftoa+0x170>
10002e56:	2301      	movs	r3, #1
10002e58:	3501      	adds	r5, #1
10002e5a:	439d      	bics	r5, r3
10002e5c:	e724      	b.n	10002ca8 <_ftoa+0x170>
10002e5e:	2200      	movs	r2, #0
10002e60:	9806      	ldr	r0, [sp, #24]
10002e62:	9907      	ldr	r1, [sp, #28]
10002e64:	4b0b      	ldr	r3, [pc, #44]	@ (10002e94 <_ftoa+0x35c>)
10002e66:	f7ff f8db 	bl	10002020 <__wrap___aeabi_dcmplt>
10002e6a:	2800      	cmp	r0, #0
10002e6c:	d000      	beq.n	10002e70 <_ftoa+0x338>
10002e6e:	e6f9      	b.n	10002c64 <_ftoa+0x12c>
10002e70:	464b      	mov	r3, r9
10002e72:	2b00      	cmp	r3, #0
10002e74:	d15c      	bne.n	10002f30 <_ftoa+0x3f8>
10002e76:	2301      	movs	r3, #1
10002e78:	469c      	mov	ip, r3
10002e7a:	44e1      	add	r9, ip
10002e7c:	e6f2      	b.n	10002c64 <_ftoa+0x12c>
10002e7e:	46c0      	nop			@ (mov r8, r8)
10002e80:	ffefffff 	.word	0xffefffff
10002e84:	7fefffff 	.word	0x7fefffff
10002e88:	41cdcd65 	.word	0x41cdcd65
10002e8c:	c1cdcd65 	.word	0xc1cdcd65
10002e90:	10006f50 	.word	0x10006f50
10002e94:	3fe00000 	.word	0x3fe00000
10002e98:	10006b2c 	.word	0x10006b2c
10002e9c:	10006b24 	.word	0x10006b24
10002ea0:	10006b34 	.word	0x10006b34
10002ea4:	9b06      	ldr	r3, [sp, #24]
10002ea6:	465e      	mov	r6, fp
10002ea8:	469b      	mov	fp, r3
10002eaa:	2303      	movs	r3, #3
10002eac:	9a22      	ldr	r2, [sp, #136]	@ 0x88
10002eae:	4013      	ands	r3, r2
10002eb0:	2b01      	cmp	r3, #1
10002eb2:	d100      	bne.n	10002eb6 <_ftoa+0x37e>
10002eb4:	e081      	b.n	10002fba <_ftoa+0x482>
10002eb6:	2c20      	cmp	r4, #32
10002eb8:	d100      	bne.n	10002ebc <_ftoa+0x384>
10002eba:	e731      	b.n	10002d20 <_ftoa+0x1e8>
10002ebc:	9b0b      	ldr	r3, [sp, #44]	@ 0x2c
10002ebe:	2b00      	cmp	r3, #0
10002ec0:	d027      	beq.n	10002f12 <_ftoa+0x3da>
10002ec2:	232d      	movs	r3, #45	@ 0x2d
10002ec4:	5533      	strb	r3, [r6, r4]
10002ec6:	3401      	adds	r4, #1
10002ec8:	e72a      	b.n	10002d20 <_ftoa+0x1e8>
10002eca:	464f      	mov	r7, r9
10002ecc:	9d06      	ldr	r5, [sp, #24]
10002ece:	2c20      	cmp	r4, #32
10002ed0:	d100      	bne.n	10002ed4 <_ftoa+0x39c>
10002ed2:	e6e7      	b.n	10002ca4 <_ftoa+0x16c>
10002ed4:	2230      	movs	r2, #48	@ 0x30
10002ed6:	1933      	adds	r3, r6, r4
10002ed8:	e007      	b.n	10002eea <_ftoa+0x3b2>
10002eda:	2017      	movs	r0, #23
10002edc:	a906      	add	r1, sp, #24
10002ede:	3401      	adds	r4, #1
10002ee0:	1809      	adds	r1, r1, r0
10002ee2:	550a      	strb	r2, [r1, r4]
10002ee4:	2c20      	cmp	r4, #32
10002ee6:	d100      	bne.n	10002eea <_ftoa+0x3b2>
10002ee8:	e6dc      	b.n	10002ca4 <_ftoa+0x16c>
10002eea:	42a3      	cmp	r3, r4
10002eec:	d1f5      	bne.n	10002eda <_ftoa+0x3a2>
10002eee:	222e      	movs	r2, #46	@ 0x2e
10002ef0:	ae0c      	add	r6, sp, #48	@ 0x30
10002ef2:	3401      	adds	r4, #1
10002ef4:	54f2      	strb	r2, [r6, r3]
10002ef6:	e6d7      	b.n	10002ca8 <_ftoa+0x170>
10002ef8:	230c      	movs	r3, #12
10002efa:	9a22      	ldr	r2, [sp, #136]	@ 0x88
10002efc:	4213      	tst	r3, r2
10002efe:	d057      	beq.n	10002fb0 <_ftoa+0x478>
10002f00:	9b21      	ldr	r3, [sp, #132]	@ 0x84
10002f02:	3b01      	subs	r3, #1
10002f04:	9321      	str	r3, [sp, #132]	@ 0x84
10002f06:	42a3      	cmp	r3, r4
10002f08:	d900      	bls.n	10002f0c <_ftoa+0x3d4>
10002f0a:	e6fc      	b.n	10002d06 <_ftoa+0x1ce>
10002f0c:	2c20      	cmp	r4, #32
10002f0e:	d100      	bne.n	10002f12 <_ftoa+0x3da>
10002f10:	e706      	b.n	10002d20 <_ftoa+0x1e8>
10002f12:	9b22      	ldr	r3, [sp, #136]	@ 0x88
10002f14:	075b      	lsls	r3, r3, #29
10002f16:	d503      	bpl.n	10002f20 <_ftoa+0x3e8>
10002f18:	232b      	movs	r3, #43	@ 0x2b
10002f1a:	5533      	strb	r3, [r6, r4]
10002f1c:	3401      	adds	r4, #1
10002f1e:	e6ff      	b.n	10002d20 <_ftoa+0x1e8>
10002f20:	9b22      	ldr	r3, [sp, #136]	@ 0x88
10002f22:	071b      	lsls	r3, r3, #28
10002f24:	d400      	bmi.n	10002f28 <_ftoa+0x3f0>
10002f26:	e6fb      	b.n	10002d20 <_ftoa+0x1e8>
10002f28:	2320      	movs	r3, #32
10002f2a:	5533      	strb	r3, [r6, r4]
10002f2c:	3401      	adds	r4, #1
10002f2e:	e6f7      	b.n	10002d20 <_ftoa+0x1e8>
10002f30:	07db      	lsls	r3, r3, #31
10002f32:	d400      	bmi.n	10002f36 <_ftoa+0x3fe>
10002f34:	e696      	b.n	10002c64 <_ftoa+0x12c>
10002f36:	e79e      	b.n	10002e76 <_ftoa+0x33e>
10002f38:	9b22      	ldr	r3, [sp, #136]	@ 0x88
10002f3a:	4655      	mov	r5, sl
10002f3c:	079b      	lsls	r3, r3, #30
10002f3e:	d111      	bne.n	10002f64 <_ftoa+0x42c>
10002f40:	9b21      	ldr	r3, [sp, #132]	@ 0x84
10002f42:	2b03      	cmp	r3, #3
10002f44:	d90e      	bls.n	10002f64 <_ftoa+0x42c>
10002f46:	9b21      	ldr	r3, [sp, #132]	@ 0x84
10002f48:	4654      	mov	r4, sl
10002f4a:	469c      	mov	ip, r3
10002f4c:	465e      	mov	r6, fp
10002f4e:	3d03      	subs	r5, #3
10002f50:	4465      	add	r5, ip
10002f52:	0022      	movs	r2, r4
10002f54:	4643      	mov	r3, r8
10002f56:	3401      	adds	r4, #1
10002f58:	0039      	movs	r1, r7
10002f5a:	2020      	movs	r0, #32
10002f5c:	47b0      	blx	r6
10002f5e:	42ac      	cmp	r4, r5
10002f60:	d1f7      	bne.n	10002f52 <_ftoa+0x41a>
10002f62:	46b3      	mov	fp, r6
10002f64:	46b9      	mov	r9, r7
10002f66:	465f      	mov	r7, fp
10002f68:	4e1c      	ldr	r6, [pc, #112]	@ (10002fdc <_ftoa+0x4a4>)
10002f6a:	1cec      	adds	r4, r5, #3
10002f6c:	002a      	movs	r2, r5
10002f6e:	78b0      	ldrb	r0, [r6, #2]
10002f70:	4643      	mov	r3, r8
10002f72:	4649      	mov	r1, r9
10002f74:	3501      	adds	r5, #1
10002f76:	47b8      	blx	r7
10002f78:	3e01      	subs	r6, #1
10002f7a:	42ac      	cmp	r4, r5
10002f7c:	d1f6      	bne.n	10002f6c <_ftoa+0x434>
10002f7e:	9b22      	ldr	r3, [sp, #136]	@ 0x88
10002f80:	46bb      	mov	fp, r7
10002f82:	464f      	mov	r7, r9
10002f84:	079b      	lsls	r3, r3, #30
10002f86:	d400      	bmi.n	10002f8a <_ftoa+0x452>
10002f88:	e6e1      	b.n	10002d4e <_ftoa+0x216>
10002f8a:	4653      	mov	r3, sl
10002f8c:	9a21      	ldr	r2, [sp, #132]	@ 0x84
10002f8e:	1ae3      	subs	r3, r4, r3
10002f90:	429a      	cmp	r2, r3
10002f92:	d800      	bhi.n	10002f96 <_ftoa+0x45e>
10002f94:	e6db      	b.n	10002d4e <_ftoa+0x216>
10002f96:	465e      	mov	r6, fp
10002f98:	0015      	movs	r5, r2
10002f9a:	0022      	movs	r2, r4
10002f9c:	4643      	mov	r3, r8
10002f9e:	0039      	movs	r1, r7
10002fa0:	2020      	movs	r0, #32
10002fa2:	47b0      	blx	r6
10002fa4:	4653      	mov	r3, sl
10002fa6:	3401      	adds	r4, #1
10002fa8:	1ae3      	subs	r3, r4, r3
10002faa:	42ab      	cmp	r3, r5
10002fac:	d3f5      	bcc.n	10002f9a <_ftoa+0x462>
10002fae:	e6ce      	b.n	10002d4e <_ftoa+0x216>
10002fb0:	9b21      	ldr	r3, [sp, #132]	@ 0x84
10002fb2:	42a3      	cmp	r3, r4
10002fb4:	d900      	bls.n	10002fb8 <_ftoa+0x480>
10002fb6:	e6a6      	b.n	10002d06 <_ftoa+0x1ce>
10002fb8:	e6b2      	b.n	10002d20 <_ftoa+0x1e8>
10002fba:	9b21      	ldr	r3, [sp, #132]	@ 0x84
10002fbc:	2b00      	cmp	r3, #0
10002fbe:	d100      	bne.n	10002fc2 <_ftoa+0x48a>
10002fc0:	e779      	b.n	10002eb6 <_ftoa+0x37e>
10002fc2:	9b0b      	ldr	r3, [sp, #44]	@ 0x2c
10002fc4:	2b00      	cmp	r3, #0
10002fc6:	d097      	beq.n	10002ef8 <_ftoa+0x3c0>
10002fc8:	9b21      	ldr	r3, [sp, #132]	@ 0x84
10002fca:	3b01      	subs	r3, #1
10002fcc:	9321      	str	r3, [sp, #132]	@ 0x84
10002fce:	429c      	cmp	r4, r3
10002fd0:	d200      	bcs.n	10002fd4 <_ftoa+0x49c>
10002fd2:	e698      	b.n	10002d06 <_ftoa+0x1ce>
10002fd4:	2c20      	cmp	r4, #32
10002fd6:	d000      	beq.n	10002fda <_ftoa+0x4a2>
10002fd8:	e773      	b.n	10002ec2 <_ftoa+0x38a>
10002fda:	e6a1      	b.n	10002d20 <_ftoa+0x1e8>
10002fdc:	10006b30 	.word	0x10006b30

10002fe0 <_etoa>:
10002fe0:	b5f0      	push	{r4, r5, r6, r7, lr}
10002fe2:	46de      	mov	lr, fp
10002fe4:	4657      	mov	r7, sl
10002fe6:	464e      	mov	r6, r9
10002fe8:	4645      	mov	r5, r8
10002fea:	b5e0      	push	{r5, r6, r7, lr}
10002fec:	b099      	sub	sp, #100	@ 0x64
10002fee:	4681      	mov	r9, r0
10002ff0:	468b      	mov	fp, r1
10002ff2:	4692      	mov	sl, r2
10002ff4:	4698      	mov	r8, r3
10002ff6:	9a22      	ldr	r2, [sp, #136]	@ 0x88
10002ff8:	9b23      	ldr	r3, [sp, #140]	@ 0x8c
10002ffa:	0010      	movs	r0, r2
10002ffc:	0019      	movs	r1, r3
10002ffe:	f7ff f82a 	bl	10002056 <__wrap___aeabi_dcmpun>
10003002:	2800      	cmp	r0, #0
10003004:	d000      	beq.n	10003008 <_etoa+0x28>
10003006:	e0ca      	b.n	1000319e <_etoa+0x1be>
10003008:	9822      	ldr	r0, [sp, #136]	@ 0x88
1000300a:	9923      	ldr	r1, [sp, #140]	@ 0x8c
1000300c:	2201      	movs	r2, #1
1000300e:	4b82      	ldr	r3, [pc, #520]	@ (10003218 <_etoa+0x238>)
10003010:	4252      	negs	r2, r2
10003012:	f7ff f81b 	bl	1000204c <__wrap___aeabi_dcmpgt>
10003016:	2800      	cmp	r0, #0
10003018:	d000      	beq.n	1000301c <_etoa+0x3c>
1000301a:	e0c0      	b.n	1000319e <_etoa+0x1be>
1000301c:	9822      	ldr	r0, [sp, #136]	@ 0x88
1000301e:	9923      	ldr	r1, [sp, #140]	@ 0x8c
10003020:	2201      	movs	r2, #1
10003022:	4b7e      	ldr	r3, [pc, #504]	@ (1000321c <_etoa+0x23c>)
10003024:	4252      	negs	r2, r2
10003026:	f7fe fffb 	bl	10002020 <__wrap___aeabi_dcmplt>
1000302a:	2800      	cmp	r0, #0
1000302c:	d000      	beq.n	10003030 <_etoa+0x50>
1000302e:	e0b6      	b.n	1000319e <_etoa+0x1be>
10003030:	9822      	ldr	r0, [sp, #136]	@ 0x88
10003032:	9923      	ldr	r1, [sp, #140]	@ 0x8c
10003034:	2200      	movs	r2, #0
10003036:	2300      	movs	r3, #0
10003038:	f7fe fff2 	bl	10002020 <__wrap___aeabi_dcmplt>
1000303c:	2800      	cmp	r0, #0
1000303e:	d000      	beq.n	10003042 <_etoa+0x62>
10003040:	e1c9      	b.n	100033d6 <_etoa+0x3f6>
10003042:	9b22      	ldr	r3, [sp, #136]	@ 0x88
10003044:	9c23      	ldr	r4, [sp, #140]	@ 0x8c
10003046:	9308      	str	r3, [sp, #32]
10003048:	9409      	str	r4, [sp, #36]	@ 0x24
1000304a:	9808      	ldr	r0, [sp, #32]
1000304c:	9909      	ldr	r1, [sp, #36]	@ 0x24
1000304e:	2380      	movs	r3, #128	@ 0x80
10003050:	9a26      	ldr	r2, [sp, #152]	@ 0x98
10003052:	00db      	lsls	r3, r3, #3
10003054:	401a      	ands	r2, r3
10003056:	920d      	str	r2, [sp, #52]	@ 0x34
10003058:	2280      	movs	r2, #128	@ 0x80
1000305a:	9c26      	ldr	r4, [sp, #152]	@ 0x98
1000305c:	0112      	lsls	r2, r2, #4
1000305e:	4014      	ands	r4, r2
10003060:	0022      	movs	r2, r4
10003062:	940b      	str	r4, [sp, #44]	@ 0x2c
10003064:	9c26      	ldr	r4, [sp, #152]	@ 0x98
10003066:	0007      	movs	r7, r0
10003068:	000e      	movs	r6, r1
1000306a:	421c      	tst	r4, r3
1000306c:	d000      	beq.n	10003070 <_etoa+0x90>
1000306e:	e0ad      	b.n	100031cc <_etoa+0x1ec>
10003070:	000b      	movs	r3, r1
10003072:	4303      	orrs	r3, r0
10003074:	d000      	beq.n	10003078 <_etoa+0x98>
10003076:	e0d5      	b.n	10003224 <_etoa+0x244>
10003078:	2a00      	cmp	r2, #0
1000307a:	d000      	beq.n	1000307e <_etoa+0x9e>
1000307c:	e20a      	b.n	10003494 <_etoa+0x4b4>
1000307e:	0022      	movs	r2, r4
10003080:	3306      	adds	r3, #6
10003082:	9324      	str	r3, [sp, #144]	@ 0x90
10003084:	2302      	movs	r3, #2
10003086:	4013      	ands	r3, r2
10003088:	930c      	str	r3, [sp, #48]	@ 0x30
1000308a:	2302      	movs	r3, #2
1000308c:	4213      	tst	r3, r2
1000308e:	d000      	beq.n	10003092 <_etoa+0xb2>
10003090:	e202      	b.n	10003498 <_etoa+0x4b8>
10003092:	9b25      	ldr	r3, [sp, #148]	@ 0x94
10003094:	2b04      	cmp	r3, #4
10003096:	d200      	bcs.n	1000309a <_etoa+0xba>
10003098:	e20f      	b.n	100034ba <_etoa+0x4da>
1000309a:	3b04      	subs	r3, #4
1000309c:	930b      	str	r3, [sp, #44]	@ 0x2c
1000309e:	2300      	movs	r3, #0
100030a0:	2504      	movs	r5, #4
100030a2:	930a      	str	r3, [sp, #40]	@ 0x28
100030a4:	2200      	movs	r2, #0
100030a6:	9822      	ldr	r0, [sp, #136]	@ 0x88
100030a8:	9923      	ldr	r1, [sp, #140]	@ 0x8c
100030aa:	2300      	movs	r3, #0
100030ac:	f7fe ffb8 	bl	10002020 <__wrap___aeabi_dcmplt>
100030b0:	2800      	cmp	r0, #0
100030b2:	d000      	beq.n	100030b6 <_etoa+0xd6>
100030b4:	e203      	b.n	100034be <_etoa+0x4de>
100030b6:	4b5a      	ldr	r3, [pc, #360]	@ (10003220 <_etoa+0x240>)
100030b8:	9a26      	ldr	r2, [sp, #152]	@ 0x98
100030ba:	4013      	ands	r3, r2
100030bc:	9304      	str	r3, [sp, #16]
100030be:	9b0b      	ldr	r3, [sp, #44]	@ 0x2c
100030c0:	9303      	str	r3, [sp, #12]
100030c2:	9b24      	ldr	r3, [sp, #144]	@ 0x90
100030c4:	9302      	str	r3, [sp, #8]
100030c6:	9b08      	ldr	r3, [sp, #32]
100030c8:	9c09      	ldr	r4, [sp, #36]	@ 0x24
100030ca:	9300      	str	r3, [sp, #0]
100030cc:	9401      	str	r4, [sp, #4]
100030ce:	4659      	mov	r1, fp
100030d0:	4643      	mov	r3, r8
100030d2:	4652      	mov	r2, sl
100030d4:	4648      	mov	r0, r9
100030d6:	f7ff fd2f 	bl	10002b38 <_ftoa>
100030da:	0002      	movs	r2, r0
100030dc:	2020      	movs	r0, #32
100030de:	9b26      	ldr	r3, [sp, #152]	@ 0x98
100030e0:	271f      	movs	r7, #31
100030e2:	4003      	ands	r3, r0
100030e4:	4259      	negs	r1, r3
100030e6:	414b      	adcs	r3, r1
100030e8:	425b      	negs	r3, r3
100030ea:	4018      	ands	r0, r3
100030ec:	1c53      	adds	r3, r2, #1
100030ee:	9308      	str	r3, [sp, #32]
100030f0:	4659      	mov	r1, fp
100030f2:	4643      	mov	r3, r8
100030f4:	3045      	adds	r0, #69	@ 0x45
100030f6:	47c8      	blx	r9
100030f8:	9a0a      	ldr	r2, [sp, #40]	@ 0x28
100030fa:	17d3      	asrs	r3, r2, #31
100030fc:	18d4      	adds	r4, r2, r3
100030fe:	405c      	eors	r4, r3
10003100:	0fd3      	lsrs	r3, r2, #31
10003102:	930a      	str	r3, [sp, #40]	@ 0x28
10003104:	1e6b      	subs	r3, r5, #1
10003106:	930b      	str	r3, [sp, #44]	@ 0x2c
10003108:	ab08      	add	r3, sp, #32
1000310a:	469c      	mov	ip, r3
1000310c:	2500      	movs	r5, #0
1000310e:	4467      	add	r7, ip
10003110:	e001      	b.n	10003116 <_etoa+0x136>
10003112:	2d20      	cmp	r5, #32
10003114:	d00f      	beq.n	10003136 <_etoa+0x156>
10003116:	0020      	movs	r0, r4
10003118:	210a      	movs	r1, #10
1000311a:	f7fe fcd3 	bl	10001ac4 <__wrap___aeabi_uidiv>
1000311e:	3501      	adds	r5, #1
10003120:	197e      	adds	r6, r7, r5
10003122:	3130      	adds	r1, #48	@ 0x30
10003124:	7031      	strb	r1, [r6, #0]
10003126:	0020      	movs	r0, r4
10003128:	210a      	movs	r1, #10
1000312a:	f7fe fccb 	bl	10001ac4 <__wrap___aeabi_uidiv>
1000312e:	0026      	movs	r6, r4
10003130:	0004      	movs	r4, r0
10003132:	2e09      	cmp	r6, #9
10003134:	d8ed      	bhi.n	10003112 <_etoa+0x132>
10003136:	2305      	movs	r3, #5
10003138:	9306      	str	r3, [sp, #24]
1000313a:	9b0b      	ldr	r3, [sp, #44]	@ 0x2c
1000313c:	4659      	mov	r1, fp
1000313e:	9305      	str	r3, [sp, #20]
10003140:	2300      	movs	r3, #0
10003142:	9304      	str	r3, [sp, #16]
10003144:	330a      	adds	r3, #10
10003146:	9303      	str	r3, [sp, #12]
10003148:	9b0a      	ldr	r3, [sp, #40]	@ 0x28
1000314a:	4648      	mov	r0, r9
1000314c:	9302      	str	r3, [sp, #8]
1000314e:	ab10      	add	r3, sp, #64	@ 0x40
10003150:	9300      	str	r3, [sp, #0]
10003152:	9a08      	ldr	r2, [sp, #32]
10003154:	4643      	mov	r3, r8
10003156:	9501      	str	r5, [sp, #4]
10003158:	f7ff fbf8 	bl	1000294c <_ntoa_format>
1000315c:	9b0c      	ldr	r3, [sp, #48]	@ 0x30
1000315e:	2b00      	cmp	r3, #0
10003160:	d02d      	beq.n	100031be <_etoa+0x1de>
10003162:	4653      	mov	r3, sl
10003164:	1ac4      	subs	r4, r0, r3
10003166:	9b25      	ldr	r3, [sp, #148]	@ 0x94
10003168:	42a3      	cmp	r3, r4
1000316a:	d928      	bls.n	100031be <_etoa+0x1de>
1000316c:	464d      	mov	r5, r9
1000316e:	465f      	mov	r7, fp
10003170:	4681      	mov	r9, r0
10003172:	001e      	movs	r6, r3
10003174:	4653      	mov	r3, sl
10003176:	0039      	movs	r1, r7
10003178:	191a      	adds	r2, r3, r4
1000317a:	2020      	movs	r0, #32
1000317c:	4643      	mov	r3, r8
1000317e:	3401      	adds	r4, #1
10003180:	47a8      	blx	r5
10003182:	42a6      	cmp	r6, r4
10003184:	d8f6      	bhi.n	10003174 <_etoa+0x194>
10003186:	4653      	mov	r3, sl
10003188:	4648      	mov	r0, r9
1000318a:	9925      	ldr	r1, [sp, #148]	@ 0x94
1000318c:	1ac2      	subs	r2, r0, r3
1000318e:	3201      	adds	r2, #1
10003190:	2300      	movs	r3, #0
10003192:	4291      	cmp	r1, r2
10003194:	d300      	bcc.n	10003198 <_etoa+0x1b8>
10003196:	e186      	b.n	100034a6 <_etoa+0x4c6>
10003198:	3001      	adds	r0, #1
1000319a:	1818      	adds	r0, r3, r0
1000319c:	e00f      	b.n	100031be <_etoa+0x1de>
1000319e:	9b26      	ldr	r3, [sp, #152]	@ 0x98
100031a0:	9304      	str	r3, [sp, #16]
100031a2:	9b25      	ldr	r3, [sp, #148]	@ 0x94
100031a4:	9303      	str	r3, [sp, #12]
100031a6:	9b24      	ldr	r3, [sp, #144]	@ 0x90
100031a8:	9302      	str	r3, [sp, #8]
100031aa:	9b22      	ldr	r3, [sp, #136]	@ 0x88
100031ac:	9c23      	ldr	r4, [sp, #140]	@ 0x8c
100031ae:	9300      	str	r3, [sp, #0]
100031b0:	9401      	str	r4, [sp, #4]
100031b2:	4643      	mov	r3, r8
100031b4:	4652      	mov	r2, sl
100031b6:	4659      	mov	r1, fp
100031b8:	4648      	mov	r0, r9
100031ba:	f7ff fcbd 	bl	10002b38 <_ftoa>
100031be:	b019      	add	sp, #100	@ 0x64
100031c0:	bcf0      	pop	{r4, r5, r6, r7}
100031c2:	46bb      	mov	fp, r7
100031c4:	46b2      	mov	sl, r6
100031c6:	46a9      	mov	r9, r5
100031c8:	46a0      	mov	r8, r4
100031ca:	bdf0      	pop	{r4, r5, r6, r7, pc}
100031cc:	4301      	orrs	r1, r0
100031ce:	d12b      	bne.n	10003228 <_etoa+0x248>
100031d0:	9b0b      	ldr	r3, [sp, #44]	@ 0x2c
100031d2:	0022      	movs	r2, r4
100031d4:	2b00      	cmp	r3, #0
100031d6:	d100      	bne.n	100031da <_etoa+0x1fa>
100031d8:	e754      	b.n	10003084 <_etoa+0xa4>
100031da:	2300      	movs	r3, #0
100031dc:	930a      	str	r3, [sp, #40]	@ 0x28
100031de:	9b24      	ldr	r3, [sp, #144]	@ 0x90
100031e0:	9a0a      	ldr	r2, [sp, #40]	@ 0x28
100031e2:	2400      	movs	r4, #0
100031e4:	4293      	cmp	r3, r2
100031e6:	dd00      	ble.n	100031ea <_etoa+0x20a>
100031e8:	e185      	b.n	100034f6 <_etoa+0x516>
100031ea:	9822      	ldr	r0, [sp, #136]	@ 0x88
100031ec:	9923      	ldr	r1, [sp, #140]	@ 0x8c
100031ee:	2200      	movs	r2, #0
100031f0:	2300      	movs	r3, #0
100031f2:	f7fe ff15 	bl	10002020 <__wrap___aeabi_dcmplt>
100031f6:	2800      	cmp	r0, #0
100031f8:	d000      	beq.n	100031fc <_etoa+0x21c>
100031fa:	e135      	b.n	10003468 <_etoa+0x488>
100031fc:	9b26      	ldr	r3, [sp, #152]	@ 0x98
100031fe:	4a08      	ldr	r2, [pc, #32]	@ (10003220 <_etoa+0x240>)
10003200:	9402      	str	r4, [sp, #8]
10003202:	401a      	ands	r2, r3
10003204:	2380      	movs	r3, #128	@ 0x80
10003206:	00db      	lsls	r3, r3, #3
10003208:	4313      	orrs	r3, r2
1000320a:	9304      	str	r3, [sp, #16]
1000320c:	9b25      	ldr	r3, [sp, #148]	@ 0x94
1000320e:	9303      	str	r3, [sp, #12]
10003210:	9b08      	ldr	r3, [sp, #32]
10003212:	9c09      	ldr	r4, [sp, #36]	@ 0x24
10003214:	e7cb      	b.n	100031ae <_etoa+0x1ce>
10003216:	46c0      	nop			@ (mov r8, r8)
10003218:	7fefffff 	.word	0x7fefffff
1000321c:	ffefffff 	.word	0xffefffff
10003220:	fffff7ff 	.word	0xfffff7ff
10003224:	2306      	movs	r3, #6
10003226:	9324      	str	r3, [sp, #144]	@ 0x90
10003228:	4bb4      	ldr	r3, [pc, #720]	@ (100034fc <_etoa+0x51c>)
1000322a:	0070      	lsls	r0, r6, #1
1000322c:	469c      	mov	ip, r3
1000322e:	0d40      	lsrs	r0, r0, #21
10003230:	4460      	add	r0, ip
10003232:	f7fe ff21 	bl	10002078 <__wrap___aeabi_i2d>
10003236:	4ab2      	ldr	r2, [pc, #712]	@ (10003500 <_etoa+0x520>)
10003238:	4bb2      	ldr	r3, [pc, #712]	@ (10003504 <_etoa+0x524>)
1000323a:	f7fe feae 	bl	10001f9a <__wrap___aeabi_dmul>
1000323e:	4ab2      	ldr	r2, [pc, #712]	@ (10003508 <_etoa+0x528>)
10003240:	4bb2      	ldr	r3, [pc, #712]	@ (1000350c <_etoa+0x52c>)
10003242:	f7fe fe83 	bl	10001f4c <__wrap___aeabi_dadd>
10003246:	0336      	lsls	r6, r6, #12
10003248:	4bb1      	ldr	r3, [pc, #708]	@ (10003510 <_etoa+0x530>)
1000324a:	0b36      	lsrs	r6, r6, #12
1000324c:	4333      	orrs	r3, r6
1000324e:	0004      	movs	r4, r0
10003250:	000d      	movs	r5, r1
10003252:	0038      	movs	r0, r7
10003254:	0019      	movs	r1, r3
10003256:	2200      	movs	r2, #0
10003258:	4bae      	ldr	r3, [pc, #696]	@ (10003514 <_etoa+0x534>)
1000325a:	f7fe fe6e 	bl	10001f3a <__wrap___aeabi_dsub>
1000325e:	4aae      	ldr	r2, [pc, #696]	@ (10003518 <_etoa+0x538>)
10003260:	4bae      	ldr	r3, [pc, #696]	@ (1000351c <_etoa+0x53c>)
10003262:	f7fe fe9a 	bl	10001f9a <__wrap___aeabi_dmul>
10003266:	0002      	movs	r2, r0
10003268:	000b      	movs	r3, r1
1000326a:	0020      	movs	r0, r4
1000326c:	0029      	movs	r1, r5
1000326e:	f7fe fe6d 	bl	10001f4c <__wrap___aeabi_dadd>
10003272:	f7fe ff19 	bl	100020a8 <__wrap___aeabi_d2iz>
10003276:	900a      	str	r0, [sp, #40]	@ 0x28
10003278:	f7fe fefe 	bl	10002078 <__wrap___aeabi_i2d>
1000327c:	4aa8      	ldr	r2, [pc, #672]	@ (10003520 <_etoa+0x540>)
1000327e:	4ba9      	ldr	r3, [pc, #676]	@ (10003524 <_etoa+0x544>)
10003280:	0004      	movs	r4, r0
10003282:	000d      	movs	r5, r1
10003284:	f7fe fe89 	bl	10001f9a <__wrap___aeabi_dmul>
10003288:	2200      	movs	r2, #0
1000328a:	4ba7      	ldr	r3, [pc, #668]	@ (10003528 <_etoa+0x548>)
1000328c:	f7fe fe5e 	bl	10001f4c <__wrap___aeabi_dadd>
10003290:	f7fe ff0a 	bl	100020a8 <__wrap___aeabi_d2iz>
10003294:	4aa5      	ldr	r2, [pc, #660]	@ (1000352c <_etoa+0x54c>)
10003296:	0006      	movs	r6, r0
10003298:	4ba5      	ldr	r3, [pc, #660]	@ (10003530 <_etoa+0x550>)
1000329a:	0020      	movs	r0, r4
1000329c:	0029      	movs	r1, r5
1000329e:	f7fe fe7c 	bl	10001f9a <__wrap___aeabi_dmul>
100032a2:	0004      	movs	r4, r0
100032a4:	0030      	movs	r0, r6
100032a6:	000d      	movs	r5, r1
100032a8:	960c      	str	r6, [sp, #48]	@ 0x30
100032aa:	f7fe fee5 	bl	10002078 <__wrap___aeabi_i2d>
100032ae:	4aa1      	ldr	r2, [pc, #644]	@ (10003534 <_etoa+0x554>)
100032b0:	4ba1      	ldr	r3, [pc, #644]	@ (10003538 <_etoa+0x558>)
100032b2:	f7fe fe72 	bl	10001f9a <__wrap___aeabi_dmul>
100032b6:	0002      	movs	r2, r0
100032b8:	000b      	movs	r3, r1
100032ba:	0020      	movs	r0, r4
100032bc:	0029      	movs	r1, r5
100032be:	f7fe fe3c 	bl	10001f3a <__wrap___aeabi_dsub>
100032c2:	0002      	movs	r2, r0
100032c4:	000b      	movs	r3, r1
100032c6:	0006      	movs	r6, r0
100032c8:	000f      	movs	r7, r1
100032ca:	f7fe fe66 	bl	10001f9a <__wrap___aeabi_dmul>
100032ce:	0032      	movs	r2, r6
100032d0:	0004      	movs	r4, r0
100032d2:	000d      	movs	r5, r1
100032d4:	003b      	movs	r3, r7
100032d6:	0030      	movs	r0, r6
100032d8:	0039      	movs	r1, r7
100032da:	f7fe fe37 	bl	10001f4c <__wrap___aeabi_dadd>
100032de:	2200      	movs	r2, #0
100032e0:	900e      	str	r0, [sp, #56]	@ 0x38
100032e2:	910f      	str	r1, [sp, #60]	@ 0x3c
100032e4:	4b95      	ldr	r3, [pc, #596]	@ (1000353c <_etoa+0x55c>)
100032e6:	0020      	movs	r0, r4
100032e8:	0029      	movs	r1, r5
100032ea:	f7fe fe38 	bl	10001f5e <__wrap___aeabi_ddiv>
100032ee:	2200      	movs	r2, #0
100032f0:	4b93      	ldr	r3, [pc, #588]	@ (10003540 <_etoa+0x560>)
100032f2:	f7fe fe2b 	bl	10001f4c <__wrap___aeabi_dadd>
100032f6:	0002      	movs	r2, r0
100032f8:	000b      	movs	r3, r1
100032fa:	0020      	movs	r0, r4
100032fc:	0029      	movs	r1, r5
100032fe:	f7fe fe2e 	bl	10001f5e <__wrap___aeabi_ddiv>
10003302:	2200      	movs	r2, #0
10003304:	4b8f      	ldr	r3, [pc, #572]	@ (10003544 <_etoa+0x564>)
10003306:	f7fe fe21 	bl	10001f4c <__wrap___aeabi_dadd>
1000330a:	0002      	movs	r2, r0
1000330c:	000b      	movs	r3, r1
1000330e:	0020      	movs	r0, r4
10003310:	0029      	movs	r1, r5
10003312:	f7fe fe24 	bl	10001f5e <__wrap___aeabi_ddiv>
10003316:	000d      	movs	r5, r1
10003318:	2180      	movs	r1, #128	@ 0x80
1000331a:	0004      	movs	r4, r0
1000331c:	0032      	movs	r2, r6
1000331e:	003b      	movs	r3, r7
10003320:	2000      	movs	r0, #0
10003322:	05c9      	lsls	r1, r1, #23
10003324:	f7fe fe09 	bl	10001f3a <__wrap___aeabi_dsub>
10003328:	0002      	movs	r2, r0
1000332a:	000b      	movs	r3, r1
1000332c:	0020      	movs	r0, r4
1000332e:	0029      	movs	r1, r5
10003330:	f7fe fe0c 	bl	10001f4c <__wrap___aeabi_dadd>
10003334:	0002      	movs	r2, r0
10003336:	000b      	movs	r3, r1
10003338:	980e      	ldr	r0, [sp, #56]	@ 0x38
1000333a:	990f      	ldr	r1, [sp, #60]	@ 0x3c
1000333c:	f7fe fe0f 	bl	10001f5e <__wrap___aeabi_ddiv>
10003340:	2200      	movs	r2, #0
10003342:	4b73      	ldr	r3, [pc, #460]	@ (10003510 <_etoa+0x530>)
10003344:	f7fe fe02 	bl	10001f4c <__wrap___aeabi_dadd>
10003348:	4b7f      	ldr	r3, [pc, #508]	@ (10003548 <_etoa+0x568>)
1000334a:	9c0c      	ldr	r4, [sp, #48]	@ 0x30
1000334c:	469c      	mov	ip, r3
1000334e:	4464      	add	r4, ip
10003350:	2200      	movs	r2, #0
10003352:	0523      	lsls	r3, r4, #20
10003354:	f7fe fe21 	bl	10001f9a <__wrap___aeabi_dmul>
10003358:	0006      	movs	r6, r0
1000335a:	000f      	movs	r7, r1
1000335c:	0002      	movs	r2, r0
1000335e:	000b      	movs	r3, r1
10003360:	9808      	ldr	r0, [sp, #32]
10003362:	9909      	ldr	r1, [sp, #36]	@ 0x24
10003364:	f7fe fe5c 	bl	10002020 <__wrap___aeabi_dcmplt>
10003368:	2800      	cmp	r0, #0
1000336a:	d00a      	beq.n	10003382 <_etoa+0x3a2>
1000336c:	9b0a      	ldr	r3, [sp, #40]	@ 0x28
1000336e:	0030      	movs	r0, r6
10003370:	3b01      	subs	r3, #1
10003372:	0039      	movs	r1, r7
10003374:	930a      	str	r3, [sp, #40]	@ 0x28
10003376:	2200      	movs	r2, #0
10003378:	4b71      	ldr	r3, [pc, #452]	@ (10003540 <_etoa+0x560>)
1000337a:	f7fe fdf0 	bl	10001f5e <__wrap___aeabi_ddiv>
1000337e:	0006      	movs	r6, r0
10003380:	000f      	movs	r7, r1
10003382:	9a0a      	ldr	r2, [sp, #40]	@ 0x28
10003384:	0033      	movs	r3, r6
10003386:	3263      	adds	r2, #99	@ 0x63
10003388:	0039      	movs	r1, r7
1000338a:	2ac6      	cmp	r2, #198	@ 0xc6
1000338c:	d812      	bhi.n	100033b4 <_etoa+0x3d4>
1000338e:	2202      	movs	r2, #2
10003390:	9826      	ldr	r0, [sp, #152]	@ 0x98
10003392:	2504      	movs	r5, #4
10003394:	4010      	ands	r0, r2
10003396:	9a0b      	ldr	r2, [sp, #44]	@ 0x2c
10003398:	900c      	str	r0, [sp, #48]	@ 0x30
1000339a:	2a00      	cmp	r2, #0
1000339c:	d125      	bne.n	100033ea <_etoa+0x40a>
1000339e:	9b25      	ldr	r3, [sp, #148]	@ 0x94
100033a0:	2b04      	cmp	r3, #4
100033a2:	d905      	bls.n	100033b0 <_etoa+0x3d0>
100033a4:	2800      	cmp	r0, #0
100033a6:	d000      	beq.n	100033aa <_etoa+0x3ca>
100033a8:	e0a1      	b.n	100034ee <_etoa+0x50e>
100033aa:	9b25      	ldr	r3, [sp, #148]	@ 0x94
100033ac:	3b04      	subs	r3, #4
100033ae:	930b      	str	r3, [sp, #44]	@ 0x2c
100033b0:	2504      	movs	r5, #4
100033b2:	e041      	b.n	10003438 <_etoa+0x458>
100033b4:	2202      	movs	r2, #2
100033b6:	9826      	ldr	r0, [sp, #152]	@ 0x98
100033b8:	4010      	ands	r0, r2
100033ba:	9a0b      	ldr	r2, [sp, #44]	@ 0x2c
100033bc:	900c      	str	r0, [sp, #48]	@ 0x30
100033be:	2a00      	cmp	r2, #0
100033c0:	d112      	bne.n	100033e8 <_etoa+0x408>
100033c2:	9b25      	ldr	r3, [sp, #148]	@ 0x94
100033c4:	2b05      	cmp	r3, #5
100033c6:	d976      	bls.n	100034b6 <_etoa+0x4d6>
100033c8:	2800      	cmp	r0, #0
100033ca:	d172      	bne.n	100034b2 <_etoa+0x4d2>
100033cc:	9b25      	ldr	r3, [sp, #148]	@ 0x94
100033ce:	2505      	movs	r5, #5
100033d0:	3b05      	subs	r3, #5
100033d2:	930b      	str	r3, [sp, #44]	@ 0x2c
100033d4:	e034      	b.n	10003440 <_etoa+0x460>
100033d6:	2280      	movs	r2, #128	@ 0x80
100033d8:	0612      	lsls	r2, r2, #24
100033da:	4694      	mov	ip, r2
100033dc:	9b22      	ldr	r3, [sp, #136]	@ 0x88
100033de:	9308      	str	r3, [sp, #32]
100033e0:	9b23      	ldr	r3, [sp, #140]	@ 0x8c
100033e2:	4463      	add	r3, ip
100033e4:	9309      	str	r3, [sp, #36]	@ 0x24
100033e6:	e630      	b.n	1000304a <_etoa+0x6a>
100033e8:	2505      	movs	r5, #5
100033ea:	430b      	orrs	r3, r1
100033ec:	d100      	bne.n	100033f0 <_etoa+0x410>
100033ee:	e6f6      	b.n	100031de <_etoa+0x1fe>
100033f0:	9808      	ldr	r0, [sp, #32]
100033f2:	9909      	ldr	r1, [sp, #36]	@ 0x24
100033f4:	4a55      	ldr	r2, [pc, #340]	@ (1000354c <_etoa+0x56c>)
100033f6:	4b56      	ldr	r3, [pc, #344]	@ (10003550 <_etoa+0x570>)
100033f8:	f7fe fe20 	bl	1000203c <__wrap___aeabi_dcmpge>
100033fc:	2800      	cmp	r0, #0
100033fe:	d008      	beq.n	10003412 <_etoa+0x432>
10003400:	9808      	ldr	r0, [sp, #32]
10003402:	9909      	ldr	r1, [sp, #36]	@ 0x24
10003404:	2200      	movs	r2, #0
10003406:	4b53      	ldr	r3, [pc, #332]	@ (10003554 <_etoa+0x574>)
10003408:	f7fe fe0a 	bl	10002020 <__wrap___aeabi_dcmplt>
1000340c:	2800      	cmp	r0, #0
1000340e:	d000      	beq.n	10003412 <_etoa+0x432>
10003410:	e6e5      	b.n	100031de <_etoa+0x1fe>
10003412:	9b24      	ldr	r3, [sp, #144]	@ 0x90
10003414:	2b00      	cmp	r3, #0
10003416:	d01c      	beq.n	10003452 <_etoa+0x472>
10003418:	9b0d      	ldr	r3, [sp, #52]	@ 0x34
1000341a:	2b00      	cmp	r3, #0
1000341c:	d019      	beq.n	10003452 <_etoa+0x472>
1000341e:	9b24      	ldr	r3, [sp, #144]	@ 0x90
10003420:	3b01      	subs	r3, #1
10003422:	9324      	str	r3, [sp, #144]	@ 0x90
10003424:	9b25      	ldr	r3, [sp, #148]	@ 0x94
10003426:	42ab      	cmp	r3, r5
10003428:	d904      	bls.n	10003434 <_etoa+0x454>
1000342a:	9b0c      	ldr	r3, [sp, #48]	@ 0x30
1000342c:	2b00      	cmp	r3, #0
1000342e:	d05a      	beq.n	100034e6 <_etoa+0x506>
10003430:	2302      	movs	r3, #2
10003432:	930c      	str	r3, [sp, #48]	@ 0x30
10003434:	2300      	movs	r3, #0
10003436:	930b      	str	r3, [sp, #44]	@ 0x2c
10003438:	9b0a      	ldr	r3, [sp, #40]	@ 0x28
1000343a:	2b00      	cmp	r3, #0
1000343c:	d100      	bne.n	10003440 <_etoa+0x460>
1000343e:	e631      	b.n	100030a4 <_etoa+0xc4>
10003440:	9808      	ldr	r0, [sp, #32]
10003442:	9909      	ldr	r1, [sp, #36]	@ 0x24
10003444:	0032      	movs	r2, r6
10003446:	003b      	movs	r3, r7
10003448:	f7fe fd89 	bl	10001f5e <__wrap___aeabi_ddiv>
1000344c:	9008      	str	r0, [sp, #32]
1000344e:	9109      	str	r1, [sp, #36]	@ 0x24
10003450:	e628      	b.n	100030a4 <_etoa+0xc4>
10003452:	9b25      	ldr	r3, [sp, #148]	@ 0x94
10003454:	42ab      	cmp	r3, r5
10003456:	d9ed      	bls.n	10003434 <_etoa+0x454>
10003458:	9b0c      	ldr	r3, [sp, #48]	@ 0x30
1000345a:	2b00      	cmp	r3, #0
1000345c:	d043      	beq.n	100034e6 <_etoa+0x506>
1000345e:	2300      	movs	r3, #0
10003460:	930b      	str	r3, [sp, #44]	@ 0x2c
10003462:	3302      	adds	r3, #2
10003464:	930c      	str	r3, [sp, #48]	@ 0x30
10003466:	e7e7      	b.n	10003438 <_etoa+0x458>
10003468:	2080      	movs	r0, #128	@ 0x80
1000346a:	9b26      	ldr	r3, [sp, #152]	@ 0x98
1000346c:	4a3a      	ldr	r2, [pc, #232]	@ (10003558 <_etoa+0x578>)
1000346e:	0600      	lsls	r0, r0, #24
10003470:	401a      	ands	r2, r3
10003472:	2380      	movs	r3, #128	@ 0x80
10003474:	4684      	mov	ip, r0
10003476:	9402      	str	r4, [sp, #8]
10003478:	9c08      	ldr	r4, [sp, #32]
1000347a:	9d09      	ldr	r5, [sp, #36]	@ 0x24
1000347c:	0029      	movs	r1, r5
1000347e:	00db      	lsls	r3, r3, #3
10003480:	4313      	orrs	r3, r2
10003482:	9304      	str	r3, [sp, #16]
10003484:	9b25      	ldr	r3, [sp, #148]	@ 0x94
10003486:	4461      	add	r1, ip
10003488:	0022      	movs	r2, r4
1000348a:	9303      	str	r3, [sp, #12]
1000348c:	000b      	movs	r3, r1
1000348e:	9200      	str	r2, [sp, #0]
10003490:	9301      	str	r3, [sp, #4]
10003492:	e68e      	b.n	100031b2 <_etoa+0x1d2>
10003494:	2405      	movs	r4, #5
10003496:	e6a8      	b.n	100031ea <_etoa+0x20a>
10003498:	2300      	movs	r3, #0
1000349a:	930b      	str	r3, [sp, #44]	@ 0x2c
1000349c:	930a      	str	r3, [sp, #40]	@ 0x28
1000349e:	3302      	adds	r3, #2
100034a0:	2504      	movs	r5, #4
100034a2:	930c      	str	r3, [sp, #48]	@ 0x30
100034a4:	e5fe      	b.n	100030a4 <_etoa+0xc4>
100034a6:	4653      	mov	r3, sl
100034a8:	468c      	mov	ip, r1
100034aa:	3b01      	subs	r3, #1
100034ac:	4463      	add	r3, ip
100034ae:	1a1b      	subs	r3, r3, r0
100034b0:	e672      	b.n	10003198 <_etoa+0x1b8>
100034b2:	2302      	movs	r3, #2
100034b4:	930c      	str	r3, [sp, #48]	@ 0x30
100034b6:	2505      	movs	r5, #5
100034b8:	e7c2      	b.n	10003440 <_etoa+0x460>
100034ba:	2304      	movs	r3, #4
100034bc:	e5ed      	b.n	1000309a <_etoa+0xba>
100034be:	2080      	movs	r0, #128	@ 0x80
100034c0:	9e08      	ldr	r6, [sp, #32]
100034c2:	9f09      	ldr	r7, [sp, #36]	@ 0x24
100034c4:	0600      	lsls	r0, r0, #24
100034c6:	0039      	movs	r1, r7
100034c8:	4684      	mov	ip, r0
100034ca:	9a26      	ldr	r2, [sp, #152]	@ 0x98
100034cc:	4b22      	ldr	r3, [pc, #136]	@ (10003558 <_etoa+0x578>)
100034ce:	4461      	add	r1, ip
100034d0:	4013      	ands	r3, r2
100034d2:	9304      	str	r3, [sp, #16]
100034d4:	9b0b      	ldr	r3, [sp, #44]	@ 0x2c
100034d6:	0032      	movs	r2, r6
100034d8:	9303      	str	r3, [sp, #12]
100034da:	9b24      	ldr	r3, [sp, #144]	@ 0x90
100034dc:	9302      	str	r3, [sp, #8]
100034de:	000b      	movs	r3, r1
100034e0:	9200      	str	r2, [sp, #0]
100034e2:	9301      	str	r3, [sp, #4]
100034e4:	e5f3      	b.n	100030ce <_etoa+0xee>
100034e6:	9b25      	ldr	r3, [sp, #148]	@ 0x94
100034e8:	1b5b      	subs	r3, r3, r5
100034ea:	930b      	str	r3, [sp, #44]	@ 0x2c
100034ec:	e7a4      	b.n	10003438 <_etoa+0x458>
100034ee:	2302      	movs	r3, #2
100034f0:	2504      	movs	r5, #4
100034f2:	930c      	str	r3, [sp, #48]	@ 0x30
100034f4:	e7a0      	b.n	10003438 <_etoa+0x458>
100034f6:	1a9c      	subs	r4, r3, r2
100034f8:	3c01      	subs	r4, #1
100034fa:	e676      	b.n	100031ea <_etoa+0x20a>
100034fc:	fffffc01 	.word	0xfffffc01
10003500:	509f79fb 	.word	0x509f79fb
10003504:	3fd34413 	.word	0x3fd34413
10003508:	8b60c8b3 	.word	0x8b60c8b3
1000350c:	3fc68a28 	.word	0x3fc68a28
10003510:	3ff00000 	.word	0x3ff00000
10003514:	3ff80000 	.word	0x3ff80000
10003518:	636f4361 	.word	0x636f4361
1000351c:	3fd287a7 	.word	0x3fd287a7
10003520:	0979a371 	.word	0x0979a371
10003524:	400a934f 	.word	0x400a934f
10003528:	3fe00000 	.word	0x3fe00000
1000352c:	bbb55516 	.word	0xbbb55516
10003530:	40026bb1 	.word	0x40026bb1
10003534:	fefa39ef 	.word	0xfefa39ef
10003538:	3fe62e42 	.word	0x3fe62e42
1000353c:	402c0000 	.word	0x402c0000
10003540:	40240000 	.word	0x40240000
10003544:	40180000 	.word	0x40180000
10003548:	000003ff 	.word	0x000003ff
1000354c:	eb1c432d 	.word	0xeb1c432d
10003550:	3f1a36e2 	.word	0x3f1a36e2
10003554:	412e8480 	.word	0x412e8480
10003558:	fffff7ff 	.word	0xfffff7ff

1000355c <_vsnprintf>:
1000355c:	b5f0      	push	{r4, r5, r6, r7, lr}
1000355e:	46de      	mov	lr, fp
10003560:	4657      	mov	r7, sl
10003562:	464e      	mov	r6, r9
10003564:	4645      	mov	r5, r8
10003566:	b5e0      	push	{r5, r6, r7, lr}
10003568:	b0a5      	sub	sp, #148	@ 0x94
1000356a:	001e      	movs	r6, r3
1000356c:	9b2e      	ldr	r3, [sp, #184]	@ 0xb8
1000356e:	4692      	mov	sl, r2
10003570:	930c      	str	r3, [sp, #48]	@ 0x30
10003572:	4acd      	ldr	r2, [pc, #820]	@ (100038a8 <_vsnprintf+0x34c>)
10003574:	4bcd      	ldr	r3, [pc, #820]	@ (100038ac <_vsnprintf+0x350>)
10003576:	4680      	mov	r8, r0
10003578:	468b      	mov	fp, r1
1000357a:	601a      	str	r2, [r3, #0]
1000357c:	2900      	cmp	r1, #0
1000357e:	d100      	bne.n	10003582 <_vsnprintf+0x26>
10003580:	e1ea      	b.n	10003958 <_vsnprintf+0x3fc>
10003582:	2300      	movs	r3, #0
10003584:	7830      	ldrb	r0, [r6, #0]
10003586:	4699      	mov	r9, r3
10003588:	2800      	cmp	r0, #0
1000358a:	d100      	bne.n	1000358e <_vsnprintf+0x32>
1000358c:	e1ec      	b.n	10003968 <_vsnprintf+0x40c>
1000358e:	4bc8      	ldr	r3, [pc, #800]	@ (100038b0 <_vsnprintf+0x354>)
10003590:	464c      	mov	r4, r9
10003592:	930b      	str	r3, [sp, #44]	@ 0x2c
10003594:	4bc7      	ldr	r3, [pc, #796]	@ (100038b4 <_vsnprintf+0x358>)
10003596:	4645      	mov	r5, r8
10003598:	4657      	mov	r7, sl
1000359a:	930e      	str	r3, [sp, #56]	@ 0x38
1000359c:	e00a      	b.n	100035b4 <_vsnprintf+0x58>
1000359e:	1c63      	adds	r3, r4, #1
100035a0:	4698      	mov	r8, r3
100035a2:	0022      	movs	r2, r4
100035a4:	003b      	movs	r3, r7
100035a6:	4659      	mov	r1, fp
100035a8:	47a8      	blx	r5
100035aa:	4644      	mov	r4, r8
100035ac:	7830      	ldrb	r0, [r6, #0]
100035ae:	2800      	cmp	r0, #0
100035b0:	d100      	bne.n	100035b4 <_vsnprintf+0x58>
100035b2:	e087      	b.n	100036c4 <_vsnprintf+0x168>
100035b4:	3601      	adds	r6, #1
100035b6:	2825      	cmp	r0, #37	@ 0x25
100035b8:	d1f1      	bne.n	1000359e <_vsnprintf+0x42>
100035ba:	2308      	movs	r3, #8
100035bc:	469a      	mov	sl, r3
100035be:	3b04      	subs	r3, #4
100035c0:	4699      	mov	r9, r3
100035c2:	3b02      	subs	r3, #2
100035c4:	4698      	mov	r8, r3
100035c6:	3b01      	subs	r3, #1
100035c8:	2200      	movs	r2, #0
100035ca:	469c      	mov	ip, r3
100035cc:	940d      	str	r4, [sp, #52]	@ 0x34
100035ce:	7830      	ldrb	r0, [r6, #0]
100035d0:	1c71      	adds	r1, r6, #1
100035d2:	0003      	movs	r3, r0
100035d4:	3b20      	subs	r3, #32
100035d6:	b2db      	uxtb	r3, r3
100035d8:	2b10      	cmp	r3, #16
100035da:	d803      	bhi.n	100035e4 <_vsnprintf+0x88>
100035dc:	9c0b      	ldr	r4, [sp, #44]	@ 0x2c
100035de:	009b      	lsls	r3, r3, #2
100035e0:	58e3      	ldr	r3, [r4, r3]
100035e2:	469f      	mov	pc, r3
100035e4:	0003      	movs	r3, r0
100035e6:	3b30      	subs	r3, #48	@ 0x30
100035e8:	4689      	mov	r9, r1
100035ea:	9c0d      	ldr	r4, [sp, #52]	@ 0x34
100035ec:	2b09      	cmp	r3, #9
100035ee:	d93a      	bls.n	10003666 <_vsnprintf+0x10a>
100035f0:	2300      	movs	r3, #0
100035f2:	4698      	mov	r8, r3
100035f4:	282a      	cmp	r0, #42	@ 0x2a
100035f6:	d100      	bne.n	100035fa <_vsnprintf+0x9e>
100035f8:	e0c1      	b.n	1000377e <_vsnprintf+0x222>
100035fa:	2300      	movs	r3, #0
100035fc:	469a      	mov	sl, r3
100035fe:	282e      	cmp	r0, #46	@ 0x2e
10003600:	d04b      	beq.n	1000369a <_vsnprintf+0x13e>
10003602:	0003      	movs	r3, r0
10003604:	3b68      	subs	r3, #104	@ 0x68
10003606:	b2db      	uxtb	r3, r3
10003608:	2b12      	cmp	r3, #18
1000360a:	d81e      	bhi.n	1000364a <_vsnprintf+0xee>
1000360c:	990e      	ldr	r1, [sp, #56]	@ 0x38
1000360e:	009b      	lsls	r3, r3, #2
10003610:	58cb      	ldr	r3, [r1, r3]
10003612:	469f      	mov	pc, r3
10003614:	4663      	mov	r3, ip
10003616:	000e      	movs	r6, r1
10003618:	431a      	orrs	r2, r3
1000361a:	e7d8      	b.n	100035ce <_vsnprintf+0x72>
1000361c:	4643      	mov	r3, r8
1000361e:	000e      	movs	r6, r1
10003620:	431a      	orrs	r2, r3
10003622:	e7d4      	b.n	100035ce <_vsnprintf+0x72>
10003624:	464b      	mov	r3, r9
10003626:	000e      	movs	r6, r1
10003628:	431a      	orrs	r2, r3
1000362a:	e7d0      	b.n	100035ce <_vsnprintf+0x72>
1000362c:	2310      	movs	r3, #16
1000362e:	000e      	movs	r6, r1
10003630:	431a      	orrs	r2, r3
10003632:	e7cc      	b.n	100035ce <_vsnprintf+0x72>
10003634:	4653      	mov	r3, sl
10003636:	000e      	movs	r6, r1
10003638:	431a      	orrs	r2, r3
1000363a:	e7c8      	b.n	100035ce <_vsnprintf+0x72>
1000363c:	2380      	movs	r3, #128	@ 0x80
1000363e:	005b      	lsls	r3, r3, #1
10003640:	431a      	orrs	r2, r3
10003642:	3bff      	subs	r3, #255	@ 0xff
10003644:	469c      	mov	ip, r3
10003646:	7870      	ldrb	r0, [r6, #1]
10003648:	44e1      	add	r9, ip
1000364a:	464e      	mov	r6, r9
1000364c:	2867      	cmp	r0, #103	@ 0x67
1000364e:	d84f      	bhi.n	100036f0 <_vsnprintf+0x194>
10003650:	2824      	cmp	r0, #36	@ 0x24
10003652:	d9a4      	bls.n	1000359e <_vsnprintf+0x42>
10003654:	0003      	movs	r3, r0
10003656:	3b25      	subs	r3, #37	@ 0x25
10003658:	b2db      	uxtb	r3, r3
1000365a:	2b42      	cmp	r3, #66	@ 0x42
1000365c:	d89f      	bhi.n	1000359e <_vsnprintf+0x42>
1000365e:	4996      	ldr	r1, [pc, #600]	@ (100038b8 <_vsnprintf+0x35c>)
10003660:	009b      	lsls	r3, r3, #2
10003662:	58cb      	ldr	r3, [r1, r3]
10003664:	469f      	mov	pc, r3
10003666:	2300      	movs	r3, #0
10003668:	4694      	mov	ip, r2
1000366a:	001e      	movs	r6, r3
1000366c:	e000      	b.n	10003670 <_vsnprintf+0x114>
1000366e:	3101      	adds	r1, #1
10003670:	00b3      	lsls	r3, r6, #2
10003672:	199b      	adds	r3, r3, r6
10003674:	005b      	lsls	r3, r3, #1
10003676:	181e      	adds	r6, r3, r0
10003678:	7808      	ldrb	r0, [r1, #0]
1000367a:	3e30      	subs	r6, #48	@ 0x30
1000367c:	0003      	movs	r3, r0
1000367e:	3b30      	subs	r3, #48	@ 0x30
10003680:	2b09      	cmp	r3, #9
10003682:	d9f4      	bls.n	1000366e <_vsnprintf+0x112>
10003684:	2301      	movs	r3, #1
10003686:	4662      	mov	r2, ip
10003688:	4689      	mov	r9, r1
1000368a:	469c      	mov	ip, r3
1000368c:	2300      	movs	r3, #0
1000368e:	46b0      	mov	r8, r6
10003690:	469a      	mov	sl, r3
10003692:	000e      	movs	r6, r1
10003694:	44e1      	add	r9, ip
10003696:	282e      	cmp	r0, #46	@ 0x2e
10003698:	d1b3      	bne.n	10003602 <_vsnprintf+0xa6>
1000369a:	2130      	movs	r1, #48	@ 0x30
1000369c:	2080      	movs	r0, #128	@ 0x80
1000369e:	4249      	negs	r1, r1
100036a0:	468c      	mov	ip, r1
100036a2:	00c0      	lsls	r0, r0, #3
100036a4:	4302      	orrs	r2, r0
100036a6:	7870      	ldrb	r0, [r6, #1]
100036a8:	464b      	mov	r3, r9
100036aa:	4484      	add	ip, r0
100036ac:	4661      	mov	r1, ip
100036ae:	2909      	cmp	r1, #9
100036b0:	d800      	bhi.n	100036b4 <_vsnprintf+0x158>
100036b2:	e16c      	b.n	1000398e <_vsnprintf+0x432>
100036b4:	282a      	cmp	r0, #42	@ 0x2a
100036b6:	d100      	bne.n	100036ba <_vsnprintf+0x15e>
100036b8:	e17a      	b.n	100039b0 <_vsnprintf+0x454>
100036ba:	2301      	movs	r3, #1
100036bc:	469c      	mov	ip, r3
100036be:	464e      	mov	r6, r9
100036c0:	44e1      	add	r9, ip
100036c2:	e79e      	b.n	10003602 <_vsnprintf+0xa6>
100036c4:	46a1      	mov	r9, r4
100036c6:	46a8      	mov	r8, r5
100036c8:	46ba      	mov	sl, r7
100036ca:	45ca      	cmp	sl, r9
100036cc:	d803      	bhi.n	100036d6 <_vsnprintf+0x17a>
100036ce:	2301      	movs	r3, #1
100036d0:	425b      	negs	r3, r3
100036d2:	4453      	add	r3, sl
100036d4:	4699      	mov	r9, r3
100036d6:	4653      	mov	r3, sl
100036d8:	464a      	mov	r2, r9
100036da:	4659      	mov	r1, fp
100036dc:	2000      	movs	r0, #0
100036de:	47c0      	blx	r8
100036e0:	0020      	movs	r0, r4
100036e2:	b025      	add	sp, #148	@ 0x94
100036e4:	bcf0      	pop	{r4, r5, r6, r7}
100036e6:	46bb      	mov	fp, r7
100036e8:	46b2      	mov	sl, r6
100036ea:	46a9      	mov	r9, r5
100036ec:	46a0      	mov	r8, r4
100036ee:	bdf0      	pop	{r4, r5, r6, r7, pc}
100036f0:	0003      	movs	r3, r0
100036f2:	3b69      	subs	r3, #105	@ 0x69
100036f4:	b2db      	uxtb	r3, r3
100036f6:	930d      	str	r3, [sp, #52]	@ 0x34
100036f8:	2b0f      	cmp	r3, #15
100036fa:	d900      	bls.n	100036fe <_vsnprintf+0x1a2>
100036fc:	e74f      	b.n	1000359e <_vsnprintf+0x42>
100036fe:	2101      	movs	r1, #1
10003700:	4099      	lsls	r1, r3
10003702:	468c      	mov	ip, r1
10003704:	496d      	ldr	r1, [pc, #436]	@ (100038bc <_vsnprintf+0x360>)
10003706:	4689      	mov	r9, r1
10003708:	4661      	mov	r1, ip
1000370a:	464b      	mov	r3, r9
1000370c:	4019      	ands	r1, r3
1000370e:	910f      	str	r1, [sp, #60]	@ 0x3c
10003710:	4663      	mov	r3, ip
10003712:	4649      	mov	r1, r9
10003714:	420b      	tst	r3, r1
10003716:	d000      	beq.n	1000371a <_vsnprintf+0x1be>
10003718:	e128      	b.n	1000396c <_vsnprintf+0x410>
1000371a:	9b0d      	ldr	r3, [sp, #52]	@ 0x34
1000371c:	2b0a      	cmp	r3, #10
1000371e:	d03a      	beq.n	10003796 <_vsnprintf+0x23a>
10003720:	2b07      	cmp	r3, #7
10003722:	d000      	beq.n	10003726 <_vsnprintf+0x1ca>
10003724:	e73b      	b.n	1000359e <_vsnprintf+0x42>
10003726:	9b0c      	ldr	r3, [sp, #48]	@ 0x30
10003728:	0019      	movs	r1, r3
1000372a:	c908      	ldmia	r1!, {r3}
1000372c:	4688      	mov	r8, r1
1000372e:	2b00      	cmp	r3, #0
10003730:	d100      	bne.n	10003734 <_vsnprintf+0x1d8>
10003732:	e14b      	b.n	100039cc <_vsnprintf+0x470>
10003734:	2021      	movs	r0, #33	@ 0x21
10003736:	4302      	orrs	r2, r0
10003738:	4691      	mov	r9, r2
1000373a:	a914      	add	r1, sp, #80	@ 0x50
1000373c:	468c      	mov	ip, r1
1000373e:	221f      	movs	r2, #31
10003740:	210f      	movs	r1, #15
10003742:	4462      	add	r2, ip
10003744:	468c      	mov	ip, r1
10003746:	4651      	mov	r1, sl
10003748:	950d      	str	r5, [sp, #52]	@ 0x34
1000374a:	910c      	str	r1, [sp, #48]	@ 0x30
1000374c:	46a2      	mov	sl, r4
1000374e:	0015      	movs	r5, r2
10003750:	990f      	ldr	r1, [sp, #60]	@ 0x3c
10003752:	e002      	b.n	1000375a <_vsnprintf+0x1fe>
10003754:	2920      	cmp	r1, #32
10003756:	d00c      	beq.n	10003772 <_vsnprintf+0x216>
10003758:	0013      	movs	r3, r2
1000375a:	4664      	mov	r4, ip
1000375c:	401c      	ands	r4, r3
1000375e:	0020      	movs	r0, r4
10003760:	3037      	adds	r0, #55	@ 0x37
10003762:	2c09      	cmp	r4, #9
10003764:	d800      	bhi.n	10003768 <_vsnprintf+0x20c>
10003766:	3807      	subs	r0, #7
10003768:	3101      	adds	r1, #1
1000376a:	5468      	strb	r0, [r5, r1]
1000376c:	091a      	lsrs	r2, r3, #4
1000376e:	2b0f      	cmp	r3, #15
10003770:	d8f0      	bhi.n	10003754 <_vsnprintf+0x1f8>
10003772:	9b0c      	ldr	r3, [sp, #48]	@ 0x30
10003774:	4654      	mov	r4, sl
10003776:	9d0d      	ldr	r5, [sp, #52]	@ 0x34
10003778:	469a      	mov	sl, r3
1000377a:	910f      	str	r1, [sp, #60]	@ 0x3c
1000377c:	e133      	b.n	100039e6 <_vsnprintf+0x48a>
1000377e:	9b0c      	ldr	r3, [sp, #48]	@ 0x30
10003780:	cb02      	ldmia	r3!, {r1}
10003782:	4688      	mov	r8, r1
10003784:	2900      	cmp	r1, #0
10003786:	db47      	blt.n	10003818 <_vsnprintf+0x2bc>
10003788:	930c      	str	r3, [sp, #48]	@ 0x30
1000378a:	2301      	movs	r3, #1
1000378c:	469c      	mov	ip, r3
1000378e:	7870      	ldrb	r0, [r6, #1]
10003790:	464e      	mov	r6, r9
10003792:	44e1      	add	r9, ip
10003794:	e731      	b.n	100035fa <_vsnprintf+0x9e>
10003796:	9b0c      	ldr	r3, [sp, #48]	@ 0x30
10003798:	cb02      	ldmia	r3!, {r1}
1000379a:	9314      	str	r3, [sp, #80]	@ 0x50
1000379c:	4653      	mov	r3, sl
1000379e:	2b00      	cmp	r3, #0
100037a0:	d100      	bne.n	100037a4 <_vsnprintf+0x248>
100037a2:	e138      	b.n	10003a16 <_vsnprintf+0x4ba>
100037a4:	469c      	mov	ip, r3
100037a6:	7808      	ldrb	r0, [r1, #0]
100037a8:	000b      	movs	r3, r1
100037aa:	900c      	str	r0, [sp, #48]	@ 0x30
100037ac:	448c      	add	ip, r1
100037ae:	2800      	cmp	r0, #0
100037b0:	d101      	bne.n	100037b6 <_vsnprintf+0x25a>
100037b2:	f000 fc98 	bl	100040e6 <_vsnprintf+0xb8a>
100037b6:	4689      	mov	r9, r1
100037b8:	4661      	mov	r1, ip
100037ba:	4694      	mov	ip, r2
100037bc:	e003      	b.n	100037c6 <_vsnprintf+0x26a>
100037be:	785a      	ldrb	r2, [r3, #1]
100037c0:	3301      	adds	r3, #1
100037c2:	2a00      	cmp	r2, #0
100037c4:	d001      	beq.n	100037ca <_vsnprintf+0x26e>
100037c6:	428b      	cmp	r3, r1
100037c8:	d1f9      	bne.n	100037be <_vsnprintf+0x262>
100037ca:	4649      	mov	r1, r9
100037cc:	4662      	mov	r2, ip
100037ce:	1a5b      	subs	r3, r3, r1
100037d0:	900c      	str	r0, [sp, #48]	@ 0x30
100037d2:	930f      	str	r3, [sp, #60]	@ 0x3c
100037d4:	0553      	lsls	r3, r2, #21
100037d6:	d500      	bpl.n	100037da <_vsnprintf+0x27e>
100037d8:	e120      	b.n	10003a1c <_vsnprintf+0x4c0>
100037da:	2302      	movs	r3, #2
100037dc:	0018      	movs	r0, r3
100037de:	4010      	ands	r0, r2
100037e0:	900d      	str	r0, [sp, #52]	@ 0x34
100037e2:	4213      	tst	r3, r2
100037e4:	d100      	bne.n	100037e8 <_vsnprintf+0x28c>
100037e6:	e3cb      	b.n	10003f80 <_vsnprintf+0xa24>
100037e8:	930d      	str	r3, [sp, #52]	@ 0x34
100037ea:	1b0b      	subs	r3, r1, r4
100037ec:	46b1      	mov	r9, r6
100037ee:	469a      	mov	sl, r3
100037f0:	465e      	mov	r6, fp
100037f2:	980c      	ldr	r0, [sp, #48]	@ 0x30
100037f4:	0022      	movs	r2, r4
100037f6:	003b      	movs	r3, r7
100037f8:	0031      	movs	r1, r6
100037fa:	47a8      	blx	r5
100037fc:	4653      	mov	r3, sl
100037fe:	3401      	adds	r4, #1
10003800:	5d18      	ldrb	r0, [r3, r4]
10003802:	2800      	cmp	r0, #0
10003804:	d1f6      	bne.n	100037f4 <_vsnprintf+0x298>
10003806:	46b3      	mov	fp, r6
10003808:	464e      	mov	r6, r9
1000380a:	9b0d      	ldr	r3, [sp, #52]	@ 0x34
1000380c:	2b00      	cmp	r3, #0
1000380e:	d000      	beq.n	10003812 <_vsnprintf+0x2b6>
10003810:	e1c7      	b.n	10003ba2 <_vsnprintf+0x646>
10003812:	9b14      	ldr	r3, [sp, #80]	@ 0x50
10003814:	930c      	str	r3, [sp, #48]	@ 0x30
10003816:	e6c9      	b.n	100035ac <_vsnprintf+0x50>
10003818:	930c      	str	r3, [sp, #48]	@ 0x30
1000381a:	2301      	movs	r3, #1
1000381c:	469c      	mov	ip, r3
1000381e:	3828      	subs	r0, #40	@ 0x28
10003820:	4249      	negs	r1, r1
10003822:	4302      	orrs	r2, r0
10003824:	4688      	mov	r8, r1
10003826:	7870      	ldrb	r0, [r6, #1]
10003828:	464e      	mov	r6, r9
1000382a:	44e1      	add	r9, ip
1000382c:	e6e5      	b.n	100035fa <_vsnprintf+0x9e>
1000382e:	7870      	ldrb	r0, [r6, #1]
10003830:	286c      	cmp	r0, #108	@ 0x6c
10003832:	d100      	bne.n	10003836 <_vsnprintf+0x2da>
10003834:	e17f      	b.n	10003b36 <_vsnprintf+0x5da>
10003836:	2380      	movs	r3, #128	@ 0x80
10003838:	005b      	lsls	r3, r3, #1
1000383a:	431a      	orrs	r2, r3
1000383c:	3bff      	subs	r3, #255	@ 0xff
1000383e:	469c      	mov	ip, r3
10003840:	44e1      	add	r9, ip
10003842:	e702      	b.n	1000364a <_vsnprintf+0xee>
10003844:	2380      	movs	r3, #128	@ 0x80
10003846:	009b      	lsls	r3, r3, #2
10003848:	431a      	orrs	r2, r3
1000384a:	2301      	movs	r3, #1
1000384c:	469c      	mov	ip, r3
1000384e:	7870      	ldrb	r0, [r6, #1]
10003850:	44e1      	add	r9, ip
10003852:	e6fa      	b.n	1000364a <_vsnprintf+0xee>
10003854:	7870      	ldrb	r0, [r6, #1]
10003856:	2868      	cmp	r0, #104	@ 0x68
10003858:	d100      	bne.n	1000385c <_vsnprintf+0x300>
1000385a:	e173      	b.n	10003b44 <_vsnprintf+0x5e8>
1000385c:	2380      	movs	r3, #128	@ 0x80
1000385e:	431a      	orrs	r2, r3
10003860:	3b7f      	subs	r3, #127	@ 0x7f
10003862:	469c      	mov	ip, r3
10003864:	44e1      	add	r9, ip
10003866:	e6f0      	b.n	1000364a <_vsnprintf+0xee>
10003868:	2867      	cmp	r0, #103	@ 0x67
1000386a:	d100      	bne.n	1000386e <_vsnprintf+0x312>
1000386c:	e103      	b.n	10003a76 <_vsnprintf+0x51a>
1000386e:	2847      	cmp	r0, #71	@ 0x47
10003870:	d100      	bne.n	10003874 <_vsnprintf+0x318>
10003872:	e15a      	b.n	10003b2a <_vsnprintf+0x5ce>
10003874:	2845      	cmp	r0, #69	@ 0x45
10003876:	d100      	bne.n	1000387a <_vsnprintf+0x31e>
10003878:	e15a      	b.n	10003b30 <_vsnprintf+0x5d4>
1000387a:	9204      	str	r2, [sp, #16]
1000387c:	2107      	movs	r1, #7
1000387e:	4642      	mov	r2, r8
10003880:	9b0c      	ldr	r3, [sp, #48]	@ 0x30
10003882:	9203      	str	r2, [sp, #12]
10003884:	3307      	adds	r3, #7
10003886:	4652      	mov	r2, sl
10003888:	438b      	bics	r3, r1
1000388a:	0019      	movs	r1, r3
1000388c:	9202      	str	r2, [sp, #8]
1000388e:	c90c      	ldmia	r1!, {r2, r3}
10003890:	0028      	movs	r0, r5
10003892:	9200      	str	r2, [sp, #0]
10003894:	9301      	str	r3, [sp, #4]
10003896:	910c      	str	r1, [sp, #48]	@ 0x30
10003898:	0022      	movs	r2, r4
1000389a:	003b      	movs	r3, r7
1000389c:	4659      	mov	r1, fp
1000389e:	f7ff fb9f 	bl	10002fe0 <_etoa>
100038a2:	0004      	movs	r4, r0
100038a4:	e682      	b.n	100035ac <_vsnprintf+0x50>
100038a6:	46c0      	nop			@ (mov r8, r8)
100038a8:	1000355d 	.word	0x1000355d
100038ac:	20001d20 	.word	0x20001d20
100038b0:	10006db0 	.word	0x10006db0
100038b4:	10006df4 	.word	0x10006df4
100038b8:	10006e40 	.word	0x10006e40
100038bc:	00009041 	.word	0x00009041
100038c0:	2846      	cmp	r0, #70	@ 0x46
100038c2:	d100      	bne.n	100038c6 <_vsnprintf+0x36a>
100038c4:	e0db      	b.n	10003a7e <_vsnprintf+0x522>
100038c6:	9204      	str	r2, [sp, #16]
100038c8:	2107      	movs	r1, #7
100038ca:	4642      	mov	r2, r8
100038cc:	9b0c      	ldr	r3, [sp, #48]	@ 0x30
100038ce:	9203      	str	r2, [sp, #12]
100038d0:	3307      	adds	r3, #7
100038d2:	4652      	mov	r2, sl
100038d4:	438b      	bics	r3, r1
100038d6:	0019      	movs	r1, r3
100038d8:	9202      	str	r2, [sp, #8]
100038da:	c90c      	ldmia	r1!, {r2, r3}
100038dc:	0028      	movs	r0, r5
100038de:	9200      	str	r2, [sp, #0]
100038e0:	9301      	str	r3, [sp, #4]
100038e2:	910c      	str	r1, [sp, #48]	@ 0x30
100038e4:	0022      	movs	r2, r4
100038e6:	003b      	movs	r3, r7
100038e8:	4659      	mov	r1, fp
100038ea:	f7ff f925 	bl	10002b38 <_ftoa>
100038ee:	0004      	movs	r4, r0
100038f0:	e65c      	b.n	100035ac <_vsnprintf+0x50>
100038f2:	1c63      	adds	r3, r4, #1
100038f4:	4698      	mov	r8, r3
100038f6:	0022      	movs	r2, r4
100038f8:	003b      	movs	r3, r7
100038fa:	4659      	mov	r1, fp
100038fc:	2025      	movs	r0, #37	@ 0x25
100038fe:	47a8      	blx	r5
10003900:	4644      	mov	r4, r8
10003902:	e653      	b.n	100035ac <_vsnprintf+0x50>
10003904:	9b0c      	ldr	r3, [sp, #48]	@ 0x30
10003906:	3304      	adds	r3, #4
10003908:	930d      	str	r3, [sp, #52]	@ 0x34
1000390a:	1c63      	adds	r3, r4, #1
1000390c:	4699      	mov	r9, r3
1000390e:	0792      	lsls	r2, r2, #30
10003910:	d400      	bmi.n	10003914 <_vsnprintf+0x3b8>
10003912:	e122      	b.n	10003b5a <_vsnprintf+0x5fe>
10003914:	9b0c      	ldr	r3, [sp, #48]	@ 0x30
10003916:	0022      	movs	r2, r4
10003918:	7818      	ldrb	r0, [r3, #0]
1000391a:	4659      	mov	r1, fp
1000391c:	003b      	movs	r3, r7
1000391e:	47a8      	blx	r5
10003920:	4643      	mov	r3, r8
10003922:	4444      	add	r4, r8
10003924:	2b01      	cmp	r3, #1
10003926:	d800      	bhi.n	1000392a <_vsnprintf+0x3ce>
10003928:	e285      	b.n	10003e36 <_vsnprintf+0x8da>
1000392a:	0033      	movs	r3, r6
1000392c:	46b8      	mov	r8, r7
1000392e:	002e      	movs	r6, r5
10003930:	465f      	mov	r7, fp
10003932:	0025      	movs	r5, r4
10003934:	464c      	mov	r4, r9
10003936:	4699      	mov	r9, r3
10003938:	0022      	movs	r2, r4
1000393a:	4643      	mov	r3, r8
1000393c:	3401      	adds	r4, #1
1000393e:	0039      	movs	r1, r7
10003940:	2020      	movs	r0, #32
10003942:	47b0      	blx	r6
10003944:	42ac      	cmp	r4, r5
10003946:	d1f7      	bne.n	10003938 <_vsnprintf+0x3dc>
10003948:	002c      	movs	r4, r5
1000394a:	46bb      	mov	fp, r7
1000394c:	0035      	movs	r5, r6
1000394e:	4647      	mov	r7, r8
10003950:	464e      	mov	r6, r9
10003952:	9b0d      	ldr	r3, [sp, #52]	@ 0x34
10003954:	930c      	str	r3, [sp, #48]	@ 0x30
10003956:	e629      	b.n	100035ac <_vsnprintf+0x50>
10003958:	4bdb      	ldr	r3, [pc, #876]	@ (10003cc8 <_vsnprintf+0x76c>)
1000395a:	7830      	ldrb	r0, [r6, #0]
1000395c:	4698      	mov	r8, r3
1000395e:	2300      	movs	r3, #0
10003960:	4699      	mov	r9, r3
10003962:	2800      	cmp	r0, #0
10003964:	d000      	beq.n	10003968 <_vsnprintf+0x40c>
10003966:	e612      	b.n	1000358e <_vsnprintf+0x32>
10003968:	2400      	movs	r4, #0
1000396a:	e6ae      	b.n	100036ca <_vsnprintf+0x16e>
1000396c:	286f      	cmp	r0, #111	@ 0x6f
1000396e:	d100      	bne.n	10003972 <_vsnprintf+0x416>
10003970:	e088      	b.n	10003a84 <_vsnprintf+0x528>
10003972:	d800      	bhi.n	10003976 <_vsnprintf+0x41a>
10003974:	e30b      	b.n	10003f8e <_vsnprintf+0xa32>
10003976:	2310      	movs	r3, #16
10003978:	2878      	cmp	r0, #120	@ 0x78
1000397a:	d100      	bne.n	1000397e <_vsnprintf+0x422>
1000397c:	e0cf      	b.n	10003b1e <_vsnprintf+0x5c2>
1000397e:	439a      	bics	r2, r3
10003980:	230a      	movs	r3, #10
10003982:	469c      	mov	ip, r3
10003984:	2300      	movs	r3, #0
10003986:	930f      	str	r3, [sp, #60]	@ 0x3c
10003988:	330a      	adds	r3, #10
1000398a:	930d      	str	r3, [sp, #52]	@ 0x34
1000398c:	e080      	b.n	10003a90 <_vsnprintf+0x534>
1000398e:	4656      	mov	r6, sl
10003990:	00b1      	lsls	r1, r6, #2
10003992:	1989      	adds	r1, r1, r6
10003994:	0049      	lsls	r1, r1, #1
10003996:	3301      	adds	r3, #1
10003998:	180e      	adds	r6, r1, r0
1000399a:	7818      	ldrb	r0, [r3, #0]
1000399c:	3e30      	subs	r6, #48	@ 0x30
1000399e:	0001      	movs	r1, r0
100039a0:	3930      	subs	r1, #48	@ 0x30
100039a2:	2909      	cmp	r1, #9
100039a4:	d9f4      	bls.n	10003990 <_vsnprintf+0x434>
100039a6:	46b2      	mov	sl, r6
100039a8:	001e      	movs	r6, r3
100039aa:	3301      	adds	r3, #1
100039ac:	4699      	mov	r9, r3
100039ae:	e628      	b.n	10003602 <_vsnprintf+0xa6>
100039b0:	9b0c      	ldr	r3, [sp, #48]	@ 0x30
100039b2:	3602      	adds	r6, #2
100039b4:	cb02      	ldmia	r3!, {r1}
100039b6:	468a      	mov	sl, r1
100039b8:	43c9      	mvns	r1, r1
100039ba:	4650      	mov	r0, sl
100039bc:	17c9      	asrs	r1, r1, #31
100039be:	4008      	ands	r0, r1
100039c0:	4682      	mov	sl, r0
100039c2:	930c      	str	r3, [sp, #48]	@ 0x30
100039c4:	7830      	ldrb	r0, [r6, #0]
100039c6:	1c73      	adds	r3, r6, #1
100039c8:	4699      	mov	r9, r3
100039ca:	e61a      	b.n	10003602 <_vsnprintf+0xa6>
100039cc:	2310      	movs	r3, #16
100039ce:	0010      	movs	r0, r2
100039d0:	4398      	bics	r0, r3
100039d2:	3311      	adds	r3, #17
100039d4:	4318      	orrs	r0, r3
100039d6:	4681      	mov	r9, r0
100039d8:	2080      	movs	r0, #128	@ 0x80
100039da:	0013      	movs	r3, r2
100039dc:	00c0      	lsls	r0, r0, #3
100039de:	4003      	ands	r3, r0
100039e0:	4202      	tst	r2, r0
100039e2:	d100      	bne.n	100039e6 <_vsnprintf+0x48a>
100039e4:	e6a9      	b.n	1000373a <_vsnprintf+0x1de>
100039e6:	464b      	mov	r3, r9
100039e8:	9306      	str	r3, [sp, #24]
100039ea:	2308      	movs	r3, #8
100039ec:	9305      	str	r3, [sp, #20]
100039ee:	4653      	mov	r3, sl
100039f0:	9304      	str	r3, [sp, #16]
100039f2:	2310      	movs	r3, #16
100039f4:	9303      	str	r3, [sp, #12]
100039f6:	2300      	movs	r3, #0
100039f8:	9302      	str	r3, [sp, #8]
100039fa:	9b0f      	ldr	r3, [sp, #60]	@ 0x3c
100039fc:	0022      	movs	r2, r4
100039fe:	9301      	str	r3, [sp, #4]
10003a00:	ab1c      	add	r3, sp, #112	@ 0x70
10003a02:	9300      	str	r3, [sp, #0]
10003a04:	4659      	mov	r1, fp
10003a06:	003b      	movs	r3, r7
10003a08:	0028      	movs	r0, r5
10003a0a:	f7fe ff9f 	bl	1000294c <_ntoa_format>
10003a0e:	4643      	mov	r3, r8
10003a10:	0004      	movs	r4, r0
10003a12:	930c      	str	r3, [sp, #48]	@ 0x30
10003a14:	e5ca      	b.n	100035ac <_vsnprintf+0x50>
10003a16:	2301      	movs	r3, #1
10003a18:	425b      	negs	r3, r3
10003a1a:	e6c3      	b.n	100037a4 <_vsnprintf+0x248>
10003a1c:	9b0f      	ldr	r3, [sp, #60]	@ 0x3c
10003a1e:	4553      	cmp	r3, sl
10003a20:	d901      	bls.n	10003a26 <_vsnprintf+0x4ca>
10003a22:	4653      	mov	r3, sl
10003a24:	930f      	str	r3, [sp, #60]	@ 0x3c
10003a26:	2302      	movs	r3, #2
10003a28:	0018      	movs	r0, r3
10003a2a:	4010      	ands	r0, r2
10003a2c:	900d      	str	r0, [sp, #52]	@ 0x34
10003a2e:	4213      	tst	r3, r2
10003a30:	d100      	bne.n	10003a34 <_vsnprintf+0x4d8>
10003a32:	e1b7      	b.n	10003da4 <_vsnprintf+0x848>
10003a34:	930d      	str	r3, [sp, #52]	@ 0x34
10003a36:	46d1      	mov	r9, sl
10003a38:	1b0b      	subs	r3, r1, r4
10003a3a:	469a      	mov	sl, r3
10003a3c:	0033      	movs	r3, r6
10003a3e:	44a1      	add	r9, r4
10003a40:	002e      	movs	r6, r5
10003a42:	0022      	movs	r2, r4
10003a44:	464d      	mov	r5, r9
10003a46:	980c      	ldr	r0, [sp, #48]	@ 0x30
10003a48:	46b9      	mov	r9, r7
10003a4a:	465f      	mov	r7, fp
10003a4c:	469b      	mov	fp, r3
10003a4e:	e008      	b.n	10003a62 <_vsnprintf+0x506>
10003a50:	464b      	mov	r3, r9
10003a52:	0039      	movs	r1, r7
10003a54:	1c54      	adds	r4, r2, #1
10003a56:	47b0      	blx	r6
10003a58:	4653      	mov	r3, sl
10003a5a:	5d18      	ldrb	r0, [r3, r4]
10003a5c:	2800      	cmp	r0, #0
10003a5e:	d077      	beq.n	10003b50 <_vsnprintf+0x5f4>
10003a60:	0022      	movs	r2, r4
10003a62:	4295      	cmp	r5, r2
10003a64:	d1f4      	bne.n	10003a50 <_vsnprintf+0x4f4>
10003a66:	465b      	mov	r3, fp
10003a68:	46bb      	mov	fp, r7
10003a6a:	464f      	mov	r7, r9
10003a6c:	46a9      	mov	r9, r5
10003a6e:	0035      	movs	r5, r6
10003a70:	464c      	mov	r4, r9
10003a72:	001e      	movs	r6, r3
10003a74:	e6c9      	b.n	1000380a <_vsnprintf+0x2ae>
10003a76:	2380      	movs	r3, #128	@ 0x80
10003a78:	011b      	lsls	r3, r3, #4
10003a7a:	431a      	orrs	r2, r3
10003a7c:	e6fd      	b.n	1000387a <_vsnprintf+0x31e>
10003a7e:	2320      	movs	r3, #32
10003a80:	431a      	orrs	r2, r3
10003a82:	e720      	b.n	100038c6 <_vsnprintf+0x36a>
10003a84:	2308      	movs	r3, #8
10003a86:	469c      	mov	ip, r3
10003a88:	2300      	movs	r3, #0
10003a8a:	930f      	str	r3, [sp, #60]	@ 0x3c
10003a8c:	3308      	adds	r3, #8
10003a8e:	930d      	str	r3, [sp, #52]	@ 0x34
10003a90:	2380      	movs	r3, #128	@ 0x80
10003a92:	0011      	movs	r1, r2
10003a94:	00db      	lsls	r3, r3, #3
10003a96:	4019      	ands	r1, r3
10003a98:	421a      	tst	r2, r3
10003a9a:	d100      	bne.n	10003a9e <_vsnprintf+0x542>
10003a9c:	e116      	b.n	10003ccc <_vsnprintf+0x770>
10003a9e:	230d      	movs	r3, #13
10003aa0:	439a      	bics	r2, r3
10003aa2:	0010      	movs	r0, r2
10003aa4:	2380      	movs	r3, #128	@ 0x80
10003aa6:	0002      	movs	r2, r0
10003aa8:	009b      	lsls	r3, r3, #2
10003aaa:	401a      	ands	r2, r3
10003aac:	9214      	str	r2, [sp, #80]	@ 0x50
10003aae:	4218      	tst	r0, r3
10003ab0:	d000      	beq.n	10003ab4 <_vsnprintf+0x558>
10003ab2:	e1c2      	b.n	10003e3a <_vsnprintf+0x8de>
10003ab4:	2380      	movs	r3, #128	@ 0x80
10003ab6:	0002      	movs	r2, r0
10003ab8:	005b      	lsls	r3, r3, #1
10003aba:	401a      	ands	r2, r3
10003abc:	4691      	mov	r9, r2
10003abe:	9a0c      	ldr	r2, [sp, #48]	@ 0x30
10003ac0:	3204      	adds	r2, #4
10003ac2:	920f      	str	r2, [sp, #60]	@ 0x3c
10003ac4:	4218      	tst	r0, r3
10003ac6:	d000      	beq.n	10003aca <_vsnprintf+0x56e>
10003ac8:	e2b7      	b.n	1000403a <_vsnprintf+0xade>
10003aca:	0643      	lsls	r3, r0, #25
10003acc:	d500      	bpl.n	10003ad0 <_vsnprintf+0x574>
10003ace:	e19f      	b.n	10003e10 <_vsnprintf+0x8b4>
10003ad0:	0603      	lsls	r3, r0, #24
10003ad2:	d400      	bmi.n	10003ad6 <_vsnprintf+0x57a>
10003ad4:	e319      	b.n	1000410a <_vsnprintf+0xbae>
10003ad6:	9b0c      	ldr	r3, [sp, #48]	@ 0x30
10003ad8:	881b      	ldrh	r3, [r3, #0]
10003ada:	9309      	str	r3, [sp, #36]	@ 0x24
10003adc:	2b00      	cmp	r3, #0
10003ade:	d000      	beq.n	10003ae2 <_vsnprintf+0x586>
10003ae0:	e1fc      	b.n	10003edc <_vsnprintf+0x980>
10003ae2:	3310      	adds	r3, #16
10003ae4:	4398      	bics	r0, r3
10003ae6:	2900      	cmp	r1, #0
10003ae8:	d100      	bne.n	10003aec <_vsnprintf+0x590>
10003aea:	e1f7      	b.n	10003edc <_vsnprintf+0x980>
10003aec:	2300      	movs	r3, #0
10003aee:	4699      	mov	r9, r3
10003af0:	4643      	mov	r3, r8
10003af2:	9305      	str	r3, [sp, #20]
10003af4:	4653      	mov	r3, sl
10003af6:	9304      	str	r3, [sp, #16]
10003af8:	9b0d      	ldr	r3, [sp, #52]	@ 0x34
10003afa:	9006      	str	r0, [sp, #24]
10003afc:	9303      	str	r3, [sp, #12]
10003afe:	2300      	movs	r3, #0
10003b00:	e0d2      	b.n	10003ca8 <_vsnprintf+0x74c>
10003b02:	2858      	cmp	r0, #88	@ 0x58
10003b04:	d008      	beq.n	10003b18 <_vsnprintf+0x5bc>
10003b06:	2862      	cmp	r0, #98	@ 0x62
10003b08:	d167      	bne.n	10003bda <_vsnprintf+0x67e>
10003b0a:	2302      	movs	r3, #2
10003b0c:	469c      	mov	ip, r3
10003b0e:	2300      	movs	r3, #0
10003b10:	930f      	str	r3, [sp, #60]	@ 0x3c
10003b12:	3302      	adds	r3, #2
10003b14:	930d      	str	r3, [sp, #52]	@ 0x34
10003b16:	e7bb      	b.n	10003a90 <_vsnprintf+0x534>
10003b18:	2320      	movs	r3, #32
10003b1a:	431a      	orrs	r2, r3
10003b1c:	3b10      	subs	r3, #16
10003b1e:	469c      	mov	ip, r3
10003b20:	2300      	movs	r3, #0
10003b22:	930f      	str	r3, [sp, #60]	@ 0x3c
10003b24:	3310      	adds	r3, #16
10003b26:	930d      	str	r3, [sp, #52]	@ 0x34
10003b28:	e7b2      	b.n	10003a90 <_vsnprintf+0x534>
10003b2a:	2380      	movs	r3, #128	@ 0x80
10003b2c:	011b      	lsls	r3, r3, #4
10003b2e:	431a      	orrs	r2, r3
10003b30:	2320      	movs	r3, #32
10003b32:	431a      	orrs	r2, r3
10003b34:	e6a1      	b.n	1000387a <_vsnprintf+0x31e>
10003b36:	23c0      	movs	r3, #192	@ 0xc0
10003b38:	009b      	lsls	r3, r3, #2
10003b3a:	431a      	orrs	r2, r3
10003b3c:	1cf3      	adds	r3, r6, #3
10003b3e:	4699      	mov	r9, r3
10003b40:	78b0      	ldrb	r0, [r6, #2]
10003b42:	e582      	b.n	1000364a <_vsnprintf+0xee>
10003b44:	23c0      	movs	r3, #192	@ 0xc0
10003b46:	431a      	orrs	r2, r3
10003b48:	1cf3      	adds	r3, r6, #3
10003b4a:	4699      	mov	r9, r3
10003b4c:	78b0      	ldrb	r0, [r6, #2]
10003b4e:	e57c      	b.n	1000364a <_vsnprintf+0xee>
10003b50:	0035      	movs	r5, r6
10003b52:	465e      	mov	r6, fp
10003b54:	46bb      	mov	fp, r7
10003b56:	464f      	mov	r7, r9
10003b58:	e657      	b.n	1000380a <_vsnprintf+0x2ae>
10003b5a:	4643      	mov	r3, r8
10003b5c:	2b01      	cmp	r3, #1
10003b5e:	d800      	bhi.n	10003b62 <_vsnprintf+0x606>
10003b60:	e163      	b.n	10003e2a <_vsnprintf+0x8ce>
10003b62:	1e63      	subs	r3, r4, #1
10003b64:	4443      	add	r3, r8
10003b66:	469a      	mov	sl, r3
10003b68:	0033      	movs	r3, r6
10003b6a:	46b9      	mov	r9, r7
10003b6c:	002e      	movs	r6, r5
10003b6e:	465f      	mov	r7, fp
10003b70:	4655      	mov	r5, sl
10003b72:	469b      	mov	fp, r3
10003b74:	46a2      	mov	sl, r4
10003b76:	0022      	movs	r2, r4
10003b78:	464b      	mov	r3, r9
10003b7a:	3401      	adds	r4, #1
10003b7c:	0039      	movs	r1, r7
10003b7e:	2020      	movs	r0, #32
10003b80:	47b0      	blx	r6
10003b82:	42ac      	cmp	r4, r5
10003b84:	d1f7      	bne.n	10003b76 <_vsnprintf+0x61a>
10003b86:	0035      	movs	r5, r6
10003b88:	465e      	mov	r6, fp
10003b8a:	46bb      	mov	fp, r7
10003b8c:	464f      	mov	r7, r9
10003b8e:	46a1      	mov	r9, r4
10003b90:	4654      	mov	r4, sl
10003b92:	9b0c      	ldr	r3, [sp, #48]	@ 0x30
10003b94:	464a      	mov	r2, r9
10003b96:	7818      	ldrb	r0, [r3, #0]
10003b98:	4659      	mov	r1, fp
10003b9a:	003b      	movs	r3, r7
10003b9c:	4444      	add	r4, r8
10003b9e:	47a8      	blx	r5
10003ba0:	e6d7      	b.n	10003952 <_vsnprintf+0x3f6>
10003ba2:	46a1      	mov	r9, r4
10003ba4:	9b0f      	ldr	r3, [sp, #60]	@ 0x3c
10003ba6:	4598      	cmp	r8, r3
10003ba8:	d800      	bhi.n	10003bac <_vsnprintf+0x650>
10003baa:	e632      	b.n	10003812 <_vsnprintf+0x2b6>
10003bac:	4444      	add	r4, r8
10003bae:	1ae4      	subs	r4, r4, r3
10003bb0:	0033      	movs	r3, r6
10003bb2:	46b8      	mov	r8, r7
10003bb4:	002e      	movs	r6, r5
10003bb6:	465f      	mov	r7, fp
10003bb8:	0025      	movs	r5, r4
10003bba:	464c      	mov	r4, r9
10003bbc:	4699      	mov	r9, r3
10003bbe:	0022      	movs	r2, r4
10003bc0:	4643      	mov	r3, r8
10003bc2:	3401      	adds	r4, #1
10003bc4:	0039      	movs	r1, r7
10003bc6:	2020      	movs	r0, #32
10003bc8:	47b0      	blx	r6
10003bca:	42ac      	cmp	r4, r5
10003bcc:	d1f7      	bne.n	10003bbe <_vsnprintf+0x662>
10003bce:	002c      	movs	r4, r5
10003bd0:	46bb      	mov	fp, r7
10003bd2:	0035      	movs	r5, r6
10003bd4:	4647      	mov	r7, r8
10003bd6:	464e      	mov	r6, r9
10003bd8:	e61b      	b.n	10003812 <_vsnprintf+0x2b6>
10003bda:	2380      	movs	r3, #128	@ 0x80
10003bdc:	0010      	movs	r0, r2
10003bde:	00db      	lsls	r3, r3, #3
10003be0:	4018      	ands	r0, r3
10003be2:	421a      	tst	r2, r3
10003be4:	d100      	bne.n	10003be8 <_vsnprintf+0x68c>
10003be6:	e10f      	b.n	10003e08 <_vsnprintf+0x8ac>
10003be8:	2111      	movs	r1, #17
10003bea:	0018      	movs	r0, r3
10003bec:	438a      	bics	r2, r1
10003bee:	920d      	str	r2, [sp, #52]	@ 0x34
10003bf0:	9a0d      	ldr	r2, [sp, #52]	@ 0x34
10003bf2:	2380      	movs	r3, #128	@ 0x80
10003bf4:	0011      	movs	r1, r2
10003bf6:	009b      	lsls	r3, r3, #2
10003bf8:	4019      	ands	r1, r3
10003bfa:	468c      	mov	ip, r1
10003bfc:	421a      	tst	r2, r3
10003bfe:	d169      	bne.n	10003cd4 <_vsnprintf+0x778>
10003c00:	2380      	movs	r3, #128	@ 0x80
10003c02:	0011      	movs	r1, r2
10003c04:	005b      	lsls	r3, r3, #1
10003c06:	4019      	ands	r1, r3
10003c08:	4689      	mov	r9, r1
10003c0a:	990c      	ldr	r1, [sp, #48]	@ 0x30
10003c0c:	3104      	adds	r1, #4
10003c0e:	910f      	str	r1, [sp, #60]	@ 0x3c
10003c10:	421a      	tst	r2, r3
10003c12:	d000      	beq.n	10003c16 <_vsnprintf+0x6ba>
10003c14:	e1ca      	b.n	10003fac <_vsnprintf+0xa50>
10003c16:	0013      	movs	r3, r2
10003c18:	065b      	lsls	r3, r3, #25
10003c1a:	d500      	bpl.n	10003c1e <_vsnprintf+0x6c2>
10003c1c:	e0f0      	b.n	10003e00 <_vsnprintf+0x8a4>
10003c1e:	0013      	movs	r3, r2
10003c20:	061b      	lsls	r3, r3, #24
10003c22:	d400      	bmi.n	10003c26 <_vsnprintf+0x6ca>
10003c24:	e259      	b.n	100040da <_vsnprintf+0xb7e>
10003c26:	9b0c      	ldr	r3, [sp, #48]	@ 0x30
10003c28:	2200      	movs	r2, #0
10003c2a:	5e9b      	ldrsh	r3, [r3, r2]
10003c2c:	17d9      	asrs	r1, r3, #31
10003c2e:	185a      	adds	r2, r3, r1
10003c30:	404a      	eors	r2, r1
10003c32:	b292      	uxth	r2, r2
10003c34:	0fd9      	lsrs	r1, r3, #31
10003c36:	910c      	str	r1, [sp, #48]	@ 0x30
10003c38:	2b00      	cmp	r3, #0
10003c3a:	d100      	bne.n	10003c3e <_vsnprintf+0x6e2>
10003c3c:	e1f9      	b.n	10004032 <_vsnprintf+0xad6>
10003c3e:	0010      	movs	r0, r2
10003c40:	aa14      	add	r2, sp, #80	@ 0x50
10003c42:	4694      	mov	ip, r2
10003c44:	4642      	mov	r2, r8
10003c46:	231f      	movs	r3, #31
10003c48:	9214      	str	r2, [sp, #80]	@ 0x50
10003c4a:	4652      	mov	r2, sl
10003c4c:	4463      	add	r3, ip
10003c4e:	46a8      	mov	r8, r5
10003c50:	9416      	str	r4, [sp, #88]	@ 0x58
10003c52:	464d      	mov	r5, r9
10003c54:	0004      	movs	r4, r0
10003c56:	46b9      	mov	r9, r7
10003c58:	46b2      	mov	sl, r6
10003c5a:	001f      	movs	r7, r3
10003c5c:	9215      	str	r2, [sp, #84]	@ 0x54
10003c5e:	e001      	b.n	10003c64 <_vsnprintf+0x708>
10003c60:	2d20      	cmp	r5, #32
10003c62:	d00f      	beq.n	10003c84 <_vsnprintf+0x728>
10003c64:	0020      	movs	r0, r4
10003c66:	210a      	movs	r1, #10
10003c68:	f7fd ff2c 	bl	10001ac4 <__wrap___aeabi_uidiv>
10003c6c:	3501      	adds	r5, #1
10003c6e:	197e      	adds	r6, r7, r5
10003c70:	3130      	adds	r1, #48	@ 0x30
10003c72:	7031      	strb	r1, [r6, #0]
10003c74:	0020      	movs	r0, r4
10003c76:	210a      	movs	r1, #10
10003c78:	f7fd ff24 	bl	10001ac4 <__wrap___aeabi_uidiv>
10003c7c:	0026      	movs	r6, r4
10003c7e:	0004      	movs	r4, r0
10003c80:	2e09      	cmp	r6, #9
10003c82:	d8ed      	bhi.n	10003c60 <_vsnprintf+0x704>
10003c84:	9b14      	ldr	r3, [sp, #80]	@ 0x50
10003c86:	464f      	mov	r7, r9
10003c88:	46a9      	mov	r9, r5
10003c8a:	4645      	mov	r5, r8
10003c8c:	4698      	mov	r8, r3
10003c8e:	9b15      	ldr	r3, [sp, #84]	@ 0x54
10003c90:	4656      	mov	r6, sl
10003c92:	469a      	mov	sl, r3
10003c94:	9c16      	ldr	r4, [sp, #88]	@ 0x58
10003c96:	9b0d      	ldr	r3, [sp, #52]	@ 0x34
10003c98:	9306      	str	r3, [sp, #24]
10003c9a:	4643      	mov	r3, r8
10003c9c:	9305      	str	r3, [sp, #20]
10003c9e:	4653      	mov	r3, sl
10003ca0:	9304      	str	r3, [sp, #16]
10003ca2:	230a      	movs	r3, #10
10003ca4:	9303      	str	r3, [sp, #12]
10003ca6:	9b0c      	ldr	r3, [sp, #48]	@ 0x30
10003ca8:	9302      	str	r3, [sp, #8]
10003caa:	464b      	mov	r3, r9
10003cac:	9301      	str	r3, [sp, #4]
10003cae:	ab1c      	add	r3, sp, #112	@ 0x70
10003cb0:	0022      	movs	r2, r4
10003cb2:	9300      	str	r3, [sp, #0]
10003cb4:	4659      	mov	r1, fp
10003cb6:	003b      	movs	r3, r7
10003cb8:	0028      	movs	r0, r5
10003cba:	f7fe fe47 	bl	1000294c <_ntoa_format>
10003cbe:	9b0f      	ldr	r3, [sp, #60]	@ 0x3c
10003cc0:	0004      	movs	r4, r0
10003cc2:	930c      	str	r3, [sp, #48]	@ 0x30
10003cc4:	e472      	b.n	100035ac <_vsnprintf+0x50>
10003cc6:	46c0      	nop			@ (mov r8, r8)
10003cc8:	1000289d 	.word	0x1000289d
10003ccc:	230c      	movs	r3, #12
10003cce:	439a      	bics	r2, r3
10003cd0:	0010      	movs	r0, r2
10003cd2:	e6e7      	b.n	10003aa4 <_vsnprintf+0x548>
10003cd4:	2207      	movs	r2, #7
10003cd6:	9b0c      	ldr	r3, [sp, #48]	@ 0x30
10003cd8:	3307      	adds	r3, #7
10003cda:	4393      	bics	r3, r2
10003cdc:	3201      	adds	r2, #1
10003cde:	4694      	mov	ip, r2
10003ce0:	449c      	add	ip, r3
10003ce2:	4662      	mov	r2, ip
10003ce4:	920c      	str	r2, [sp, #48]	@ 0x30
10003ce6:	cb0c      	ldmia	r3, {r2, r3}
10003ce8:	0fd9      	lsrs	r1, r3, #31
10003cea:	910f      	str	r1, [sp, #60]	@ 0x3c
10003cec:	0011      	movs	r1, r2
10003cee:	4319      	orrs	r1, r3
10003cf0:	d100      	bne.n	10003cf4 <_vsnprintf+0x798>
10003cf2:	e091      	b.n	10003e18 <_vsnprintf+0x8bc>
10003cf4:	17d9      	asrs	r1, r3, #31
10003cf6:	9113      	str	r1, [sp, #76]	@ 0x4c
10003cf8:	9112      	str	r1, [sp, #72]	@ 0x48
10003cfa:	4051      	eors	r1, r2
10003cfc:	9110      	str	r1, [sp, #64]	@ 0x40
10003cfe:	9913      	ldr	r1, [sp, #76]	@ 0x4c
10003d00:	4059      	eors	r1, r3
10003d02:	9111      	str	r1, [sp, #68]	@ 0x44
10003d04:	9810      	ldr	r0, [sp, #64]	@ 0x40
10003d06:	9911      	ldr	r1, [sp, #68]	@ 0x44
10003d08:	9a12      	ldr	r2, [sp, #72]	@ 0x48
10003d0a:	9b13      	ldr	r3, [sp, #76]	@ 0x4c
10003d0c:	1a80      	subs	r0, r0, r2
10003d0e:	4199      	sbcs	r1, r3
10003d10:	9010      	str	r0, [sp, #64]	@ 0x40
10003d12:	9111      	str	r1, [sp, #68]	@ 0x44
10003d14:	aa14      	add	r2, sp, #80	@ 0x50
10003d16:	2300      	movs	r3, #0
10003d18:	4694      	mov	ip, r2
10003d1a:	4642      	mov	r2, r8
10003d1c:	4699      	mov	r9, r3
10003d1e:	9214      	str	r2, [sp, #80]	@ 0x50
10003d20:	4652      	mov	r2, sl
10003d22:	331f      	adds	r3, #31
10003d24:	4463      	add	r3, ip
10003d26:	46a8      	mov	r8, r5
10003d28:	46b2      	mov	sl, r6
10003d2a:	9416      	str	r4, [sp, #88]	@ 0x58
10003d2c:	464e      	mov	r6, r9
10003d2e:	9c10      	ldr	r4, [sp, #64]	@ 0x40
10003d30:	9d11      	ldr	r5, [sp, #68]	@ 0x44
10003d32:	46b9      	mov	r9, r7
10003d34:	9215      	str	r2, [sp, #84]	@ 0x54
10003d36:	001f      	movs	r7, r3
10003d38:	e001      	b.n	10003d3e <_vsnprintf+0x7e2>
10003d3a:	2e20      	cmp	r6, #32
10003d3c:	d010      	beq.n	10003d60 <_vsnprintf+0x804>
10003d3e:	0020      	movs	r0, r4
10003d40:	0029      	movs	r1, r5
10003d42:	220a      	movs	r2, #10
10003d44:	2300      	movs	r3, #0
10003d46:	f7fd fefb 	bl	10001b40 <__wrap___aeabi_uldivmod>
10003d4a:	3601      	adds	r6, #1
10003d4c:	3230      	adds	r2, #48	@ 0x30
10003d4e:	002b      	movs	r3, r5
10003d50:	55ba      	strb	r2, [r7, r6]
10003d52:	000d      	movs	r5, r1
10003d54:	0022      	movs	r2, r4
10003d56:	0004      	movs	r4, r0
10003d58:	2b00      	cmp	r3, #0
10003d5a:	d1ee      	bne.n	10003d3a <_vsnprintf+0x7de>
10003d5c:	2a09      	cmp	r2, #9
10003d5e:	d8ec      	bhi.n	10003d3a <_vsnprintf+0x7de>
10003d60:	9b14      	ldr	r3, [sp, #80]	@ 0x50
10003d62:	9410      	str	r4, [sp, #64]	@ 0x40
10003d64:	9511      	str	r5, [sp, #68]	@ 0x44
10003d66:	4645      	mov	r5, r8
10003d68:	4698      	mov	r8, r3
10003d6a:	9b15      	ldr	r3, [sp, #84]	@ 0x54
10003d6c:	464f      	mov	r7, r9
10003d6e:	46b1      	mov	r9, r6
10003d70:	4656      	mov	r6, sl
10003d72:	469a      	mov	sl, r3
10003d74:	9c16      	ldr	r4, [sp, #88]	@ 0x58
10003d76:	9b0d      	ldr	r3, [sp, #52]	@ 0x34
10003d78:	9306      	str	r3, [sp, #24]
10003d7a:	4643      	mov	r3, r8
10003d7c:	9305      	str	r3, [sp, #20]
10003d7e:	4653      	mov	r3, sl
10003d80:	9304      	str	r3, [sp, #16]
10003d82:	230a      	movs	r3, #10
10003d84:	9303      	str	r3, [sp, #12]
10003d86:	9b0f      	ldr	r3, [sp, #60]	@ 0x3c
10003d88:	9302      	str	r3, [sp, #8]
10003d8a:	464b      	mov	r3, r9
10003d8c:	9301      	str	r3, [sp, #4]
10003d8e:	ab1c      	add	r3, sp, #112	@ 0x70
10003d90:	0022      	movs	r2, r4
10003d92:	9300      	str	r3, [sp, #0]
10003d94:	4659      	mov	r1, fp
10003d96:	003b      	movs	r3, r7
10003d98:	0028      	movs	r0, r5
10003d9a:	f7fe fdd7 	bl	1000294c <_ntoa_format>
10003d9e:	0004      	movs	r4, r0
10003da0:	f7ff fc04 	bl	100035ac <_vsnprintf+0x50>
10003da4:	9b0f      	ldr	r3, [sp, #60]	@ 0x3c
10003da6:	4598      	cmp	r8, r3
10003da8:	d800      	bhi.n	10003dac <_vsnprintf+0x850>
10003daa:	e1c1      	b.n	10004130 <_vsnprintf+0xbd4>
10003dac:	2380      	movs	r3, #128	@ 0x80
10003dae:	00db      	lsls	r3, r3, #3
10003db0:	930d      	str	r3, [sp, #52]	@ 0x34
10003db2:	4643      	mov	r3, r8
10003db4:	9a0f      	ldr	r2, [sp, #60]	@ 0x3c
10003db6:	191b      	adds	r3, r3, r4
10003db8:	1a9b      	subs	r3, r3, r2
10003dba:	4699      	mov	r9, r3
10003dbc:	0033      	movs	r3, r6
10003dbe:	002e      	movs	r6, r5
10003dc0:	464d      	mov	r5, r9
10003dc2:	46b9      	mov	r9, r7
10003dc4:	465f      	mov	r7, fp
10003dc6:	469b      	mov	fp, r3
10003dc8:	910c      	str	r1, [sp, #48]	@ 0x30
10003dca:	0022      	movs	r2, r4
10003dcc:	464b      	mov	r3, r9
10003dce:	3401      	adds	r4, #1
10003dd0:	0039      	movs	r1, r7
10003dd2:	2020      	movs	r0, #32
10003dd4:	47b0      	blx	r6
10003dd6:	42ac      	cmp	r4, r5
10003dd8:	d1f7      	bne.n	10003dca <_vsnprintf+0x86e>
10003dda:	4643      	mov	r3, r8
10003ddc:	990c      	ldr	r1, [sp, #48]	@ 0x30
10003dde:	3301      	adds	r3, #1
10003de0:	930f      	str	r3, [sp, #60]	@ 0x3c
10003de2:	780b      	ldrb	r3, [r1, #0]
10003de4:	0035      	movs	r5, r6
10003de6:	930c      	str	r3, [sp, #48]	@ 0x30
10003de8:	465e      	mov	r6, fp
10003dea:	46bb      	mov	fp, r7
10003dec:	464f      	mov	r7, r9
10003dee:	2b00      	cmp	r3, #0
10003df0:	d100      	bne.n	10003df4 <_vsnprintf+0x898>
10003df2:	e50e      	b.n	10003812 <_vsnprintf+0x2b6>
10003df4:	9b0d      	ldr	r3, [sp, #52]	@ 0x34
10003df6:	2b00      	cmp	r3, #0
10003df8:	d100      	bne.n	10003dfc <_vsnprintf+0x8a0>
10003dfa:	e4f6      	b.n	100037ea <_vsnprintf+0x28e>
10003dfc:	2300      	movs	r3, #0
10003dfe:	e619      	b.n	10003a34 <_vsnprintf+0x4d8>
10003e00:	9b0c      	ldr	r3, [sp, #48]	@ 0x30
10003e02:	781b      	ldrb	r3, [r3, #0]
10003e04:	001a      	movs	r2, r3
10003e06:	e715      	b.n	10003c34 <_vsnprintf+0x6d8>
10003e08:	2310      	movs	r3, #16
10003e0a:	439a      	bics	r2, r3
10003e0c:	920d      	str	r2, [sp, #52]	@ 0x34
10003e0e:	e6ef      	b.n	10003bf0 <_vsnprintf+0x694>
10003e10:	9b0c      	ldr	r3, [sp, #48]	@ 0x30
10003e12:	781b      	ldrb	r3, [r3, #0]
10003e14:	9309      	str	r3, [sp, #36]	@ 0x24
10003e16:	e661      	b.n	10003adc <_vsnprintf+0x580>
10003e18:	2300      	movs	r3, #0
10003e1a:	4699      	mov	r9, r3
10003e1c:	2800      	cmp	r0, #0
10003e1e:	d1aa      	bne.n	10003d76 <_vsnprintf+0x81a>
10003e20:	2200      	movs	r2, #0
10003e22:	2300      	movs	r3, #0
10003e24:	9210      	str	r2, [sp, #64]	@ 0x40
10003e26:	9311      	str	r3, [sp, #68]	@ 0x44
10003e28:	e774      	b.n	10003d14 <_vsnprintf+0x7b8>
10003e2a:	9b0c      	ldr	r3, [sp, #48]	@ 0x30
10003e2c:	0022      	movs	r2, r4
10003e2e:	7818      	ldrb	r0, [r3, #0]
10003e30:	4659      	mov	r1, fp
10003e32:	003b      	movs	r3, r7
10003e34:	47a8      	blx	r5
10003e36:	464c      	mov	r4, r9
10003e38:	e58b      	b.n	10003952 <_vsnprintf+0x3f6>
10003e3a:	9a0c      	ldr	r2, [sp, #48]	@ 0x30
10003e3c:	3bfa      	subs	r3, #250	@ 0xfa
10003e3e:	3bff      	subs	r3, #255	@ 0xff
10003e40:	3207      	adds	r2, #7
10003e42:	439a      	bics	r2, r3
10003e44:	3301      	adds	r3, #1
10003e46:	4699      	mov	r9, r3
10003e48:	4491      	add	r9, r2
10003e4a:	464b      	mov	r3, r9
10003e4c:	930c      	str	r3, [sp, #48]	@ 0x30
10003e4e:	6813      	ldr	r3, [r2, #0]
10003e50:	6852      	ldr	r2, [r2, #4]
10003e52:	9215      	str	r2, [sp, #84]	@ 0x54
10003e54:	431a      	orrs	r2, r3
10003e56:	d106      	bne.n	10003e66 <_vsnprintf+0x90a>
10003e58:	3210      	adds	r2, #16
10003e5a:	4390      	bics	r0, r2
10003e5c:	2200      	movs	r2, #0
10003e5e:	9209      	str	r2, [sp, #36]	@ 0x24
10003e60:	2900      	cmp	r1, #0
10003e62:	d000      	beq.n	10003e66 <_vsnprintf+0x90a>
10003e64:	e081      	b.n	10003f6a <_vsnprintf+0xa0e>
10003e66:	2261      	movs	r2, #97	@ 0x61
10003e68:	0681      	lsls	r1, r0, #26
10003e6a:	d500      	bpl.n	10003e6e <_vsnprintf+0x912>
10003e6c:	2241      	movs	r2, #65	@ 0x41
10003e6e:	b2d2      	uxtb	r2, r2
10003e70:	920a      	str	r2, [sp, #40]	@ 0x28
10003e72:	aa14      	add	r2, sp, #80	@ 0x50
10003e74:	4691      	mov	r9, r2
10003e76:	9a0a      	ldr	r2, [sp, #40]	@ 0x28
10003e78:	2100      	movs	r1, #0
10003e7a:	3a0a      	subs	r2, #10
10003e7c:	9214      	str	r2, [sp, #80]	@ 0x50
10003e7e:	4642      	mov	r2, r8
10003e80:	9217      	str	r2, [sp, #92]	@ 0x5c
10003e82:	4652      	mov	r2, sl
10003e84:	9218      	str	r2, [sp, #96]	@ 0x60
10003e86:	465a      	mov	r2, fp
10003e88:	9109      	str	r1, [sp, #36]	@ 0x24
10003e8a:	46b3      	mov	fp, r6
10003e8c:	311f      	adds	r1, #31
10003e8e:	001e      	movs	r6, r3
10003e90:	9b0f      	ldr	r3, [sp, #60]	@ 0x3c
10003e92:	4449      	add	r1, r9
10003e94:	46ba      	mov	sl, r7
10003e96:	9419      	str	r4, [sp, #100]	@ 0x64
10003e98:	951a      	str	r5, [sp, #104]	@ 0x68
10003e9a:	2400      	movs	r4, #0
10003e9c:	4667      	mov	r7, ip
10003e9e:	4698      	mov	r8, r3
10003ea0:	4689      	mov	r9, r1
10003ea2:	9d15      	ldr	r5, [sp, #84]	@ 0x54
10003ea4:	9016      	str	r0, [sp, #88]	@ 0x58
10003ea6:	921b      	str	r2, [sp, #108]	@ 0x6c
10003ea8:	e00a      	b.n	10003ec0 <_vsnprintf+0x964>
10003eaa:	3230      	adds	r2, #48	@ 0x30
10003eac:	b2d2      	uxtb	r2, r2
10003eae:	464b      	mov	r3, r9
10003eb0:	3401      	adds	r4, #1
10003eb2:	551a      	strb	r2, [r3, r4]
10003eb4:	45a8      	cmp	r8, r5
10003eb6:	d04a      	beq.n	10003f4e <_vsnprintf+0x9f2>
10003eb8:	2c20      	cmp	r4, #32
10003eba:	d04a      	beq.n	10003f52 <_vsnprintf+0x9f6>
10003ebc:	0006      	movs	r6, r0
10003ebe:	000d      	movs	r5, r1
10003ec0:	003a      	movs	r2, r7
10003ec2:	2300      	movs	r3, #0
10003ec4:	0030      	movs	r0, r6
10003ec6:	0029      	movs	r1, r5
10003ec8:	f7fd fe3a 	bl	10001b40 <__wrap___aeabi_uldivmod>
10003ecc:	b2d2      	uxtb	r2, r2
10003ece:	2a09      	cmp	r2, #9
10003ed0:	d9eb      	bls.n	10003eaa <_vsnprintf+0x94e>
10003ed2:	9b14      	ldr	r3, [sp, #80]	@ 0x50
10003ed4:	469c      	mov	ip, r3
10003ed6:	4462      	add	r2, ip
10003ed8:	b2d2      	uxtb	r2, r2
10003eda:	e7e8      	b.n	10003eae <_vsnprintf+0x952>
10003edc:	2361      	movs	r3, #97	@ 0x61
10003ede:	0682      	lsls	r2, r0, #26
10003ee0:	d500      	bpl.n	10003ee4 <_vsnprintf+0x988>
10003ee2:	2341      	movs	r3, #65	@ 0x41
10003ee4:	b2db      	uxtb	r3, r3
10003ee6:	3b0a      	subs	r3, #10
10003ee8:	930c      	str	r3, [sp, #48]	@ 0x30
10003eea:	4643      	mov	r3, r8
10003eec:	a914      	add	r1, sp, #80	@ 0x50
10003eee:	221f      	movs	r2, #31
10003ef0:	468c      	mov	ip, r1
10003ef2:	9315      	str	r3, [sp, #84]	@ 0x54
10003ef4:	4653      	mov	r3, sl
10003ef6:	4462      	add	r2, ip
10003ef8:	46a0      	mov	r8, r4
10003efa:	46b2      	mov	sl, r6
10003efc:	464c      	mov	r4, r9
10003efe:	9717      	str	r7, [sp, #92]	@ 0x5c
10003f00:	46a9      	mov	r9, r5
10003f02:	0017      	movs	r7, r2
10003f04:	9d09      	ldr	r5, [sp, #36]	@ 0x24
10003f06:	9e0d      	ldr	r6, [sp, #52]	@ 0x34
10003f08:	9014      	str	r0, [sp, #80]	@ 0x50
10003f0a:	9316      	str	r3, [sp, #88]	@ 0x58
10003f0c:	e008      	b.n	10003f20 <_vsnprintf+0x9c4>
10003f0e:	3330      	adds	r3, #48	@ 0x30
10003f10:	b2db      	uxtb	r3, r3
10003f12:	3401      	adds	r4, #1
10003f14:	553b      	strb	r3, [r7, r4]
10003f16:	42b5      	cmp	r5, r6
10003f18:	d30e      	bcc.n	10003f38 <_vsnprintf+0x9dc>
10003f1a:	2c20      	cmp	r4, #32
10003f1c:	d00c      	beq.n	10003f38 <_vsnprintf+0x9dc>
10003f1e:	0005      	movs	r5, r0
10003f20:	0031      	movs	r1, r6
10003f22:	0028      	movs	r0, r5
10003f24:	f7fd fdce 	bl	10001ac4 <__wrap___aeabi_uidiv>
10003f28:	b2cb      	uxtb	r3, r1
10003f2a:	2909      	cmp	r1, #9
10003f2c:	d9ef      	bls.n	10003f0e <_vsnprintf+0x9b2>
10003f2e:	9a0c      	ldr	r2, [sp, #48]	@ 0x30
10003f30:	4694      	mov	ip, r2
10003f32:	4463      	add	r3, ip
10003f34:	b2db      	uxtb	r3, r3
10003f36:	e7ec      	b.n	10003f12 <_vsnprintf+0x9b6>
10003f38:	9b15      	ldr	r3, [sp, #84]	@ 0x54
10003f3a:	464d      	mov	r5, r9
10003f3c:	46a1      	mov	r9, r4
10003f3e:	4644      	mov	r4, r8
10003f40:	4698      	mov	r8, r3
10003f42:	9b16      	ldr	r3, [sp, #88]	@ 0x58
10003f44:	4656      	mov	r6, sl
10003f46:	9814      	ldr	r0, [sp, #80]	@ 0x50
10003f48:	469a      	mov	sl, r3
10003f4a:	9f17      	ldr	r7, [sp, #92]	@ 0x5c
10003f4c:	e5d0      	b.n	10003af0 <_vsnprintf+0x594>
10003f4e:	42b7      	cmp	r7, r6
10003f50:	d9b2      	bls.n	10003eb8 <_vsnprintf+0x95c>
10003f52:	9b17      	ldr	r3, [sp, #92]	@ 0x5c
10003f54:	4657      	mov	r7, sl
10003f56:	4698      	mov	r8, r3
10003f58:	9b18      	ldr	r3, [sp, #96]	@ 0x60
10003f5a:	465e      	mov	r6, fp
10003f5c:	469a      	mov	sl, r3
10003f5e:	9b1b      	ldr	r3, [sp, #108]	@ 0x6c
10003f60:	9409      	str	r4, [sp, #36]	@ 0x24
10003f62:	469b      	mov	fp, r3
10003f64:	9816      	ldr	r0, [sp, #88]	@ 0x58
10003f66:	9c19      	ldr	r4, [sp, #100]	@ 0x64
10003f68:	9d1a      	ldr	r5, [sp, #104]	@ 0x68
10003f6a:	4643      	mov	r3, r8
10003f6c:	9305      	str	r3, [sp, #20]
10003f6e:	4653      	mov	r3, sl
10003f70:	9304      	str	r3, [sp, #16]
10003f72:	9b0d      	ldr	r3, [sp, #52]	@ 0x34
10003f74:	9006      	str	r0, [sp, #24]
10003f76:	9303      	str	r3, [sp, #12]
10003f78:	2300      	movs	r3, #0
10003f7a:	9302      	str	r3, [sp, #8]
10003f7c:	9b09      	ldr	r3, [sp, #36]	@ 0x24
10003f7e:	e705      	b.n	10003d8c <_vsnprintf+0x830>
10003f80:	9b0f      	ldr	r3, [sp, #60]	@ 0x3c
10003f82:	4598      	cmp	r8, r3
10003f84:	d900      	bls.n	10003f88 <_vsnprintf+0xa2c>
10003f86:	e714      	b.n	10003db2 <_vsnprintf+0x856>
10003f88:	3301      	adds	r3, #1
10003f8a:	930f      	str	r3, [sp, #60]	@ 0x3c
10003f8c:	e42d      	b.n	100037ea <_vsnprintf+0x28e>
10003f8e:	2310      	movs	r3, #16
10003f90:	0011      	movs	r1, r2
10003f92:	4399      	bics	r1, r3
10003f94:	910d      	str	r1, [sp, #52]	@ 0x34
10003f96:	2869      	cmp	r0, #105	@ 0x69
10003f98:	d000      	beq.n	10003f9c <_vsnprintf+0xa40>
10003f9a:	e0ba      	b.n	10004112 <_vsnprintf+0xbb6>
10003f9c:	2380      	movs	r3, #128	@ 0x80
10003f9e:	0010      	movs	r0, r2
10003fa0:	00db      	lsls	r3, r3, #3
10003fa2:	4018      	ands	r0, r3
10003fa4:	421a      	tst	r2, r3
10003fa6:	d100      	bne.n	10003faa <_vsnprintf+0xa4e>
10003fa8:	e622      	b.n	10003bf0 <_vsnprintf+0x694>
10003faa:	e61d      	b.n	10003be8 <_vsnprintf+0x68c>
10003fac:	9b0c      	ldr	r3, [sp, #48]	@ 0x30
10003fae:	681b      	ldr	r3, [r3, #0]
10003fb0:	0fda      	lsrs	r2, r3, #31
10003fb2:	0011      	movs	r1, r2
10003fb4:	2b00      	cmp	r3, #0
10003fb6:	d100      	bne.n	10003fba <_vsnprintf+0xa5e>
10003fb8:	e08c      	b.n	100040d4 <_vsnprintf+0xb78>
10003fba:	17da      	asrs	r2, r3, #31
10003fbc:	1898      	adds	r0, r3, r2
10003fbe:	4050      	eors	r0, r2
10003fc0:	aa14      	add	r2, sp, #80	@ 0x50
10003fc2:	4691      	mov	r9, r2
10003fc4:	4642      	mov	r2, r8
10003fc6:	231f      	movs	r3, #31
10003fc8:	9214      	str	r2, [sp, #80]	@ 0x50
10003fca:	4652      	mov	r2, sl
10003fcc:	444b      	add	r3, r9
10003fce:	46a0      	mov	r8, r4
10003fd0:	46a9      	mov	r9, r5
10003fd2:	9716      	str	r7, [sp, #88]	@ 0x58
10003fd4:	0004      	movs	r4, r0
10003fd6:	4665      	mov	r5, ip
10003fd8:	46b2      	mov	sl, r6
10003fda:	001f      	movs	r7, r3
10003fdc:	910c      	str	r1, [sp, #48]	@ 0x30
10003fde:	9215      	str	r2, [sp, #84]	@ 0x54
10003fe0:	e001      	b.n	10003fe6 <_vsnprintf+0xa8a>
10003fe2:	2d20      	cmp	r5, #32
10003fe4:	d00f      	beq.n	10004006 <_vsnprintf+0xaaa>
10003fe6:	0020      	movs	r0, r4
10003fe8:	210a      	movs	r1, #10
10003fea:	f7fd fd6b 	bl	10001ac4 <__wrap___aeabi_uidiv>
10003fee:	3501      	adds	r5, #1
10003ff0:	197e      	adds	r6, r7, r5
10003ff2:	3130      	adds	r1, #48	@ 0x30
10003ff4:	7031      	strb	r1, [r6, #0]
10003ff6:	0020      	movs	r0, r4
10003ff8:	210a      	movs	r1, #10
10003ffa:	f7fd fd63 	bl	10001ac4 <__wrap___aeabi_uidiv>
10003ffe:	0026      	movs	r6, r4
10004000:	0004      	movs	r4, r0
10004002:	2e09      	cmp	r6, #9
10004004:	d8ed      	bhi.n	10003fe2 <_vsnprintf+0xa86>
10004006:	9b14      	ldr	r3, [sp, #80]	@ 0x50
10004008:	4644      	mov	r4, r8
1000400a:	4698      	mov	r8, r3
1000400c:	9b0c      	ldr	r3, [sp, #48]	@ 0x30
1000400e:	46ac      	mov	ip, r5
10004010:	0019      	movs	r1, r3
10004012:	9b15      	ldr	r3, [sp, #84]	@ 0x54
10004014:	4656      	mov	r6, sl
10004016:	464d      	mov	r5, r9
10004018:	469a      	mov	sl, r3
1000401a:	9f16      	ldr	r7, [sp, #88]	@ 0x58
1000401c:	9b0d      	ldr	r3, [sp, #52]	@ 0x34
1000401e:	9102      	str	r1, [sp, #8]
10004020:	9306      	str	r3, [sp, #24]
10004022:	4643      	mov	r3, r8
10004024:	9305      	str	r3, [sp, #20]
10004026:	4653      	mov	r3, sl
10004028:	9304      	str	r3, [sp, #16]
1000402a:	230a      	movs	r3, #10
1000402c:	9303      	str	r3, [sp, #12]
1000402e:	4663      	mov	r3, ip
10004030:	e63c      	b.n	10003cac <_vsnprintf+0x750>
10004032:	2800      	cmp	r0, #0
10004034:	d000      	beq.n	10004038 <_vsnprintf+0xadc>
10004036:	e62e      	b.n	10003c96 <_vsnprintf+0x73a>
10004038:	e602      	b.n	10003c40 <_vsnprintf+0x6e4>
1000403a:	9b0c      	ldr	r3, [sp, #48]	@ 0x30
1000403c:	681b      	ldr	r3, [r3, #0]
1000403e:	4699      	mov	r9, r3
10004040:	2b00      	cmp	r3, #0
10004042:	d103      	bne.n	1000404c <_vsnprintf+0xaf0>
10004044:	3310      	adds	r3, #16
10004046:	4398      	bics	r0, r3
10004048:	2900      	cmp	r1, #0
1000404a:	d138      	bne.n	100040be <_vsnprintf+0xb62>
1000404c:	2361      	movs	r3, #97	@ 0x61
1000404e:	0682      	lsls	r2, r0, #26
10004050:	d500      	bpl.n	10004054 <_vsnprintf+0xaf8>
10004052:	2341      	movs	r3, #65	@ 0x41
10004054:	b2db      	uxtb	r3, r3
10004056:	3b0a      	subs	r3, #10
10004058:	930c      	str	r3, [sp, #48]	@ 0x30
1000405a:	4643      	mov	r3, r8
1000405c:	9316      	str	r3, [sp, #88]	@ 0x58
1000405e:	4653      	mov	r3, sl
10004060:	a914      	add	r1, sp, #80	@ 0x50
10004062:	221f      	movs	r2, #31
10004064:	468c      	mov	ip, r1
10004066:	9317      	str	r3, [sp, #92]	@ 0x5c
10004068:	002b      	movs	r3, r5
1000406a:	4462      	add	r2, ip
1000406c:	46a0      	mov	r8, r4
1000406e:	464d      	mov	r5, r9
10004070:	46b2      	mov	sl, r6
10004072:	9718      	str	r7, [sp, #96]	@ 0x60
10004074:	4699      	mov	r9, r3
10004076:	0017      	movs	r7, r2
10004078:	9c14      	ldr	r4, [sp, #80]	@ 0x50
1000407a:	9e0d      	ldr	r6, [sp, #52]	@ 0x34
1000407c:	9015      	str	r0, [sp, #84]	@ 0x54
1000407e:	e008      	b.n	10004092 <_vsnprintf+0xb36>
10004080:	3330      	adds	r3, #48	@ 0x30
10004082:	b2db      	uxtb	r3, r3
10004084:	3401      	adds	r4, #1
10004086:	553b      	strb	r3, [r7, r4]
10004088:	42b5      	cmp	r5, r6
1000408a:	d30e      	bcc.n	100040aa <_vsnprintf+0xb4e>
1000408c:	2c20      	cmp	r4, #32
1000408e:	d00c      	beq.n	100040aa <_vsnprintf+0xb4e>
10004090:	0005      	movs	r5, r0
10004092:	0031      	movs	r1, r6
10004094:	0028      	movs	r0, r5
10004096:	f7fd fd15 	bl	10001ac4 <__wrap___aeabi_uidiv>
1000409a:	b2cb      	uxtb	r3, r1
1000409c:	2909      	cmp	r1, #9
1000409e:	d9ef      	bls.n	10004080 <_vsnprintf+0xb24>
100040a0:	9a0c      	ldr	r2, [sp, #48]	@ 0x30
100040a2:	4694      	mov	ip, r2
100040a4:	4463      	add	r3, ip
100040a6:	b2db      	uxtb	r3, r3
100040a8:	e7ec      	b.n	10004084 <_vsnprintf+0xb28>
100040aa:	9b16      	ldr	r3, [sp, #88]	@ 0x58
100040ac:	9414      	str	r4, [sp, #80]	@ 0x50
100040ae:	4644      	mov	r4, r8
100040b0:	4698      	mov	r8, r3
100040b2:	9b17      	ldr	r3, [sp, #92]	@ 0x5c
100040b4:	4656      	mov	r6, sl
100040b6:	464d      	mov	r5, r9
100040b8:	469a      	mov	sl, r3
100040ba:	9815      	ldr	r0, [sp, #84]	@ 0x54
100040bc:	9f18      	ldr	r7, [sp, #96]	@ 0x60
100040be:	4643      	mov	r3, r8
100040c0:	9305      	str	r3, [sp, #20]
100040c2:	4653      	mov	r3, sl
100040c4:	9304      	str	r3, [sp, #16]
100040c6:	9b0d      	ldr	r3, [sp, #52]	@ 0x34
100040c8:	9006      	str	r0, [sp, #24]
100040ca:	9303      	str	r3, [sp, #12]
100040cc:	2300      	movs	r3, #0
100040ce:	9302      	str	r3, [sp, #8]
100040d0:	9b14      	ldr	r3, [sp, #80]	@ 0x50
100040d2:	e5eb      	b.n	10003cac <_vsnprintf+0x750>
100040d4:	2800      	cmp	r0, #0
100040d6:	d1a1      	bne.n	1000401c <_vsnprintf+0xac0>
100040d8:	e772      	b.n	10003fc0 <_vsnprintf+0xa64>
100040da:	9b0c      	ldr	r3, [sp, #48]	@ 0x30
100040dc:	681b      	ldr	r3, [r3, #0]
100040de:	17d9      	asrs	r1, r3, #31
100040e0:	185a      	adds	r2, r3, r1
100040e2:	404a      	eors	r2, r1
100040e4:	e5a6      	b.n	10003c34 <_vsnprintf+0x6d8>
100040e6:	2380      	movs	r3, #128	@ 0x80
100040e8:	0010      	movs	r0, r2
100040ea:	00db      	lsls	r3, r3, #3
100040ec:	4018      	ands	r0, r3
100040ee:	469c      	mov	ip, r3
100040f0:	900f      	str	r0, [sp, #60]	@ 0x3c
100040f2:	421a      	tst	r2, r3
100040f4:	d00f      	beq.n	10004116 <_vsnprintf+0xbba>
100040f6:	2002      	movs	r0, #2
100040f8:	0003      	movs	r3, r0
100040fa:	4013      	ands	r3, r2
100040fc:	930f      	str	r3, [sp, #60]	@ 0x3c
100040fe:	4210      	tst	r0, r2
10004100:	d019      	beq.n	10004136 <_vsnprintf+0xbda>
10004102:	2300      	movs	r3, #0
10004104:	46a1      	mov	r9, r4
10004106:	930f      	str	r3, [sp, #60]	@ 0x3c
10004108:	e54c      	b.n	10003ba4 <_vsnprintf+0x648>
1000410a:	9b0c      	ldr	r3, [sp, #48]	@ 0x30
1000410c:	681b      	ldr	r3, [r3, #0]
1000410e:	9309      	str	r3, [sp, #36]	@ 0x24
10004110:	e4e4      	b.n	10003adc <_vsnprintf+0x580>
10004112:	000a      	movs	r2, r1
10004114:	e434      	b.n	10003980 <_vsnprintf+0x424>
10004116:	2302      	movs	r3, #2
10004118:	0018      	movs	r0, r3
1000411a:	4010      	ands	r0, r2
1000411c:	900d      	str	r0, [sp, #52]	@ 0x34
1000411e:	4213      	tst	r3, r2
10004120:	d000      	beq.n	10004124 <_vsnprintf+0xbc8>
10004122:	e53e      	b.n	10003ba2 <_vsnprintf+0x646>
10004124:	4643      	mov	r3, r8
10004126:	2b00      	cmp	r3, #0
10004128:	d000      	beq.n	1000412c <_vsnprintf+0xbd0>
1000412a:	e642      	b.n	10003db2 <_vsnprintf+0x856>
1000412c:	f7ff fb71 	bl	10003812 <_vsnprintf+0x2b6>
10004130:	3301      	adds	r3, #1
10004132:	930f      	str	r3, [sp, #60]	@ 0x3c
10004134:	e47f      	b.n	10003a36 <_vsnprintf+0x4da>
10004136:	4663      	mov	r3, ip
10004138:	930d      	str	r3, [sp, #52]	@ 0x34
1000413a:	e7f3      	b.n	10004124 <_vsnprintf+0xbc8>

1000413c <vfctprintf>:
1000413c:	b510      	push	{r4, lr}
1000413e:	000c      	movs	r4, r1
10004140:	b084      	sub	sp, #16
10004142:	9403      	str	r4, [sp, #12]
10004144:	2401      	movs	r4, #1
10004146:	a902      	add	r1, sp, #8
10004148:	9002      	str	r0, [sp, #8]
1000414a:	9300      	str	r3, [sp, #0]
1000414c:	4803      	ldr	r0, [pc, #12]	@ (1000415c <vfctprintf+0x20>)
1000414e:	0013      	movs	r3, r2
10004150:	4262      	negs	r2, r4
10004152:	f7ff fa03 	bl	1000355c <_vsnprintf>
10004156:	b004      	add	sp, #16
10004158:	bd10      	pop	{r4, pc}
1000415a:	46c0      	nop			@ (mov r8, r8)
1000415c:	10002b29 	.word	0x10002b29

10004160 <weak_raw_vprintf>:
10004160:	b510      	push	{r4, lr}
10004162:	4a09      	ldr	r2, [pc, #36]	@ (10004188 <weak_raw_vprintf+0x28>)
10004164:	0003      	movs	r3, r0
10004166:	6814      	ldr	r4, [r2, #0]
10004168:	b084      	sub	sp, #16
1000416a:	2c00      	cmp	r4, #0
1000416c:	d008      	beq.n	10004180 <weak_raw_vprintf+0x20>
1000416e:	2201      	movs	r2, #1
10004170:	9100      	str	r1, [sp, #0]
10004172:	4806      	ldr	r0, [pc, #24]	@ (1000418c <weak_raw_vprintf+0x2c>)
10004174:	4252      	negs	r2, r2
10004176:	a903      	add	r1, sp, #12
10004178:	47a0      	blx	r4
1000417a:	2001      	movs	r0, #1
1000417c:	b004      	add	sp, #16
1000417e:	bd10      	pop	{r4, pc}
10004180:	f000 f99a 	bl	100044b8 <__wrap_puts>
10004184:	2000      	movs	r0, #0
10004186:	e7f9      	b.n	1000417c <weak_raw_vprintf+0x1c>
10004188:	20001d20 	.word	0x20001d20
1000418c:	10002b19 	.word	0x10002b19

10004190 <_exit>:
10004190:	be00      	bkpt	0x0000
10004192:	e7fd      	b.n	10004190 <_exit>

10004194 <exit>:
10004194:	b510      	push	{r4, lr}
10004196:	f7ff fffb 	bl	10004190 <_exit>
1000419a:	46c0      	nop			@ (mov r8, r8)

1000419c <runtime_init>:
1000419c:	b570      	push	{r4, r5, r6, lr}
1000419e:	f7fd fb45 	bl	1000182c <runtime_run_initializers>
100041a2:	4d07      	ldr	r5, [pc, #28]	@ (100041c0 <runtime_init+0x24>)
100041a4:	4e07      	ldr	r6, [pc, #28]	@ (100041c4 <runtime_init+0x28>)
100041a6:	42b5      	cmp	r5, r6
100041a8:	d209      	bcs.n	100041be <runtime_init+0x22>
100041aa:	2400      	movs	r4, #0
100041ac:	3e01      	subs	r6, #1
100041ae:	1b76      	subs	r6, r6, r5
100041b0:	08b6      	lsrs	r6, r6, #2
100041b2:	cd08      	ldmia	r5!, {r3}
100041b4:	4798      	blx	r3
100041b6:	0023      	movs	r3, r4
100041b8:	3401      	adds	r4, #1
100041ba:	42b3      	cmp	r3, r6
100041bc:	d1f9      	bne.n	100041b2 <runtime_init+0x16>
100041be:	bd70      	pop	{r4, r5, r6, pc}
100041c0:	10006a04 	.word	0x10006a04
100041c4:	10006a10 	.word	0x10006a10

100041c8 <stdio_out_chars_no_crlf>:
100041c8:	0003      	movs	r3, r0
100041ca:	b510      	push	{r4, lr}
100041cc:	0008      	movs	r0, r1
100041ce:	0011      	movs	r1, r2
100041d0:	681b      	ldr	r3, [r3, #0]
100041d2:	4798      	blx	r3
100041d4:	bd10      	pop	{r4, pc}
100041d6:	46c0      	nop			@ (mov r8, r8)

100041d8 <stdio_out_chars_crlf>:
100041d8:	b5f0      	push	{r4, r5, r6, r7, lr}
100041da:	46c6      	mov	lr, r8
100041dc:	b500      	push	{lr}
100041de:	7d43      	ldrb	r3, [r0, #21]
100041e0:	0007      	movs	r7, r0
100041e2:	000c      	movs	r4, r1
100041e4:	0016      	movs	r6, r2
100041e6:	2b00      	cmp	r3, #0
100041e8:	d046      	beq.n	10004278 <stdio_out_chars_crlf+0xa0>
100041ea:	2a00      	cmp	r2, #0
100041ec:	dd17      	ble.n	1000421e <stdio_out_chars_crlf+0x46>
100041ee:	780b      	ldrb	r3, [r1, #0]
100041f0:	2b0a      	cmp	r3, #10
100041f2:	d024      	beq.n	1000423e <stdio_out_chars_crlf+0x66>
100041f4:	2300      	movs	r3, #0
100041f6:	4698      	mov	r8, r3
100041f8:	2e01      	cmp	r6, #1
100041fa:	d013      	beq.n	10004224 <stdio_out_chars_crlf+0x4c>
100041fc:	2501      	movs	r5, #1
100041fe:	0029      	movs	r1, r5
10004200:	5c63      	ldrb	r3, [r4, r1]
10004202:	3501      	adds	r5, #1
10004204:	2b0a      	cmp	r3, #10
10004206:	d026      	beq.n	10004256 <stdio_out_chars_crlf+0x7e>
10004208:	42b5      	cmp	r5, r6
1000420a:	d1f8      	bne.n	100041fe <stdio_out_chars_crlf+0x26>
1000420c:	4546      	cmp	r6, r8
1000420e:	dc09      	bgt.n	10004224 <stdio_out_chars_crlf+0x4c>
10004210:	19a4      	adds	r4, r4, r6
10004212:	3c01      	subs	r4, #1
10004214:	7823      	ldrb	r3, [r4, #0]
10004216:	3b0d      	subs	r3, #13
10004218:	425a      	negs	r2, r3
1000421a:	4153      	adcs	r3, r2
1000421c:	753b      	strb	r3, [r7, #20]
1000421e:	bc80      	pop	{r7}
10004220:	46b8      	mov	r8, r7
10004222:	bdf0      	pop	{r4, r5, r6, r7, pc}
10004224:	4643      	mov	r3, r8
10004226:	18e0      	adds	r0, r4, r3
10004228:	19a4      	adds	r4, r4, r6
1000422a:	1af1      	subs	r1, r6, r3
1000422c:	3c01      	subs	r4, #1
1000422e:	683b      	ldr	r3, [r7, #0]
10004230:	4798      	blx	r3
10004232:	7823      	ldrb	r3, [r4, #0]
10004234:	3b0d      	subs	r3, #13
10004236:	425a      	negs	r2, r3
10004238:	4153      	adcs	r3, r2
1000423a:	753b      	strb	r3, [r7, #20]
1000423c:	e7ef      	b.n	1000421e <stdio_out_chars_crlf+0x46>
1000423e:	7d03      	ldrb	r3, [r0, #20]
10004240:	2b00      	cmp	r3, #0
10004242:	d1d7      	bne.n	100041f4 <stdio_out_chars_crlf+0x1c>
10004244:	2102      	movs	r1, #2
10004246:	480f      	ldr	r0, [pc, #60]	@ (10004284 <stdio_out_chars_crlf+0xac>)
10004248:	683b      	ldr	r3, [r7, #0]
1000424a:	4798      	blx	r3
1000424c:	2e01      	cmp	r6, #1
1000424e:	d0df      	beq.n	10004210 <stdio_out_chars_crlf+0x38>
10004250:	2301      	movs	r3, #1
10004252:	4698      	mov	r8, r3
10004254:	e7d2      	b.n	100041fc <stdio_out_chars_crlf+0x24>
10004256:	1e63      	subs	r3, r4, #1
10004258:	5c5b      	ldrb	r3, [r3, r1]
1000425a:	2b0d      	cmp	r3, #13
1000425c:	d0d4      	beq.n	10004208 <stdio_out_chars_crlf+0x30>
1000425e:	4588      	cmp	r8, r1
10004260:	da04      	bge.n	1000426c <stdio_out_chars_crlf+0x94>
10004262:	4643      	mov	r3, r8
10004264:	1ac9      	subs	r1, r1, r3
10004266:	18e0      	adds	r0, r4, r3
10004268:	683b      	ldr	r3, [r7, #0]
1000426a:	4798      	blx	r3
1000426c:	2102      	movs	r1, #2
1000426e:	4805      	ldr	r0, [pc, #20]	@ (10004284 <stdio_out_chars_crlf+0xac>)
10004270:	683b      	ldr	r3, [r7, #0]
10004272:	46a8      	mov	r8, r5
10004274:	4798      	blx	r3
10004276:	e7c7      	b.n	10004208 <stdio_out_chars_crlf+0x30>
10004278:	6803      	ldr	r3, [r0, #0]
1000427a:	0011      	movs	r1, r2
1000427c:	0020      	movs	r0, r4
1000427e:	4798      	blx	r3
10004280:	e7cd      	b.n	1000421e <stdio_out_chars_crlf+0x46>
10004282:	46c0      	nop			@ (mov r8, r8)
10004284:	10006fa0 	.word	0x10006fa0

10004288 <stdio_buffered_printer>:
10004288:	b5f0      	push	{r4, r5, r6, r7, lr}
1000428a:	46c6      	mov	lr, r8
1000428c:	680b      	ldr	r3, [r1, #0]
1000428e:	0006      	movs	r6, r0
10004290:	000c      	movs	r4, r1
10004292:	b500      	push	{lr}
10004294:	2b80      	cmp	r3, #128	@ 0x80
10004296:	d006      	beq.n	100042a6 <stdio_buffered_printer+0x1e>
10004298:	1c5a      	adds	r2, r3, #1
1000429a:	6022      	str	r2, [r4, #0]
1000429c:	18e4      	adds	r4, r4, r3
1000429e:	7126      	strb	r6, [r4, #4]
100042a0:	bc80      	pop	{r7}
100042a2:	46b8      	mov	r8, r7
100042a4:	bdf0      	pop	{r4, r5, r6, r7, pc}
100042a6:	4b0f      	ldr	r3, [pc, #60]	@ (100042e4 <stdio_buffered_printer+0x5c>)
100042a8:	681d      	ldr	r5, [r3, #0]
100042aa:	2d00      	cmp	r5, #0
100042ac:	d016      	beq.n	100042dc <stdio_buffered_printer+0x54>
100042ae:	1d0b      	adds	r3, r1, #4
100042b0:	4698      	mov	r8, r3
100042b2:	4f0d      	ldr	r7, [pc, #52]	@ (100042e8 <stdio_buffered_printer+0x60>)
100042b4:	e002      	b.n	100042bc <stdio_buffered_printer+0x34>
100042b6:	692d      	ldr	r5, [r5, #16]
100042b8:	2d00      	cmp	r5, #0
100042ba:	d00f      	beq.n	100042dc <stdio_buffered_printer+0x54>
100042bc:	682b      	ldr	r3, [r5, #0]
100042be:	2b00      	cmp	r3, #0
100042c0:	d0f9      	beq.n	100042b6 <stdio_buffered_printer+0x2e>
100042c2:	683b      	ldr	r3, [r7, #0]
100042c4:	2b00      	cmp	r3, #0
100042c6:	d001      	beq.n	100042cc <stdio_buffered_printer+0x44>
100042c8:	42ab      	cmp	r3, r5
100042ca:	d1f4      	bne.n	100042b6 <stdio_buffered_printer+0x2e>
100042cc:	0028      	movs	r0, r5
100042ce:	4641      	mov	r1, r8
100042d0:	6822      	ldr	r2, [r4, #0]
100042d2:	f7ff ff81 	bl	100041d8 <stdio_out_chars_crlf>
100042d6:	692d      	ldr	r5, [r5, #16]
100042d8:	2d00      	cmp	r5, #0
100042da:	d1ef      	bne.n	100042bc <stdio_buffered_printer+0x34>
100042dc:	2201      	movs	r2, #1
100042de:	2300      	movs	r3, #0
100042e0:	e7db      	b.n	1000429a <stdio_buffered_printer+0x12>
100042e2:	46c0      	nop			@ (mov r8, r8)
100042e4:	2000190c 	.word	0x2000190c
100042e8:	20001914 	.word	0x20001914

100042ec <stdio_put_string>:
100042ec:	b5f0      	push	{r4, r5, r6, r7, lr}
100042ee:	4645      	mov	r5, r8
100042f0:	46de      	mov	lr, fp
100042f2:	464e      	mov	r6, r9
100042f4:	4657      	mov	r7, sl
100042f6:	b5e0      	push	{r5, r6, r7, lr}
100042f8:	b083      	sub	sp, #12
100042fa:	4691      	mov	r9, r2
100042fc:	001c      	movs	r4, r3
100042fe:	4680      	mov	r8, r0
10004300:	000d      	movs	r5, r1
10004302:	f7fd f829 	bl	10001358 <time_us_64>
10004306:	2300      	movs	r3, #0
10004308:	4a30      	ldr	r2, [pc, #192]	@ (100043cc <stdio_put_string+0xe0>)
1000430a:	1812      	adds	r2, r2, r0
1000430c:	414b      	adcs	r3, r1
1000430e:	2b00      	cmp	r3, #0
10004310:	da02      	bge.n	10004318 <stdio_put_string+0x2c>
10004312:	2201      	movs	r2, #1
10004314:	4b2e      	ldr	r3, [pc, #184]	@ (100043d0 <stdio_put_string+0xe4>)
10004316:	4252      	negs	r2, r2
10004318:	492e      	ldr	r1, [pc, #184]	@ (100043d4 <stdio_put_string+0xe8>)
1000431a:	0008      	movs	r0, r1
1000431c:	468a      	mov	sl, r1
1000431e:	f002 fb3b 	bl	10006998 <__mutex_try_enter_block_until_veneer>
10004322:	0007      	movs	r7, r0
10004324:	1c6b      	adds	r3, r5, #1
10004326:	d103      	bne.n	10004330 <stdio_put_string+0x44>
10004328:	4640      	mov	r0, r8
1000432a:	f002 fa5b 	bl	100067e4 <strlen>
1000432e:	0005      	movs	r5, r0
10004330:	2c00      	cmp	r4, #0
10004332:	d027      	beq.n	10004384 <stdio_put_string+0x98>
10004334:	4e28      	ldr	r6, [pc, #160]	@ (100043d8 <stdio_put_string+0xec>)
10004336:	4b29      	ldr	r3, [pc, #164]	@ (100043dc <stdio_put_string+0xf0>)
10004338:	681c      	ldr	r4, [r3, #0]
1000433a:	2c00      	cmp	r4, #0
1000433c:	d018      	beq.n	10004370 <stdio_put_string+0x84>
1000433e:	464b      	mov	r3, r9
10004340:	2b00      	cmp	r3, #0
10004342:	d121      	bne.n	10004388 <stdio_put_string+0x9c>
10004344:	4b26      	ldr	r3, [pc, #152]	@ (100043e0 <stdio_put_string+0xf4>)
10004346:	4699      	mov	r9, r3
10004348:	e002      	b.n	10004350 <stdio_put_string+0x64>
1000434a:	6924      	ldr	r4, [r4, #16]
1000434c:	2c00      	cmp	r4, #0
1000434e:	d00f      	beq.n	10004370 <stdio_put_string+0x84>
10004350:	6823      	ldr	r3, [r4, #0]
10004352:	2b00      	cmp	r3, #0
10004354:	d0f9      	beq.n	1000434a <stdio_put_string+0x5e>
10004356:	464b      	mov	r3, r9
10004358:	681b      	ldr	r3, [r3, #0]
1000435a:	2b00      	cmp	r3, #0
1000435c:	d001      	beq.n	10004362 <stdio_put_string+0x76>
1000435e:	429c      	cmp	r4, r3
10004360:	d1f3      	bne.n	1000434a <stdio_put_string+0x5e>
10004362:	0020      	movs	r0, r4
10004364:	002a      	movs	r2, r5
10004366:	4641      	mov	r1, r8
10004368:	47b0      	blx	r6
1000436a:	6924      	ldr	r4, [r4, #16]
1000436c:	2c00      	cmp	r4, #0
1000436e:	d1ef      	bne.n	10004350 <stdio_put_string+0x64>
10004370:	2f00      	cmp	r7, #0
10004372:	d126      	bne.n	100043c2 <stdio_put_string+0xd6>
10004374:	0028      	movs	r0, r5
10004376:	b003      	add	sp, #12
10004378:	bcf0      	pop	{r4, r5, r6, r7}
1000437a:	46bb      	mov	fp, r7
1000437c:	46b2      	mov	sl, r6
1000437e:	46a9      	mov	r9, r5
10004380:	46a0      	mov	r8, r4
10004382:	bdf0      	pop	{r4, r5, r6, r7, pc}
10004384:	4e17      	ldr	r6, [pc, #92]	@ (100043e4 <stdio_put_string+0xf8>)
10004386:	e7d6      	b.n	10004336 <stdio_put_string+0x4a>
10004388:	4b15      	ldr	r3, [pc, #84]	@ (100043e0 <stdio_put_string+0xf4>)
1000438a:	4699      	mov	r9, r3
1000438c:	230a      	movs	r3, #10
1000438e:	469b      	mov	fp, r3
10004390:	e002      	b.n	10004398 <stdio_put_string+0xac>
10004392:	6924      	ldr	r4, [r4, #16]
10004394:	2c00      	cmp	r4, #0
10004396:	d0eb      	beq.n	10004370 <stdio_put_string+0x84>
10004398:	6823      	ldr	r3, [r4, #0]
1000439a:	2b00      	cmp	r3, #0
1000439c:	d0f9      	beq.n	10004392 <stdio_put_string+0xa6>
1000439e:	464b      	mov	r3, r9
100043a0:	681b      	ldr	r3, [r3, #0]
100043a2:	2b00      	cmp	r3, #0
100043a4:	d001      	beq.n	100043aa <stdio_put_string+0xbe>
100043a6:	42a3      	cmp	r3, r4
100043a8:	d1f3      	bne.n	10004392 <stdio_put_string+0xa6>
100043aa:	002a      	movs	r2, r5
100043ac:	4641      	mov	r1, r8
100043ae:	0020      	movs	r0, r4
100043b0:	47b0      	blx	r6
100043b2:	466b      	mov	r3, sp
100043b4:	465a      	mov	r2, fp
100043b6:	0020      	movs	r0, r4
100043b8:	71da      	strb	r2, [r3, #7]
100043ba:	1dd9      	adds	r1, r3, #7
100043bc:	2201      	movs	r2, #1
100043be:	47b0      	blx	r6
100043c0:	e7e7      	b.n	10004392 <stdio_put_string+0xa6>
100043c2:	4650      	mov	r0, sl
100043c4:	f002 fab8 	bl	10006938 <__mutex_exit_veneer>
100043c8:	e7d4      	b.n	10004374 <stdio_put_string+0x88>
100043ca:	46c0      	nop			@ (mov r8, r8)
100043cc:	000f4240 	.word	0x000f4240
100043d0:	7fffffff 	.word	0x7fffffff
100043d4:	2000109c 	.word	0x2000109c
100043d8:	100041d9 	.word	0x100041d9
100043dc:	2000190c 	.word	0x2000190c
100043e0:	20001914 	.word	0x20001914
100043e4:	100041c9 	.word	0x100041c9

100043e8 <stdio_set_driver_enabled>:
100043e8:	4a0a      	ldr	r2, [pc, #40]	@ (10004414 <stdio_set_driver_enabled+0x2c>)
100043ea:	6813      	ldr	r3, [r2, #0]
100043ec:	2b00      	cmp	r3, #0
100043ee:	d105      	bne.n	100043fc <stdio_set_driver_enabled+0x14>
100043f0:	e00c      	b.n	1000440c <stdio_set_driver_enabled+0x24>
100043f2:	001a      	movs	r2, r3
100043f4:	691b      	ldr	r3, [r3, #16]
100043f6:	3210      	adds	r2, #16
100043f8:	2b00      	cmp	r3, #0
100043fa:	d007      	beq.n	1000440c <stdio_set_driver_enabled+0x24>
100043fc:	4283      	cmp	r3, r0
100043fe:	d1f8      	bne.n	100043f2 <stdio_set_driver_enabled+0xa>
10004400:	2900      	cmp	r1, #0
10004402:	d102      	bne.n	1000440a <stdio_set_driver_enabled+0x22>
10004404:	6918      	ldr	r0, [r3, #16]
10004406:	6010      	str	r0, [r2, #0]
10004408:	6119      	str	r1, [r3, #16]
1000440a:	4770      	bx	lr
1000440c:	2900      	cmp	r1, #0
1000440e:	d0fc      	beq.n	1000440a <stdio_set_driver_enabled+0x22>
10004410:	6010      	str	r0, [r2, #0]
10004412:	e7fa      	b.n	1000440a <stdio_set_driver_enabled+0x22>
10004414:	2000190c 	.word	0x2000190c

10004418 <stdio_init_all>:
10004418:	b510      	push	{r4, lr}
1000441a:	f000 f9ab 	bl	10004774 <stdio_uart_init>
1000441e:	2001      	movs	r0, #1
10004420:	bd10      	pop	{r4, pc}
10004422:	46c0      	nop			@ (mov r8, r8)

10004424 <__wrap_putchar>:
10004424:	b5f0      	push	{r4, r5, r6, r7, lr}
10004426:	46ce      	mov	lr, r9
10004428:	4647      	mov	r7, r8
1000442a:	b580      	push	{r7, lr}
1000442c:	b083      	sub	sp, #12
1000442e:	466b      	mov	r3, sp
10004430:	0006      	movs	r6, r0
10004432:	1ddd      	adds	r5, r3, #7
10004434:	7028      	strb	r0, [r5, #0]
10004436:	f7fc ff8f 	bl	10001358 <time_us_64>
1000443a:	2300      	movs	r3, #0
1000443c:	4a19      	ldr	r2, [pc, #100]	@ (100044a4 <__wrap_putchar+0x80>)
1000443e:	1812      	adds	r2, r2, r0
10004440:	414b      	adcs	r3, r1
10004442:	2b00      	cmp	r3, #0
10004444:	da02      	bge.n	1000444c <__wrap_putchar+0x28>
10004446:	2201      	movs	r2, #1
10004448:	4b17      	ldr	r3, [pc, #92]	@ (100044a8 <__wrap_putchar+0x84>)
1000444a:	4252      	negs	r2, r2
1000444c:	4917      	ldr	r1, [pc, #92]	@ (100044ac <__wrap_putchar+0x88>)
1000444e:	0008      	movs	r0, r1
10004450:	4688      	mov	r8, r1
10004452:	f002 faa1 	bl	10006998 <__mutex_try_enter_block_until_veneer>
10004456:	4b16      	ldr	r3, [pc, #88]	@ (100044b0 <__wrap_putchar+0x8c>)
10004458:	4681      	mov	r9, r0
1000445a:	681c      	ldr	r4, [r3, #0]
1000445c:	2c00      	cmp	r4, #0
1000445e:	d014      	beq.n	1000448a <__wrap_putchar+0x66>
10004460:	4f14      	ldr	r7, [pc, #80]	@ (100044b4 <__wrap_putchar+0x90>)
10004462:	e002      	b.n	1000446a <__wrap_putchar+0x46>
10004464:	6924      	ldr	r4, [r4, #16]
10004466:	2c00      	cmp	r4, #0
10004468:	d00f      	beq.n	1000448a <__wrap_putchar+0x66>
1000446a:	6823      	ldr	r3, [r4, #0]
1000446c:	2b00      	cmp	r3, #0
1000446e:	d0f9      	beq.n	10004464 <__wrap_putchar+0x40>
10004470:	683b      	ldr	r3, [r7, #0]
10004472:	2b00      	cmp	r3, #0
10004474:	d001      	beq.n	1000447a <__wrap_putchar+0x56>
10004476:	429c      	cmp	r4, r3
10004478:	d1f4      	bne.n	10004464 <__wrap_putchar+0x40>
1000447a:	0020      	movs	r0, r4
1000447c:	2201      	movs	r2, #1
1000447e:	0029      	movs	r1, r5
10004480:	f7ff feaa 	bl	100041d8 <stdio_out_chars_crlf>
10004484:	6924      	ldr	r4, [r4, #16]
10004486:	2c00      	cmp	r4, #0
10004488:	d1ef      	bne.n	1000446a <__wrap_putchar+0x46>
1000448a:	464b      	mov	r3, r9
1000448c:	2b00      	cmp	r3, #0
1000448e:	d105      	bne.n	1000449c <__wrap_putchar+0x78>
10004490:	0030      	movs	r0, r6
10004492:	b003      	add	sp, #12
10004494:	bcc0      	pop	{r6, r7}
10004496:	46b9      	mov	r9, r7
10004498:	46b0      	mov	r8, r6
1000449a:	bdf0      	pop	{r4, r5, r6, r7, pc}
1000449c:	4640      	mov	r0, r8
1000449e:	f002 fa4b 	bl	10006938 <__mutex_exit_veneer>
100044a2:	e7f5      	b.n	10004490 <__wrap_putchar+0x6c>
100044a4:	000f4240 	.word	0x000f4240
100044a8:	7fffffff 	.word	0x7fffffff
100044ac:	2000109c 	.word	0x2000109c
100044b0:	2000190c 	.word	0x2000190c
100044b4:	20001914 	.word	0x20001914

100044b8 <__wrap_puts>:
100044b8:	b570      	push	{r4, r5, r6, lr}
100044ba:	0004      	movs	r4, r0
100044bc:	f002 f992 	bl	100067e4 <strlen>
100044c0:	2301      	movs	r3, #1
100044c2:	0001      	movs	r1, r0
100044c4:	0005      	movs	r5, r0
100044c6:	2201      	movs	r2, #1
100044c8:	0020      	movs	r0, r4
100044ca:	f7ff ff0f 	bl	100042ec <stdio_put_string>
100044ce:	4b08      	ldr	r3, [pc, #32]	@ (100044f0 <__wrap_puts+0x38>)
100044d0:	681c      	ldr	r4, [r3, #0]
100044d2:	2c00      	cmp	r4, #0
100044d4:	d006      	beq.n	100044e4 <__wrap_puts+0x2c>
100044d6:	6863      	ldr	r3, [r4, #4]
100044d8:	2b00      	cmp	r3, #0
100044da:	d005      	beq.n	100044e8 <__wrap_puts+0x30>
100044dc:	4798      	blx	r3
100044de:	6924      	ldr	r4, [r4, #16]
100044e0:	2c00      	cmp	r4, #0
100044e2:	d1f8      	bne.n	100044d6 <__wrap_puts+0x1e>
100044e4:	0028      	movs	r0, r5
100044e6:	bd70      	pop	{r4, r5, r6, pc}
100044e8:	6924      	ldr	r4, [r4, #16]
100044ea:	2c00      	cmp	r4, #0
100044ec:	d1f3      	bne.n	100044d6 <__wrap_puts+0x1e>
100044ee:	e7f9      	b.n	100044e4 <__wrap_puts+0x2c>
100044f0:	2000190c 	.word	0x2000190c

100044f4 <__wrap_vprintf>:
100044f4:	b5f0      	push	{r4, r5, r6, r7, lr}
100044f6:	46ce      	mov	lr, r9
100044f8:	4647      	mov	r7, r8
100044fa:	b580      	push	{r7, lr}
100044fc:	b0a3      	sub	sp, #140	@ 0x8c
100044fe:	0004      	movs	r4, r0
10004500:	000d      	movs	r5, r1
10004502:	f7fc ff29 	bl	10001358 <time_us_64>
10004506:	2300      	movs	r3, #0
10004508:	4a27      	ldr	r2, [pc, #156]	@ (100045a8 <__wrap_vprintf+0xb4>)
1000450a:	1812      	adds	r2, r2, r0
1000450c:	414b      	adcs	r3, r1
1000450e:	2b00      	cmp	r3, #0
10004510:	da02      	bge.n	10004518 <__wrap_vprintf+0x24>
10004512:	2201      	movs	r2, #1
10004514:	4b25      	ldr	r3, [pc, #148]	@ (100045ac <__wrap_vprintf+0xb8>)
10004516:	4252      	negs	r2, r2
10004518:	4e25      	ldr	r6, [pc, #148]	@ (100045b0 <__wrap_vprintf+0xbc>)
1000451a:	0030      	movs	r0, r6
1000451c:	f002 fa3c 	bl	10006998 <__mutex_try_enter_block_until_veneer>
10004520:	2300      	movs	r3, #0
10004522:	0022      	movs	r2, r4
10004524:	9301      	str	r3, [sp, #4]
10004526:	0007      	movs	r7, r0
10004528:	002b      	movs	r3, r5
1000452a:	4822      	ldr	r0, [pc, #136]	@ (100045b4 <__wrap_vprintf+0xc0>)
1000452c:	a901      	add	r1, sp, #4
1000452e:	f7ff fe05 	bl	1000413c <vfctprintf>
10004532:	4b21      	ldr	r3, [pc, #132]	@ (100045b8 <__wrap_vprintf+0xc4>)
10004534:	4680      	mov	r8, r0
10004536:	4699      	mov	r9, r3
10004538:	681c      	ldr	r4, [r3, #0]
1000453a:	9b01      	ldr	r3, [sp, #4]
1000453c:	2b00      	cmp	r3, #0
1000453e:	d01a      	beq.n	10004576 <__wrap_vprintf+0x82>
10004540:	2c00      	cmp	r4, #0
10004542:	d02f      	beq.n	100045a4 <__wrap_vprintf+0xb0>
10004544:	4d1d      	ldr	r5, [pc, #116]	@ (100045bc <__wrap_vprintf+0xc8>)
10004546:	e002      	b.n	1000454e <__wrap_vprintf+0x5a>
10004548:	6924      	ldr	r4, [r4, #16]
1000454a:	2c00      	cmp	r4, #0
1000454c:	d00f      	beq.n	1000456e <__wrap_vprintf+0x7a>
1000454e:	6823      	ldr	r3, [r4, #0]
10004550:	2b00      	cmp	r3, #0
10004552:	d0f9      	beq.n	10004548 <__wrap_vprintf+0x54>
10004554:	682b      	ldr	r3, [r5, #0]
10004556:	2b00      	cmp	r3, #0
10004558:	d001      	beq.n	1000455e <__wrap_vprintf+0x6a>
1000455a:	42a3      	cmp	r3, r4
1000455c:	d1f4      	bne.n	10004548 <__wrap_vprintf+0x54>
1000455e:	0020      	movs	r0, r4
10004560:	9a01      	ldr	r2, [sp, #4]
10004562:	a902      	add	r1, sp, #8
10004564:	f7ff fe38 	bl	100041d8 <stdio_out_chars_crlf>
10004568:	6924      	ldr	r4, [r4, #16]
1000456a:	2c00      	cmp	r4, #0
1000456c:	d1ef      	bne.n	1000454e <__wrap_vprintf+0x5a>
1000456e:	464b      	mov	r3, r9
10004570:	681c      	ldr	r4, [r3, #0]
10004572:	2300      	movs	r3, #0
10004574:	9301      	str	r3, [sp, #4]
10004576:	2c00      	cmp	r4, #0
10004578:	d006      	beq.n	10004588 <__wrap_vprintf+0x94>
1000457a:	6863      	ldr	r3, [r4, #4]
1000457c:	2b00      	cmp	r3, #0
1000457e:	d00b      	beq.n	10004598 <__wrap_vprintf+0xa4>
10004580:	4798      	blx	r3
10004582:	6924      	ldr	r4, [r4, #16]
10004584:	2c00      	cmp	r4, #0
10004586:	d1f8      	bne.n	1000457a <__wrap_vprintf+0x86>
10004588:	2f00      	cmp	r7, #0
1000458a:	d107      	bne.n	1000459c <__wrap_vprintf+0xa8>
1000458c:	4640      	mov	r0, r8
1000458e:	b023      	add	sp, #140	@ 0x8c
10004590:	bcc0      	pop	{r6, r7}
10004592:	46b9      	mov	r9, r7
10004594:	46b0      	mov	r8, r6
10004596:	bdf0      	pop	{r4, r5, r6, r7, pc}
10004598:	6924      	ldr	r4, [r4, #16]
1000459a:	e7ec      	b.n	10004576 <__wrap_vprintf+0x82>
1000459c:	0030      	movs	r0, r6
1000459e:	f002 f9cb 	bl	10006938 <__mutex_exit_veneer>
100045a2:	e7f3      	b.n	1000458c <__wrap_vprintf+0x98>
100045a4:	9401      	str	r4, [sp, #4]
100045a6:	e7ef      	b.n	10004588 <__wrap_vprintf+0x94>
100045a8:	000f4240 	.word	0x000f4240
100045ac:	7fffffff 	.word	0x7fffffff
100045b0:	2000109c 	.word	0x2000109c
100045b4:	10004289 	.word	0x10004289
100045b8:	2000190c 	.word	0x2000190c
100045bc:	20001914 	.word	0x20001914

100045c0 <__wrap_printf>:
100045c0:	b40f      	push	{r0, r1, r2, r3}
100045c2:	b500      	push	{lr}
100045c4:	b083      	sub	sp, #12
100045c6:	a904      	add	r1, sp, #16
100045c8:	c901      	ldmia	r1!, {r0}
100045ca:	9101      	str	r1, [sp, #4]
100045cc:	f7ff ff92 	bl	100044f4 <__wrap_vprintf>
100045d0:	b003      	add	sp, #12
100045d2:	bc08      	pop	{r3}
100045d4:	b004      	add	sp, #16
100045d6:	4718      	bx	r3

100045d8 <stdio_uart_out_chars>:
100045d8:	b5f0      	push	{r4, r5, r6, r7, lr}
100045da:	2900      	cmp	r1, #0
100045dc:	dd15      	ble.n	1000460a <stdio_uart_out_chars+0x32>
100045de:	4b0e      	ldr	r3, [pc, #56]	@ (10004618 <stdio_uart_out_chars+0x40>)
100045e0:	270d      	movs	r7, #13
100045e2:	681a      	ldr	r2, [r3, #0]
100045e4:	4b0d      	ldr	r3, [pc, #52]	@ (1000461c <stdio_uart_out_chars+0x44>)
100045e6:	4c0e      	ldr	r4, [pc, #56]	@ (10004620 <stdio_uart_out_chars+0x48>)
100045e8:	18d3      	adds	r3, r2, r3
100045ea:	425d      	negs	r5, r3
100045ec:	416b      	adcs	r3, r5
100045ee:	1845      	adds	r5, r0, r1
100045f0:	2120      	movs	r1, #32
100045f2:	005b      	lsls	r3, r3, #1
100045f4:	5f1e      	ldrsh	r6, [r3, r4]
100045f6:	7804      	ldrb	r4, [r0, #0]
100045f8:	42a6      	cmp	r6, r4
100045fa:	d007      	beq.n	1000460c <stdio_uart_out_chars+0x34>
100045fc:	6993      	ldr	r3, [r2, #24]
100045fe:	4219      	tst	r1, r3
10004600:	d1fc      	bne.n	100045fc <stdio_uart_out_chars+0x24>
10004602:	3001      	adds	r0, #1
10004604:	6014      	str	r4, [r2, #0]
10004606:	42a8      	cmp	r0, r5
10004608:	d1f5      	bne.n	100045f6 <stdio_uart_out_chars+0x1e>
1000460a:	bdf0      	pop	{r4, r5, r6, r7, pc}
1000460c:	6993      	ldr	r3, [r2, #24]
1000460e:	4219      	tst	r1, r3
10004610:	d1fc      	bne.n	1000460c <stdio_uart_out_chars+0x34>
10004612:	6017      	str	r7, [r2, #0]
10004614:	e7f2      	b.n	100045fc <stdio_uart_out_chars+0x24>
10004616:	46c0      	nop			@ (mov r8, r8)
10004618:	20001d68 	.word	0x20001d68
1000461c:	bffc8000 	.word	0xbffc8000
10004620:	20001d64 	.word	0x20001d64

10004624 <stdio_uart_in_chars>:
10004624:	4b20      	ldr	r3, [pc, #128]	@ (100046a8 <stdio_uart_in_chars+0x84>)
10004626:	b570      	push	{r4, r5, r6, lr}
10004628:	0004      	movs	r4, r0
1000462a:	1e0d      	subs	r5, r1, #0
1000462c:	681e      	ldr	r6, [r3, #0]
1000462e:	dd2a      	ble.n	10004686 <stdio_uart_in_chars+0x62>
10004630:	2000      	movs	r0, #0
10004632:	2110      	movs	r1, #16
10004634:	4b1d      	ldr	r3, [pc, #116]	@ (100046ac <stdio_uart_in_chars+0x88>)
10004636:	3c01      	subs	r4, #1
10004638:	681a      	ldr	r2, [r3, #0]
1000463a:	6993      	ldr	r3, [r2, #24]
1000463c:	4219      	tst	r1, r3
1000463e:	d114      	bne.n	1000466a <stdio_uart_in_chars+0x46>
10004640:	3001      	adds	r0, #1
10004642:	6993      	ldr	r3, [r2, #24]
10004644:	4219      	tst	r1, r3
10004646:	d1fc      	bne.n	10004642 <stdio_uart_in_chars+0x1e>
10004648:	6813      	ldr	r3, [r2, #0]
1000464a:	5423      	strb	r3, [r4, r0]
1000464c:	4285      	cmp	r5, r0
1000464e:	d1f4      	bne.n	1000463a <stdio_uart_in_chars+0x16>
10004650:	2e00      	cmp	r6, #0
10004652:	d008      	beq.n	10004666 <stdio_uart_in_chars+0x42>
10004654:	2350      	movs	r3, #80	@ 0x50
10004656:	6393      	str	r3, [r2, #56]	@ 0x38
10004658:	6b51      	ldr	r1, [r2, #52]	@ 0x34
1000465a:	3b18      	subs	r3, #24
1000465c:	400b      	ands	r3, r1
1000465e:	4914      	ldr	r1, [pc, #80]	@ (100046b0 <stdio_uart_in_chars+0x8c>)
10004660:	468c      	mov	ip, r1
10004662:	4462      	add	r2, ip
10004664:	6013      	str	r3, [r2, #0]
10004666:	0028      	movs	r0, r5
10004668:	bd70      	pop	{r4, r5, r6, pc}
1000466a:	2e00      	cmp	r6, #0
1000466c:	d008      	beq.n	10004680 <stdio_uart_in_chars+0x5c>
1000466e:	2350      	movs	r3, #80	@ 0x50
10004670:	6393      	str	r3, [r2, #56]	@ 0x38
10004672:	6b51      	ldr	r1, [r2, #52]	@ 0x34
10004674:	3b18      	subs	r3, #24
10004676:	400b      	ands	r3, r1
10004678:	490d      	ldr	r1, [pc, #52]	@ (100046b0 <stdio_uart_in_chars+0x8c>)
1000467a:	468c      	mov	ip, r1
1000467c:	4462      	add	r2, ip
1000467e:	6013      	str	r3, [r2, #0]
10004680:	2800      	cmp	r0, #0
10004682:	d1f1      	bne.n	10004668 <stdio_uart_in_chars+0x44>
10004684:	e00c      	b.n	100046a0 <stdio_uart_in_chars+0x7c>
10004686:	2e00      	cmp	r6, #0
10004688:	d00a      	beq.n	100046a0 <stdio_uart_in_chars+0x7c>
1000468a:	2250      	movs	r2, #80	@ 0x50
1000468c:	4b07      	ldr	r3, [pc, #28]	@ (100046ac <stdio_uart_in_chars+0x88>)
1000468e:	681b      	ldr	r3, [r3, #0]
10004690:	639a      	str	r2, [r3, #56]	@ 0x38
10004692:	6b59      	ldr	r1, [r3, #52]	@ 0x34
10004694:	3a18      	subs	r2, #24
10004696:	400a      	ands	r2, r1
10004698:	4905      	ldr	r1, [pc, #20]	@ (100046b0 <stdio_uart_in_chars+0x8c>)
1000469a:	468c      	mov	ip, r1
1000469c:	4463      	add	r3, ip
1000469e:	601a      	str	r2, [r3, #0]
100046a0:	2003      	movs	r0, #3
100046a2:	4240      	negs	r0, r0
100046a4:	e7e0      	b.n	10004668 <stdio_uart_in_chars+0x44>
100046a6:	46c0      	nop			@ (mov r8, r8)
100046a8:	200018d0 	.word	0x200018d0
100046ac:	20001d68 	.word	0x20001d68
100046b0:	00001034 	.word	0x00001034

100046b4 <on_uart_rx>:
100046b4:	4b06      	ldr	r3, [pc, #24]	@ (100046d0 <on_uart_rx+0x1c>)
100046b6:	b510      	push	{r4, lr}
100046b8:	681b      	ldr	r3, [r3, #0]
100046ba:	2b00      	cmp	r3, #0
100046bc:	d006      	beq.n	100046cc <on_uart_rx+0x18>
100046be:	2100      	movs	r1, #0
100046c0:	4a04      	ldr	r2, [pc, #16]	@ (100046d4 <on_uart_rx+0x20>)
100046c2:	6812      	ldr	r2, [r2, #0]
100046c4:	6391      	str	r1, [r2, #56]	@ 0x38
100046c6:	4a04      	ldr	r2, [pc, #16]	@ (100046d8 <on_uart_rx+0x24>)
100046c8:	6810      	ldr	r0, [r2, #0]
100046ca:	4798      	blx	r3
100046cc:	bd10      	pop	{r4, pc}
100046ce:	46c0      	nop			@ (mov r8, r8)
100046d0:	200018d0 	.word	0x200018d0
100046d4:	20001d68 	.word	0x20001d68
100046d8:	200018d4 	.word	0x200018d4

100046dc <stdio_uart_out_flush>:
100046dc:	2208      	movs	r2, #8
100046de:	4b03      	ldr	r3, [pc, #12]	@ (100046ec <stdio_uart_out_flush+0x10>)
100046e0:	6819      	ldr	r1, [r3, #0]
100046e2:	698b      	ldr	r3, [r1, #24]
100046e4:	421a      	tst	r2, r3
100046e6:	d1fc      	bne.n	100046e2 <stdio_uart_out_flush+0x6>
100046e8:	4770      	bx	lr
100046ea:	46c0      	nop			@ (mov r8, r8)
100046ec:	20001d68 	.word	0x20001d68

100046f0 <stdio_uart_set_chars_available_callback>:
100046f0:	b5f8      	push	{r3, r4, r5, r6, r7, lr}
100046f2:	4f1a      	ldr	r7, [pc, #104]	@ (1000475c <stdio_uart_set_chars_available_callback+0x6c>)
100046f4:	4b1a      	ldr	r3, [pc, #104]	@ (10004760 <stdio_uart_set_chars_available_callback+0x70>)
100046f6:	683a      	ldr	r2, [r7, #0]
100046f8:	0005      	movs	r5, r0
100046fa:	18d3      	adds	r3, r2, r3
100046fc:	4258      	negs	r0, r3
100046fe:	4143      	adcs	r3, r0
10004700:	4e18      	ldr	r6, [pc, #96]	@ (10004764 <stdio_uart_set_chars_available_callback+0x74>)
10004702:	3314      	adds	r3, #20
10004704:	001c      	movs	r4, r3
10004706:	6833      	ldr	r3, [r6, #0]
10004708:	2d00      	cmp	r5, #0
1000470a:	d002      	beq.n	10004712 <stdio_uart_set_chars_available_callback+0x22>
1000470c:	2b00      	cmp	r3, #0
1000470e:	d00f      	beq.n	10004730 <stdio_uart_set_chars_available_callback+0x40>
10004710:	bdf8      	pop	{r3, r4, r5, r6, r7, pc}
10004712:	2b00      	cmp	r3, #0
10004714:	d0fc      	beq.n	10004710 <stdio_uart_set_chars_available_callback+0x20>
10004716:	2100      	movs	r1, #0
10004718:	0020      	movs	r0, r4
1000471a:	6395      	str	r5, [r2, #56]	@ 0x38
1000471c:	f7fc f826 	bl	1000076c <irq_set_enabled>
10004720:	0020      	movs	r0, r4
10004722:	4911      	ldr	r1, [pc, #68]	@ (10004768 <stdio_uart_set_chars_available_callback+0x78>)
10004724:	f7fc f958 	bl	100009d8 <irq_remove_handler>
10004728:	4b10      	ldr	r3, [pc, #64]	@ (1000476c <stdio_uart_set_chars_available_callback+0x7c>)
1000472a:	6035      	str	r5, [r6, #0]
1000472c:	601d      	str	r5, [r3, #0]
1000472e:	e7ef      	b.n	10004710 <stdio_uart_set_chars_available_callback+0x20>
10004730:	4b0e      	ldr	r3, [pc, #56]	@ (1000476c <stdio_uart_set_chars_available_callback+0x7c>)
10004732:	0020      	movs	r0, r4
10004734:	6019      	str	r1, [r3, #0]
10004736:	490c      	ldr	r1, [pc, #48]	@ (10004768 <stdio_uart_set_chars_available_callback+0x78>)
10004738:	6035      	str	r5, [r6, #0]
1000473a:	f7fc f829 	bl	10000790 <irq_set_exclusive_handler>
1000473e:	2101      	movs	r1, #1
10004740:	0020      	movs	r0, r4
10004742:	f7fc f813 	bl	1000076c <irq_set_enabled>
10004746:	2250      	movs	r2, #80	@ 0x50
10004748:	683b      	ldr	r3, [r7, #0]
1000474a:	639a      	str	r2, [r3, #56]	@ 0x38
1000474c:	6b59      	ldr	r1, [r3, #52]	@ 0x34
1000474e:	3a18      	subs	r2, #24
10004750:	400a      	ands	r2, r1
10004752:	4907      	ldr	r1, [pc, #28]	@ (10004770 <stdio_uart_set_chars_available_callback+0x80>)
10004754:	468c      	mov	ip, r1
10004756:	4463      	add	r3, ip
10004758:	601a      	str	r2, [r3, #0]
1000475a:	e7d9      	b.n	10004710 <stdio_uart_set_chars_available_callback+0x20>
1000475c:	20001d68 	.word	0x20001d68
10004760:	bffc8000 	.word	0xbffc8000
10004764:	200018d0 	.word	0x200018d0
10004768:	100046b5 	.word	0x100046b5
1000476c:	200018d4 	.word	0x200018d4
10004770:	00001034 	.word	0x00001034

10004774 <stdio_uart_init>:
10004774:	4b0d      	ldr	r3, [pc, #52]	@ (100047ac <stdio_uart_init+0x38>)
10004776:	b510      	push	{r4, lr}
10004778:	781b      	ldrb	r3, [r3, #0]
1000477a:	4b0d      	ldr	r3, [pc, #52]	@ (100047b0 <stdio_uart_init+0x3c>)
1000477c:	4c0d      	ldr	r4, [pc, #52]	@ (100047b4 <stdio_uart_init+0x40>)
1000477e:	781b      	ldrb	r3, [r3, #0]
10004780:	4b0d      	ldr	r3, [pc, #52]	@ (100047b8 <stdio_uart_init+0x44>)
10004782:	2102      	movs	r1, #2
10004784:	781b      	ldrb	r3, [r3, #0]
10004786:	4b0d      	ldr	r3, [pc, #52]	@ (100047bc <stdio_uart_init+0x48>)
10004788:	2000      	movs	r0, #0
1000478a:	6023      	str	r3, [r4, #0]
1000478c:	f7fb fec8 	bl	10000520 <gpio_set_function>
10004790:	2102      	movs	r1, #2
10004792:	2001      	movs	r0, #1
10004794:	f7fb fec4 	bl	10000520 <gpio_set_function>
10004798:	21e1      	movs	r1, #225	@ 0xe1
1000479a:	6820      	ldr	r0, [r4, #0]
1000479c:	0249      	lsls	r1, r1, #9
1000479e:	f7fc fe19 	bl	100013d4 <uart_init>
100047a2:	2101      	movs	r1, #1
100047a4:	4806      	ldr	r0, [pc, #24]	@ (100047c0 <stdio_uart_init+0x4c>)
100047a6:	f7ff fe1f 	bl	100043e8 <stdio_set_driver_enabled>
100047aa:	bd10      	pop	{r4, pc}
100047ac:	10007320 	.word	0x10007320
100047b0:	1000731c 	.word	0x1000731c
100047b4:	20001d68 	.word	0x20001d68
100047b8:	10007318 	.word	0x10007318
100047bc:	40034000 	.word	0x40034000
100047c0:	20001060 	.word	0x20001060

100047c4 <_retrieve_unique_id_on_boot>:
100047c4:	b510      	push	{r4, lr}
100047c6:	4802      	ldr	r0, [pc, #8]	@ (100047d0 <_retrieve_unique_id_on_boot+0xc>)
100047c8:	f000 f80c 	bl	100047e4 <flash_get_unique_id>
100047cc:	bd10      	pop	{r4, pc}
100047ce:	46c0      	nop			@ (mov r8, r8)
100047d0:	20001d50 	.word	0x20001d50

100047d4 <pico_get_unique_board_id>:
100047d4:	b510      	push	{r4, lr}
100047d6:	2208      	movs	r2, #8
100047d8:	4901      	ldr	r1, [pc, #4]	@ (100047e0 <pico_get_unique_board_id+0xc>)
100047da:	f7fe f859 	bl	10002890 <__wrap___aeabi_memcpy>
100047de:	bd10      	pop	{r4, pc}
100047e0:	20001d50 	.word	0x20001d50

100047e4 <flash_get_unique_id>:
100047e4:	b510      	push	{r4, lr}
100047e6:	b088      	sub	sp, #32
100047e8:	0004      	movs	r4, r0
100047ea:	220d      	movs	r2, #13
100047ec:	2100      	movs	r1, #0
100047ee:	4668      	mov	r0, sp
100047f0:	f7fe f848 	bl	10002884 <__wrap_memset>
100047f4:	220d      	movs	r2, #13
100047f6:	2100      	movs	r1, #0
100047f8:	a804      	add	r0, sp, #16
100047fa:	f7fe f843 	bl	10002884 <__wrap_memset>
100047fe:	234b      	movs	r3, #75	@ 0x4b
10004800:	466a      	mov	r2, sp
10004802:	4668      	mov	r0, sp
10004804:	7013      	strb	r3, [r2, #0]
10004806:	a904      	add	r1, sp, #16
10004808:	220d      	movs	r2, #13
1000480a:	f002 f88d 	bl	10006928 <__flash_do_cmd_veneer>
1000480e:	2115      	movs	r1, #21
10004810:	2208      	movs	r2, #8
10004812:	0020      	movs	r0, r4
10004814:	4469      	add	r1, sp
10004816:	f7fe f83b 	bl	10002890 <__wrap___aeabi_memcpy>
1000481a:	b008      	add	sp, #32
1000481c:	bd10      	pop	{r4, pc}
1000481e:	46c0      	nop			@ (mov r8, r8)

10004820 <dcd_init>:
10004820:	b5f8      	push	{r3, r4, r5, r6, r7, lr}
10004822:	f000 f947 	bl	10004ab4 <rp2040_usb_init>
10004826:	230c      	movs	r3, #12
10004828:	4d19      	ldr	r5, [pc, #100]	@ (10004890 <dcd_init+0x70>)
1000482a:	22ff      	movs	r2, #255	@ 0xff
1000482c:	67ab      	str	r3, [r5, #120]	@ 0x78
1000482e:	2005      	movs	r0, #5
10004830:	4918      	ldr	r1, [pc, #96]	@ (10004894 <dcd_init+0x74>)
10004832:	f7fb ffd7 	bl	100007e4 <irq_add_shared_handler>
10004836:	4c18      	ldr	r4, [pc, #96]	@ (10004898 <dcd_init+0x78>)
10004838:	2240      	movs	r2, #64	@ 0x40
1000483a:	2100      	movs	r1, #0
1000483c:	0020      	movs	r0, r4
1000483e:	f7fe f821 	bl	10002884 <__wrap_memset>
10004842:	2740      	movs	r7, #64	@ 0x40
10004844:	2300      	movs	r3, #0
10004846:	2601      	movs	r6, #1
10004848:	2121      	movs	r1, #33	@ 0x21
1000484a:	4a14      	ldr	r2, [pc, #80]	@ (1000489c <dcd_init+0x7c>)
1000484c:	7066      	strb	r6, [r4, #1]
1000484e:	8327      	strh	r7, [r4, #24]
10004850:	60a2      	str	r2, [r4, #8]
10004852:	6013      	str	r3, [r2, #0]
10004854:	5463      	strb	r3, [r4, r1]
10004856:	315f      	adds	r1, #95	@ 0x5f
10004858:	8461      	strh	r1, [r4, #34]	@ 0x22
1000485a:	3945      	subs	r1, #69	@ 0x45
1000485c:	5463      	strb	r3, [r4, r1]
1000485e:	4a10      	ldr	r2, [pc, #64]	@ (100048a0 <dcd_init+0x80>)
10004860:	4910      	ldr	r1, [pc, #64]	@ (100048a4 <dcd_init+0x84>)
10004862:	6063      	str	r3, [r4, #4]
10004864:	60e2      	str	r2, [r4, #12]
10004866:	8727      	strh	r7, [r4, #56]	@ 0x38
10004868:	62a1      	str	r1, [r4, #40]	@ 0x28
1000486a:	600b      	str	r3, [r1, #0]
1000486c:	6263      	str	r3, [r4, #36]	@ 0x24
1000486e:	62e2      	str	r2, [r4, #44]	@ 0x2c
10004870:	f002 f84a 	bl	10006908 <__reset_non_control_endpoints_veneer>
10004874:	2380      	movs	r3, #128	@ 0x80
10004876:	059b      	lsls	r3, r3, #22
10004878:	642e      	str	r6, [r5, #64]	@ 0x40
1000487a:	64eb      	str	r3, [r5, #76]	@ 0x4c
1000487c:	2390      	movs	r3, #144	@ 0x90
1000487e:	4a0a      	ldr	r2, [pc, #40]	@ (100048a8 <dcd_init+0x88>)
10004880:	2001      	movs	r0, #1
10004882:	50ea      	str	r2, [r5, r3]
10004884:	2280      	movs	r2, #128	@ 0x80
10004886:	4b09      	ldr	r3, [pc, #36]	@ (100048ac <dcd_init+0x8c>)
10004888:	0252      	lsls	r2, r2, #9
1000488a:	64da      	str	r2, [r3, #76]	@ 0x4c
1000488c:	bdf8      	pop	{r3, r4, r5, r6, r7, pc}
1000488e:	46c0      	nop			@ (mov r8, r8)
10004890:	50110000 	.word	0x50110000
10004894:	20000505 	.word	0x20000505
10004898:	20001918 	.word	0x20001918
1000489c:	50100084 	.word	0x50100084
100048a0:	50100100 	.word	0x50100100
100048a4:	50100080 	.word	0x50100080
100048a8:	0001d010 	.word	0x0001d010
100048ac:	50112000 	.word	0x50112000

100048b0 <dcd_int_enable>:
100048b0:	b510      	push	{r4, lr}
100048b2:	2101      	movs	r1, #1
100048b4:	2005      	movs	r0, #5
100048b6:	f7fb ff59 	bl	1000076c <irq_set_enabled>
100048ba:	bd10      	pop	{r4, pc}

100048bc <dcd_set_address>:
100048bc:	b510      	push	{r4, lr}
100048be:	2200      	movs	r2, #0
100048c0:	2100      	movs	r1, #0
100048c2:	4802      	ldr	r0, [pc, #8]	@ (100048cc <dcd_set_address+0x10>)
100048c4:	f000 f916 	bl	10004af4 <hw_endpoint_xfer_start>
100048c8:	bd10      	pop	{r4, pc}
100048ca:	46c0      	nop			@ (mov r8, r8)
100048cc:	20001938 	.word	0x20001938

100048d0 <dcd_sof_enable>:
100048d0:	4b04      	ldr	r3, [pc, #16]	@ (100048e4 <dcd_sof_enable+0x14>)
100048d2:	7019      	strb	r1, [r3, #0]
100048d4:	2900      	cmp	r1, #0
100048d6:	d004      	beq.n	100048e2 <dcd_sof_enable+0x12>
100048d8:	2180      	movs	r1, #128	@ 0x80
100048da:	2390      	movs	r3, #144	@ 0x90
100048dc:	4a02      	ldr	r2, [pc, #8]	@ (100048e8 <dcd_sof_enable+0x18>)
100048de:	0289      	lsls	r1, r1, #10
100048e0:	50d1      	str	r1, [r2, r3]
100048e2:	4770      	bx	lr
100048e4:	20001d6d 	.word	0x20001d6d
100048e8:	50112000 	.word	0x50112000

100048ec <dcd_edpt0_status_complete>:
100048ec:	780b      	ldrb	r3, [r1, #0]
100048ee:	065b      	lsls	r3, r3, #25
100048f0:	d102      	bne.n	100048f8 <dcd_edpt0_status_complete+0xc>
100048f2:	784b      	ldrb	r3, [r1, #1]
100048f4:	2b05      	cmp	r3, #5
100048f6:	d000      	beq.n	100048fa <dcd_edpt0_status_complete+0xe>
100048f8:	4770      	bx	lr
100048fa:	788a      	ldrb	r2, [r1, #2]
100048fc:	4b01      	ldr	r3, [pc, #4]	@ (10004904 <dcd_edpt0_status_complete+0x18>)
100048fe:	601a      	str	r2, [r3, #0]
10004900:	e7fa      	b.n	100048f8 <dcd_edpt0_status_complete+0xc>
10004902:	46c0      	nop			@ (mov r8, r8)
10004904:	50110000 	.word	0x50110000

10004908 <dcd_edpt_open>:
10004908:	b5f0      	push	{r4, r5, r6, r7, lr}
1000490a:	46c6      	mov	lr, r8
1000490c:	78c8      	ldrb	r0, [r1, #3]
1000490e:	b500      	push	{lr}
10004910:	0780      	lsls	r0, r0, #30
10004912:	0f83      	lsrs	r3, r0, #30
10004914:	0018      	movs	r0, r3
10004916:	2b01      	cmp	r3, #1
10004918:	d060      	beq.n	100049dc <dcd_edpt_open+0xd4>
1000491a:	788f      	ldrb	r7, [r1, #2]
1000491c:	790a      	ldrb	r2, [r1, #4]
1000491e:	794b      	ldrb	r3, [r1, #5]
10004920:	217f      	movs	r1, #127	@ 0x7f
10004922:	4039      	ands	r1, r7
10004924:	09fc      	lsrs	r4, r7, #7
10004926:	021b      	lsls	r3, r3, #8
10004928:	004e      	lsls	r6, r1, #1
1000492a:	4313      	orrs	r3, r2
1000492c:	4d33      	ldr	r5, [pc, #204]	@ (100049fc <dcd_edpt_open+0xf4>)
1000492e:	1932      	adds	r2, r6, r4
10004930:	0152      	lsls	r2, r2, #5
10004932:	18aa      	adds	r2, r5, r2
10004934:	7097      	strb	r7, [r2, #2]
10004936:	2701      	movs	r7, #1
10004938:	4067      	eors	r7, r4
1000493a:	7057      	strb	r7, [r2, #1]
1000493c:	2700      	movs	r7, #0
1000493e:	055b      	lsls	r3, r3, #21
10004940:	0d5b      	lsrs	r3, r3, #21
10004942:	70d7      	strb	r7, [r2, #3]
10004944:	8313      	strh	r3, [r2, #24]
10004946:	76d0      	strb	r0, [r2, #27]
10004948:	46b8      	mov	r8, r7
1000494a:	00ca      	lsls	r2, r1, #3
1000494c:	2c01      	cmp	r4, #1
1000494e:	d032      	beq.n	100049b6 <dcd_edpt_open+0xae>
10004950:	4f2b      	ldr	r7, [pc, #172]	@ (10004a00 <dcd_edpt_open+0xf8>)
10004952:	46bc      	mov	ip, r7
10004954:	018f      	lsls	r7, r1, #6
10004956:	4462      	add	r2, ip
10004958:	46bc      	mov	ip, r7
1000495a:	44ac      	add	ip, r5
1000495c:	4667      	mov	r7, ip
1000495e:	60ba      	str	r2, [r7, #8]
10004960:	4647      	mov	r7, r8
10004962:	6017      	str	r7, [r2, #0]
10004964:	2900      	cmp	r1, #0
10004966:	d032      	beq.n	100049ce <dcd_edpt_open+0xc6>
10004968:	4a26      	ldr	r2, [pc, #152]	@ (10004a04 <dcd_edpt_open+0xfc>)
1000496a:	00c9      	lsls	r1, r1, #3
1000496c:	4690      	mov	r8, r2
1000496e:	4662      	mov	r2, ip
10004970:	4441      	add	r1, r8
10004972:	6051      	str	r1, [r2, #4]
10004974:	223f      	movs	r2, #63	@ 0x3f
10004976:	333f      	adds	r3, #63	@ 0x3f
10004978:	4393      	bics	r3, r2
1000497a:	2802      	cmp	r0, #2
1000497c:	d037      	beq.n	100049ee <dcd_edpt_open+0xe6>
1000497e:	4922      	ldr	r1, [pc, #136]	@ (10004a08 <dcd_edpt_open+0x100>)
10004980:	1937      	adds	r7, r6, r4
10004982:	680a      	ldr	r2, [r1, #0]
10004984:	017f      	lsls	r7, r7, #5
10004986:	18d3      	adds	r3, r2, r3
10004988:	600b      	str	r3, [r1, #0]
1000498a:	4920      	ldr	r1, [pc, #128]	@ (10004a0c <dcd_edpt_open+0x104>)
1000498c:	19ef      	adds	r7, r5, r7
1000498e:	60fa      	str	r2, [r7, #12]
10004990:	428b      	cmp	r3, r1
10004992:	d82e      	bhi.n	100049f2 <dcd_edpt_open+0xea>
10004994:	1936      	adds	r6, r6, r4
10004996:	0176      	lsls	r6, r6, #5
10004998:	19ad      	adds	r5, r5, r6
1000499a:	7eeb      	ldrb	r3, [r5, #27]
1000499c:	491c      	ldr	r1, [pc, #112]	@ (10004a10 <dcd_edpt_open+0x108>)
1000499e:	069b      	lsls	r3, r3, #26
100049a0:	404a      	eors	r2, r1
100049a2:	4313      	orrs	r3, r2
100049a4:	2280      	movs	r2, #128	@ 0x80
100049a6:	0612      	lsls	r2, r2, #24
100049a8:	4313      	orrs	r3, r2
100049aa:	686a      	ldr	r2, [r5, #4]
100049ac:	6013      	str	r3, [r2, #0]
100049ae:	2001      	movs	r0, #1
100049b0:	bc80      	pop	{r7}
100049b2:	46b8      	mov	r8, r7
100049b4:	bdf0      	pop	{r4, r5, r6, r7, pc}
100049b6:	4f17      	ldr	r7, [pc, #92]	@ (10004a14 <dcd_edpt_open+0x10c>)
100049b8:	46bc      	mov	ip, r7
100049ba:	018f      	lsls	r7, r1, #6
100049bc:	4462      	add	r2, ip
100049be:	46bc      	mov	ip, r7
100049c0:	44ac      	add	ip, r5
100049c2:	4667      	mov	r7, ip
100049c4:	62ba      	str	r2, [r7, #40]	@ 0x28
100049c6:	4647      	mov	r7, r8
100049c8:	6017      	str	r7, [r2, #0]
100049ca:	2900      	cmp	r1, #0
100049cc:	d108      	bne.n	100049e0 <dcd_edpt_open+0xd8>
100049ce:	2300      	movs	r3, #0
100049d0:	0164      	lsls	r4, r4, #5
100049d2:	192c      	adds	r4, r5, r4
100049d4:	6063      	str	r3, [r4, #4]
100049d6:	4b10      	ldr	r3, [pc, #64]	@ (10004a18 <dcd_edpt_open+0x110>)
100049d8:	60e3      	str	r3, [r4, #12]
100049da:	e7e8      	b.n	100049ae <dcd_edpt_open+0xa6>
100049dc:	2000      	movs	r0, #0
100049de:	e7e7      	b.n	100049b0 <dcd_edpt_open+0xa8>
100049e0:	4a0b      	ldr	r2, [pc, #44]	@ (10004a10 <dcd_edpt_open+0x108>)
100049e2:	00c9      	lsls	r1, r1, #3
100049e4:	4690      	mov	r8, r2
100049e6:	4662      	mov	r2, ip
100049e8:	4441      	add	r1, r8
100049ea:	6251      	str	r1, [r2, #36]	@ 0x24
100049ec:	e7c2      	b.n	10004974 <dcd_edpt_open+0x6c>
100049ee:	005b      	lsls	r3, r3, #1
100049f0:	e7c5      	b.n	1000497e <dcd_edpt_open+0x76>
100049f2:	f7fc ff15 	bl	10001820 <hard_assertion_failure>
100049f6:	68fa      	ldr	r2, [r7, #12]
100049f8:	e7cc      	b.n	10004994 <dcd_edpt_open+0x8c>
100049fa:	46c0      	nop			@ (mov r8, r8)
100049fc:	20001918 	.word	0x20001918
10004a00:	50100084 	.word	0x50100084
10004a04:	50100004 	.word	0x50100004
10004a08:	20001d24 	.word	0x20001d24
10004a0c:	50100fff 	.word	0x50100fff
10004a10:	50100000 	.word	0x50100000
10004a14:	50100080 	.word	0x50100080
10004a18:	50100100 	.word	0x50100100

10004a1c <dcd_edpt_close_all>:
10004a1c:	b510      	push	{r4, lr}
10004a1e:	f001 ff73 	bl	10006908 <__reset_non_control_endpoints_veneer>
10004a22:	bd10      	pop	{r4, pc}

10004a24 <dcd_edpt_xfer>:
10004a24:	b510      	push	{r4, lr}
10004a26:	207f      	movs	r0, #127	@ 0x7f
10004a28:	000c      	movs	r4, r1
10004a2a:	4020      	ands	r0, r4
10004a2c:	0040      	lsls	r0, r0, #1
10004a2e:	09e4      	lsrs	r4, r4, #7
10004a30:	0011      	movs	r1, r2
10004a32:	1900      	adds	r0, r0, r4
10004a34:	001a      	movs	r2, r3
10004a36:	4b03      	ldr	r3, [pc, #12]	@ (10004a44 <dcd_edpt_xfer+0x20>)
10004a38:	0140      	lsls	r0, r0, #5
10004a3a:	18c0      	adds	r0, r0, r3
10004a3c:	f000 f85a 	bl	10004af4 <hw_endpoint_xfer_start>
10004a40:	2001      	movs	r0, #1
10004a42:	bd10      	pop	{r4, pc}
10004a44:	20001918 	.word	0x20001918

10004a48 <dcd_edpt_stall>:
10004a48:	237f      	movs	r3, #127	@ 0x7f
10004a4a:	0018      	movs	r0, r3
10004a4c:	b500      	push	{lr}
10004a4e:	4008      	ands	r0, r1
10004a50:	b083      	sub	sp, #12
10004a52:	420b      	tst	r3, r1
10004a54:	d104      	bne.n	10004a60 <dcd_edpt_stall+0x18>
10004a56:	424b      	negs	r3, r1
10004a58:	414b      	adcs	r3, r1
10004a5a:	4a08      	ldr	r2, [pc, #32]	@ (10004a7c <dcd_edpt_stall+0x34>)
10004a5c:	3301      	adds	r3, #1
10004a5e:	6693      	str	r3, [r2, #104]	@ 0x68
10004a60:	2280      	movs	r2, #128	@ 0x80
10004a62:	09c9      	lsrs	r1, r1, #7
10004a64:	0040      	lsls	r0, r0, #1
10004a66:	4b06      	ldr	r3, [pc, #24]	@ (10004a80 <dcd_edpt_stall+0x38>)
10004a68:	1840      	adds	r0, r0, r1
10004a6a:	0140      	lsls	r0, r0, #5
10004a6c:	2100      	movs	r1, #0
10004a6e:	18c0      	adds	r0, r0, r3
10004a70:	0112      	lsls	r2, r2, #4
10004a72:	f001 ffa1 	bl	100069b8 <___hw_endpoint_buffer_control_update32_veneer>
10004a76:	b003      	add	sp, #12
10004a78:	bd00      	pop	{pc}
10004a7a:	46c0      	nop			@ (mov r8, r8)
10004a7c:	50112000 	.word	0x50112000
10004a80:	20001918 	.word	0x20001918

10004a84 <dcd_edpt_clear_stall>:
10004a84:	227f      	movs	r2, #127	@ 0x7f
10004a86:	0013      	movs	r3, r2
10004a88:	b510      	push	{r4, lr}
10004a8a:	400b      	ands	r3, r1
10004a8c:	420a      	tst	r2, r1
10004a8e:	d100      	bne.n	10004a92 <dcd_edpt_clear_stall+0xe>
10004a90:	bd10      	pop	{r4, pc}
10004a92:	09c9      	lsrs	r1, r1, #7
10004a94:	005b      	lsls	r3, r3, #1
10004a96:	185b      	adds	r3, r3, r1
10004a98:	4804      	ldr	r0, [pc, #16]	@ (10004aac <dcd_edpt_clear_stall+0x28>)
10004a9a:	015b      	lsls	r3, r3, #5
10004a9c:	18c0      	adds	r0, r0, r3
10004a9e:	2300      	movs	r3, #0
10004aa0:	2200      	movs	r2, #0
10004aa2:	4903      	ldr	r1, [pc, #12]	@ (10004ab0 <dcd_edpt_clear_stall+0x2c>)
10004aa4:	70c3      	strb	r3, [r0, #3]
10004aa6:	f001 ff87 	bl	100069b8 <___hw_endpoint_buffer_control_update32_veneer>
10004aaa:	e7f1      	b.n	10004a90 <dcd_edpt_clear_stall+0xc>
10004aac:	20001918 	.word	0x20001918
10004ab0:	fffff7ff 	.word	0xfffff7ff

10004ab4 <rp2040_usb_init>:
10004ab4:	2280      	movs	r2, #128	@ 0x80
10004ab6:	4b0a      	ldr	r3, [pc, #40]	@ (10004ae0 <rp2040_usb_init+0x2c>)
10004ab8:	0452      	lsls	r2, r2, #17
10004aba:	b510      	push	{r4, lr}
10004abc:	601a      	str	r2, [r3, #0]
10004abe:	4b09      	ldr	r3, [pc, #36]	@ (10004ae4 <rp2040_usb_init+0x30>)
10004ac0:	4909      	ldr	r1, [pc, #36]	@ (10004ae8 <rp2040_usb_init+0x34>)
10004ac2:	601a      	str	r2, [r3, #0]
10004ac4:	0010      	movs	r0, r2
10004ac6:	680b      	ldr	r3, [r1, #0]
10004ac8:	4398      	bics	r0, r3
10004aca:	d1fb      	bne.n	10004ac4 <rp2040_usb_init+0x10>
10004acc:	2280      	movs	r2, #128	@ 0x80
10004ace:	2100      	movs	r1, #0
10004ad0:	0152      	lsls	r2, r2, #5
10004ad2:	4806      	ldr	r0, [pc, #24]	@ (10004aec <rp2040_usb_init+0x38>)
10004ad4:	f7fd fed6 	bl	10002884 <__wrap_memset>
10004ad8:	2209      	movs	r2, #9
10004ada:	4b05      	ldr	r3, [pc, #20]	@ (10004af0 <rp2040_usb_init+0x3c>)
10004adc:	675a      	str	r2, [r3, #116]	@ 0x74
10004ade:	bd10      	pop	{r4, pc}
10004ae0:	4000e000 	.word	0x4000e000
10004ae4:	4000f000 	.word	0x4000f000
10004ae8:	4000c008 	.word	0x4000c008
10004aec:	50100000 	.word	0x50100000
10004af0:	50110000 	.word	0x50110000

10004af4 <hw_endpoint_xfer_start>:
10004af4:	2300      	movs	r3, #0
10004af6:	b510      	push	{r4, lr}
10004af8:	82c3      	strh	r3, [r0, #22]
10004afa:	3301      	adds	r3, #1
10004afc:	8282      	strh	r2, [r0, #20]
10004afe:	7683      	strb	r3, [r0, #26]
10004b00:	6101      	str	r1, [r0, #16]
10004b02:	0004      	movs	r4, r0
10004b04:	f001 ff30 	bl	10006968 <__e15_is_bulkin_ep_veneer>
10004b08:	2800      	cmp	r0, #0
10004b0a:	d004      	beq.n	10004b16 <hw_endpoint_xfer_start+0x22>
10004b0c:	2180      	movs	r1, #128	@ 0x80
10004b0e:	2390      	movs	r3, #144	@ 0x90
10004b10:	4a07      	ldr	r2, [pc, #28]	@ (10004b30 <hw_endpoint_xfer_start+0x3c>)
10004b12:	0289      	lsls	r1, r1, #10
10004b14:	50d1      	str	r1, [r2, r3]
10004b16:	0020      	movs	r0, r4
10004b18:	f001 fefe 	bl	10006918 <__e15_is_critical_frame_period_veneer>
10004b1c:	2800      	cmp	r0, #0
10004b1e:	d002      	beq.n	10004b26 <hw_endpoint_xfer_start+0x32>
10004b20:	2301      	movs	r3, #1
10004b22:	7723      	strb	r3, [r4, #28]
10004b24:	bd10      	pop	{r4, pc}
10004b26:	0020      	movs	r0, r4
10004b28:	f001 ff3e 	bl	100069a8 <__hw_endpoint_start_next_buffer_veneer>
10004b2c:	e7fa      	b.n	10004b24 <hw_endpoint_xfer_start+0x30>
10004b2e:	46c0      	nop			@ (mov r8, r8)
10004b30:	50112000 	.word	0x50112000

10004b34 <tud_vendor_control_xfer_cb>:
10004b34:	2000      	movs	r0, #0
10004b36:	4770      	bx	lr

10004b38 <tud_event_hook_cb>:
10004b38:	4770      	bx	lr
10004b3a:	46c0      	nop			@ (mov r8, r8)

10004b3c <tud_sof_cb>:
10004b3c:	4770      	bx	lr
10004b3e:	46c0      	nop			@ (mov r8, r8)

10004b40 <tud_descriptor_bos_cb>:
10004b40:	2000      	movs	r0, #0
10004b42:	4770      	bx	lr

10004b44 <tud_descriptor_device_qualifier_cb>:
10004b44:	2000      	movs	r0, #0
10004b46:	4770      	bx	lr

10004b48 <tud_descriptor_other_speed_configuration_cb>:
10004b48:	2000      	movs	r0, #0
10004b4a:	4770      	bx	lr

10004b4c <tud_mounted>:
10004b4c:	4b02      	ldr	r3, [pc, #8]	@ (10004b58 <tud_mounted+0xc>)
10004b4e:	7858      	ldrb	r0, [r3, #1]
10004b50:	1e43      	subs	r3, r0, #1
10004b52:	4198      	sbcs	r0, r3
10004b54:	b2c0      	uxtb	r0, r0
10004b56:	4770      	bx	lr
10004b58:	200016a8 	.word	0x200016a8

10004b5c <tud_suspended>:
10004b5c:	4b02      	ldr	r3, [pc, #8]	@ (10004b68 <tud_suspended+0xc>)
10004b5e:	7818      	ldrb	r0, [r3, #0]
10004b60:	0740      	lsls	r0, r0, #29
10004b62:	0fc0      	lsrs	r0, r0, #31
10004b64:	4770      	bx	lr
10004b66:	46c0      	nop			@ (mov r8, r8)
10004b68:	200016a8 	.word	0x200016a8

10004b6c <tud_rhport_init>:
10004b6c:	b5f0      	push	{r4, r5, r6, r7, lr}
10004b6e:	46d6      	mov	lr, sl
10004b70:	464f      	mov	r7, r9
10004b72:	4646      	mov	r6, r8
10004b74:	b5c0      	push	{r6, r7, lr}
10004b76:	4b2d      	ldr	r3, [pc, #180]	@ (10004c2c <tud_rhport_init+0xc0>)
10004b78:	0007      	movs	r7, r0
10004b7a:	469a      	mov	sl, r3
10004b7c:	781b      	ldrb	r3, [r3, #0]
10004b7e:	000e      	movs	r6, r1
10004b80:	2bff      	cmp	r3, #255	@ 0xff
10004b82:	d14d      	bne.n	10004c20 <tud_rhport_init+0xb4>
10004b84:	2900      	cmp	r1, #0
10004b86:	d03e      	beq.n	10004c06 <tud_rhport_init+0x9a>
10004b88:	2100      	movs	r1, #0
10004b8a:	2254      	movs	r2, #84	@ 0x54
10004b8c:	4828      	ldr	r0, [pc, #160]	@ (10004c30 <tud_rhport_init+0xc4>)
10004b8e:	f7fd fe79 	bl	10002884 <__wrap_memset>
10004b92:	2200      	movs	r2, #0
10004b94:	4c27      	ldr	r4, [pc, #156]	@ (10004c34 <tud_rhport_init+0xc8>)
10004b96:	4b28      	ldr	r3, [pc, #160]	@ (10004c38 <tud_rhport_init+0xcc>)
10004b98:	0020      	movs	r0, r4
10004b9a:	701a      	strb	r2, [r3, #0]
10004b9c:	f7fc f890 	bl	10000cc0 <mutex_init>
10004ba0:	4b26      	ldr	r3, [pc, #152]	@ (10004c3c <tud_rhport_init+0xd0>)
10004ba2:	601c      	str	r4, [r3, #0]
10004ba4:	4c26      	ldr	r4, [pc, #152]	@ (10004c40 <tud_rhport_init+0xd4>)
10004ba6:	0020      	movs	r0, r4
10004ba8:	3c14      	subs	r4, #20
10004baa:	f7fc f897 	bl	10000cdc <critical_section_init>
10004bae:	0020      	movs	r0, r4
10004bb0:	f001 f8b0 	bl	10005d14 <tu_fifo_clear>
10004bb4:	4b23      	ldr	r3, [pc, #140]	@ (10004c44 <tud_rhport_init+0xd8>)
10004bb6:	4d24      	ldr	r5, [pc, #144]	@ (10004c48 <tud_rhport_init+0xdc>)
10004bb8:	601c      	str	r4, [r3, #0]
10004bba:	4b24      	ldr	r3, [pc, #144]	@ (10004c4c <tud_rhport_init+0xe0>)
10004bbc:	2b00      	cmp	r3, #0
10004bbe:	d004      	beq.n	10004bca <tud_rhport_init+0x5e>
10004bc0:	0028      	movs	r0, r5
10004bc2:	e000      	b.n	10004bc6 <tud_rhport_init+0x5a>
10004bc4:	bf00      	nop
10004bc6:	4b22      	ldr	r3, [pc, #136]	@ (10004c50 <tud_rhport_init+0xe4>)
10004bc8:	6018      	str	r0, [r3, #0]
10004bca:	4a22      	ldr	r2, [pc, #136]	@ (10004c54 <tud_rhport_init+0xe8>)
10004bcc:	2400      	movs	r4, #0
10004bce:	4691      	mov	r9, r2
10004bd0:	4a1f      	ldr	r2, [pc, #124]	@ (10004c50 <tud_rhport_init+0xe4>)
10004bd2:	782b      	ldrb	r3, [r5, #0]
10004bd4:	4690      	mov	r8, r2
10004bd6:	e00e      	b.n	10004bf6 <tud_rhport_init+0x8a>
10004bd8:	4643      	mov	r3, r8
10004bda:	681b      	ldr	r3, [r3, #0]
10004bdc:	0162      	lsls	r2, r4, #5
10004bde:	189b      	adds	r3, r3, r2
10004be0:	2b00      	cmp	r3, #0
10004be2:	d010      	beq.n	10004c06 <tud_rhport_init+0x9a>
10004be4:	685b      	ldr	r3, [r3, #4]
10004be6:	2b00      	cmp	r3, #0
10004be8:	d00d      	beq.n	10004c06 <tud_rhport_init+0x9a>
10004bea:	4798      	blx	r3
10004bec:	3401      	adds	r4, #1
10004bee:	782b      	ldrb	r3, [r5, #0]
10004bf0:	b2e4      	uxtb	r4, r4
10004bf2:	42a3      	cmp	r3, r4
10004bf4:	d309      	bcc.n	10004c0a <tud_rhport_init+0x9e>
10004bf6:	42a3      	cmp	r3, r4
10004bf8:	d8ee      	bhi.n	10004bd8 <tud_rhport_init+0x6c>
10004bfa:	1ae3      	subs	r3, r4, r3
10004bfc:	015b      	lsls	r3, r3, #5
10004bfe:	444b      	add	r3, r9
10004c00:	685b      	ldr	r3, [r3, #4]
10004c02:	2b00      	cmp	r3, #0
10004c04:	d1f1      	bne.n	10004bea <tud_rhport_init+0x7e>
10004c06:	2000      	movs	r0, #0
10004c08:	e00b      	b.n	10004c22 <tud_rhport_init+0xb6>
10004c0a:	4653      	mov	r3, sl
10004c0c:	0031      	movs	r1, r6
10004c0e:	0038      	movs	r0, r7
10004c10:	701f      	strb	r7, [r3, #0]
10004c12:	f7ff fe05 	bl	10004820 <dcd_init>
10004c16:	2800      	cmp	r0, #0
10004c18:	d0f5      	beq.n	10004c06 <tud_rhport_init+0x9a>
10004c1a:	0038      	movs	r0, r7
10004c1c:	f7ff fe48 	bl	100048b0 <dcd_int_enable>
10004c20:	2001      	movs	r0, #1
10004c22:	bce0      	pop	{r5, r6, r7}
10004c24:	46ba      	mov	sl, r7
10004c26:	46b1      	mov	r9, r6
10004c28:	46a8      	mov	r8, r5
10004c2a:	bdf0      	pop	{r4, r5, r6, r7, pc}
10004c2c:	20001094 	.word	0x20001094
10004c30:	200016a8 	.word	0x200016a8
10004c34:	200016a0 	.word	0x200016a0
10004c38:	20001d6e 	.word	0x20001d6e
10004c3c:	200016fc 	.word	0x200016fc
10004c40:	2000108c 	.word	0x2000108c
10004c44:	20001700 	.word	0x20001700
10004c48:	20001d6c 	.word	0x20001d6c
10004c4c:	00000000 	.word	0x00000000
10004c50:	200015c8 	.word	0x200015c8
10004c54:	10007068 	.word	0x10007068

10004c58 <tud_task_ext>:
10004c58:	b5f0      	push	{r4, r5, r6, r7, lr}
10004c5a:	46de      	mov	lr, fp
10004c5c:	4657      	mov	r7, sl
10004c5e:	464e      	mov	r6, r9
10004c60:	4645      	mov	r5, r8
10004c62:	b5e0      	push	{r5, r6, r7, lr}
10004c64:	4bca      	ldr	r3, [pc, #808]	@ (10004f90 <tud_task_ext+0x338>)
10004c66:	b08f      	sub	sp, #60	@ 0x3c
10004c68:	9303      	str	r3, [sp, #12]
10004c6a:	781b      	ldrb	r3, [r3, #0]
10004c6c:	2bff      	cmp	r3, #255	@ 0xff
10004c6e:	d100      	bne.n	10004c72 <tud_task_ext+0x1a>
10004c70:	e146      	b.n	10004f00 <tud_task_ext+0x2a8>
10004c72:	4bc8      	ldr	r3, [pc, #800]	@ (10004f94 <tud_task_ext+0x33c>)
10004c74:	4ec8      	ldr	r6, [pc, #800]	@ (10004f98 <tud_task_ext+0x340>)
10004c76:	469b      	mov	fp, r3
10004c78:	465f      	mov	r7, fp
10004c7a:	4bc8      	ldr	r3, [pc, #800]	@ (10004f9c <tud_task_ext+0x344>)
10004c7c:	ac0b      	add	r4, sp, #44	@ 0x2c
10004c7e:	9302      	str	r3, [sp, #8]
10004c80:	4bc7      	ldr	r3, [pc, #796]	@ (10004fa0 <tud_task_ext+0x348>)
10004c82:	9301      	str	r3, [sp, #4]
10004c84:	6835      	ldr	r5, [r6, #0]
10004c86:	696a      	ldr	r2, [r5, #20]
10004c88:	f3ef 8110 	mrs	r1, PRIMASK
10004c8c:	b672      	cpsid	i
10004c8e:	6813      	ldr	r3, [r2, #0]
10004c90:	2b00      	cmp	r3, #0
10004c92:	d0fc      	beq.n	10004c8e <tud_task_ext+0x36>
10004c94:	f3bf 8f5f 	dmb	sy
10004c98:	61a9      	str	r1, [r5, #24]
10004c9a:	0028      	movs	r0, r5
10004c9c:	0021      	movs	r1, r4
10004c9e:	f000 ff99 	bl	10005bd4 <tu_fifo_read>
10004ca2:	696a      	ldr	r2, [r5, #20]
10004ca4:	69ab      	ldr	r3, [r5, #24]
10004ca6:	f3bf 8f5f 	dmb	sy
10004caa:	2100      	movs	r1, #0
10004cac:	6011      	str	r1, [r2, #0]
10004cae:	f383 8810 	msr	PRIMASK, r3
10004cb2:	2800      	cmp	r0, #0
10004cb4:	d100      	bne.n	10004cb8 <tud_task_ext+0x60>
10004cb6:	e123      	b.n	10004f00 <tud_task_ext+0x2a8>
10004cb8:	7863      	ldrb	r3, [r4, #1]
10004cba:	2b08      	cmp	r3, #8
10004cbc:	d8e2      	bhi.n	10004c84 <tud_task_ext+0x2c>
10004cbe:	009b      	lsls	r3, r3, #2
10004cc0:	58fb      	ldr	r3, [r7, r3]
10004cc2:	469f      	mov	pc, r3
10004cc4:	6863      	ldr	r3, [r4, #4]
10004cc6:	2b00      	cmp	r3, #0
10004cc8:	d0dc      	beq.n	10004c84 <tud_task_ext+0x2c>
10004cca:	68a0      	ldr	r0, [r4, #8]
10004ccc:	4798      	blx	r3
10004cce:	e7d9      	b.n	10004c84 <tud_task_ext+0x2c>
10004cd0:	227f      	movs	r2, #127	@ 0x7f
10004cd2:	7921      	ldrb	r1, [r4, #4]
10004cd4:	4db1      	ldr	r5, [pc, #708]	@ (10004f9c <tud_task_ext+0x344>)
10004cd6:	400a      	ands	r2, r1
10004cd8:	0053      	lsls	r3, r2, #1
10004cda:	18eb      	adds	r3, r5, r3
10004cdc:	4698      	mov	r8, r3
10004cde:	09c8      	lsrs	r0, r1, #7
10004ce0:	4480      	add	r8, r0
10004ce2:	4640      	mov	r0, r8
10004ce4:	2301      	movs	r3, #1
10004ce6:	3030      	adds	r0, #48	@ 0x30
10004ce8:	7905      	ldrb	r5, [r0, #4]
10004cea:	439d      	bics	r5, r3
10004cec:	7105      	strb	r5, [r0, #4]
10004cee:	7905      	ldrb	r5, [r0, #4]
10004cf0:	3303      	adds	r3, #3
10004cf2:	439d      	bics	r5, r3
10004cf4:	7105      	strb	r5, [r0, #4]
10004cf6:	2a00      	cmp	r2, #0
10004cf8:	d100      	bne.n	10004cfc <tud_task_ext+0xa4>
10004cfa:	e108      	b.n	10004f0e <tud_task_ext+0x2b6>
10004cfc:	4643      	mov	r3, r8
10004cfe:	4aa9      	ldr	r2, [pc, #676]	@ (10004fa4 <tud_task_ext+0x34c>)
10004d00:	7d1b      	ldrb	r3, [r3, #20]
10004d02:	7812      	ldrb	r2, [r2, #0]
10004d04:	4293      	cmp	r3, r2
10004d06:	d300      	bcc.n	10004d0a <tud_task_ext+0xb2>
10004d08:	e0f8      	b.n	10004efc <tud_task_ext+0x2a4>
10004d0a:	4aa7      	ldr	r2, [pc, #668]	@ (10004fa8 <tud_task_ext+0x350>)
10004d0c:	015b      	lsls	r3, r3, #5
10004d0e:	6815      	ldr	r5, [r2, #0]
10004d10:	18ed      	adds	r5, r5, r3
10004d12:	2d00      	cmp	r5, #0
10004d14:	d100      	bne.n	10004d18 <tud_task_ext+0xc0>
10004d16:	e0f3      	b.n	10004f00 <tud_task_ext+0x2a8>
10004d18:	68a3      	ldr	r3, [r4, #8]
10004d1a:	7962      	ldrb	r2, [r4, #5]
10004d1c:	7820      	ldrb	r0, [r4, #0]
10004d1e:	69ad      	ldr	r5, [r5, #24]
10004d20:	47a8      	blx	r5
10004d22:	e7af      	b.n	10004c84 <tud_task_ext+0x2c>
10004d24:	4aa1      	ldr	r2, [pc, #644]	@ (10004fac <tud_task_ext+0x354>)
10004d26:	7813      	ldrb	r3, [r2, #0]
10004d28:	2b00      	cmp	r3, #0
10004d2a:	d100      	bne.n	10004d2e <tud_task_ext+0xd6>
10004d2c:	e0e8      	b.n	10004f00 <tud_task_ext+0x2a8>
10004d2e:	7813      	ldrb	r3, [r2, #0]
10004d30:	3b01      	subs	r3, #1
10004d32:	b2db      	uxtb	r3, r3
10004d34:	7013      	strb	r3, [r2, #0]
10004d36:	7813      	ldrb	r3, [r2, #0]
10004d38:	2b00      	cmp	r3, #0
10004d3a:	d1a3      	bne.n	10004c84 <tud_task_ext+0x2c>
10004d3c:	2201      	movs	r2, #1
10004d3e:	4d97      	ldr	r5, [pc, #604]	@ (10004f9c <tud_task_ext+0x344>)
10004d40:	2101      	movs	r1, #1
10004d42:	782b      	ldrb	r3, [r5, #0]
10004d44:	2004      	movs	r0, #4
10004d46:	4313      	orrs	r3, r2
10004d48:	702b      	strb	r3, [r5, #0]
10004d4a:	2334      	movs	r3, #52	@ 0x34
10004d4c:	5cea      	ldrb	r2, [r5, r3]
10004d4e:	438a      	bics	r2, r1
10004d50:	54ea      	strb	r2, [r5, r3]
10004d52:	5cea      	ldrb	r2, [r5, r3]
10004d54:	4382      	bics	r2, r0
10004d56:	54ea      	strb	r2, [r5, r3]
10004d58:	3301      	adds	r3, #1
10004d5a:	5cea      	ldrb	r2, [r5, r3]
10004d5c:	438a      	bics	r2, r1
10004d5e:	54ea      	strb	r2, [r5, r3]
10004d60:	5cea      	ldrb	r2, [r5, r3]
10004d62:	4382      	bics	r2, r0
10004d64:	54ea      	strb	r2, [r5, r3]
10004d66:	7823      	ldrb	r3, [r4, #0]
10004d68:	2000      	movs	r0, #0
10004d6a:	4698      	mov	r8, r3
10004d6c:	f000 fc5e 	bl	1000562c <usbd_control_set_complete_callback>
10004d70:	2260      	movs	r2, #96	@ 0x60
10004d72:	7923      	ldrb	r3, [r4, #4]
10004d74:	401a      	ands	r2, r3
10004d76:	2a60      	cmp	r2, #96	@ 0x60
10004d78:	d100      	bne.n	10004d7c <tud_task_ext+0x124>
10004d7a:	e0f3      	b.n	10004f64 <tud_task_ext+0x30c>
10004d7c:	2a40      	cmp	r2, #64	@ 0x40
10004d7e:	d100      	bne.n	10004d82 <tud_task_ext+0x12a>
10004d80:	e0f9      	b.n	10004f76 <tud_task_ext+0x31e>
10004d82:	06db      	lsls	r3, r3, #27
10004d84:	0edb      	lsrs	r3, r3, #27
10004d86:	2b01      	cmp	r3, #1
10004d88:	d100      	bne.n	10004d8c <tud_task_ext+0x134>
10004d8a:	e117      	b.n	10004fbc <tud_task_ext+0x364>
10004d8c:	2b02      	cmp	r3, #2
10004d8e:	d100      	bne.n	10004d92 <tud_task_ext+0x13a>
10004d90:	e0cc      	b.n	10004f2c <tud_task_ext+0x2d4>
10004d92:	2b00      	cmp	r3, #0
10004d94:	d000      	beq.n	10004d98 <tud_task_ext+0x140>
10004d96:	e0e5      	b.n	10004f64 <tud_task_ext+0x30c>
10004d98:	2a20      	cmp	r2, #32
10004d9a:	d100      	bne.n	10004d9e <tud_task_ext+0x146>
10004d9c:	e20f      	b.n	100051be <tud_task_ext+0x566>
10004d9e:	2a00      	cmp	r2, #0
10004da0:	d000      	beq.n	10004da4 <tud_task_ext+0x14c>
10004da2:	e0df      	b.n	10004f64 <tud_task_ext+0x30c>
10004da4:	7963      	ldrb	r3, [r4, #5]
10004da6:	2b09      	cmp	r3, #9
10004da8:	d900      	bls.n	10004dac <tud_task_ext+0x154>
10004daa:	e0db      	b.n	10004f64 <tud_task_ext+0x30c>
10004dac:	4a80      	ldr	r2, [pc, #512]	@ (10004fb0 <tud_task_ext+0x358>)
10004dae:	009b      	lsls	r3, r3, #2
10004db0:	58d3      	ldr	r3, [r2, r3]
10004db2:	469f      	mov	pc, r3
10004db4:	4d79      	ldr	r5, [pc, #484]	@ (10004f9c <tud_task_ext+0x344>)
10004db6:	782b      	ldrb	r3, [r5, #0]
10004db8:	07db      	lsls	r3, r3, #31
10004dba:	d400      	bmi.n	10004dbe <tud_task_ext+0x166>
10004dbc:	e762      	b.n	10004c84 <tud_task_ext+0x2c>
10004dbe:	f7fb fa8b 	bl	100002d8 <tud_resume_cb>
10004dc2:	e75f      	b.n	10004c84 <tud_task_ext+0x2c>
10004dc4:	9b02      	ldr	r3, [sp, #8]
10004dc6:	78db      	ldrb	r3, [r3, #3]
10004dc8:	07db      	lsls	r3, r3, #31
10004dca:	d400      	bmi.n	10004dce <tud_task_ext+0x176>
10004dcc:	e75a      	b.n	10004c84 <tud_task_ext+0x2c>
10004dce:	6860      	ldr	r0, [r4, #4]
10004dd0:	f7ff feb4 	bl	10004b3c <tud_sof_cb>
10004dd4:	e756      	b.n	10004c84 <tud_task_ext+0x2c>
10004dd6:	4d71      	ldr	r5, [pc, #452]	@ (10004f9c <tud_task_ext+0x344>)
10004dd8:	782b      	ldrb	r3, [r5, #0]
10004dda:	07db      	lsls	r3, r3, #31
10004ddc:	d400      	bmi.n	10004de0 <tud_task_ext+0x188>
10004dde:	e751      	b.n	10004c84 <tud_task_ext+0x2c>
10004de0:	7828      	ldrb	r0, [r5, #0]
10004de2:	0700      	lsls	r0, r0, #28
10004de4:	0fc0      	lsrs	r0, r0, #31
10004de6:	f7fb fa6f 	bl	100002c8 <tud_suspend_cb>
10004dea:	e74b      	b.n	10004c84 <tud_task_ext+0x2c>
10004dec:	7823      	ldrb	r3, [r4, #0]
10004dee:	4a6c      	ldr	r2, [pc, #432]	@ (10004fa0 <tud_task_ext+0x348>)
10004df0:	4698      	mov	r8, r3
10004df2:	4693      	mov	fp, r2
10004df4:	4b6b      	ldr	r3, [pc, #428]	@ (10004fa4 <tud_task_ext+0x34c>)
10004df6:	4a6c      	ldr	r2, [pc, #432]	@ (10004fa8 <tud_task_ext+0x350>)
10004df8:	4699      	mov	r9, r3
10004dfa:	0031      	movs	r1, r6
10004dfc:	4692      	mov	sl, r2
10004dfe:	003a      	movs	r2, r7
10004e00:	4646      	mov	r6, r8
10004e02:	464f      	mov	r7, r9
10004e04:	2500      	movs	r5, #0
10004e06:	4691      	mov	r9, r2
10004e08:	4688      	mov	r8, r1
10004e0a:	781b      	ldrb	r3, [r3, #0]
10004e0c:	e00e      	b.n	10004e2c <tud_task_ext+0x1d4>
10004e0e:	4653      	mov	r3, sl
10004e10:	681b      	ldr	r3, [r3, #0]
10004e12:	016a      	lsls	r2, r5, #5
10004e14:	189b      	adds	r3, r3, r2
10004e16:	2b00      	cmp	r3, #0
10004e18:	d100      	bne.n	10004e1c <tud_task_ext+0x1c4>
10004e1a:	e07e      	b.n	10004f1a <tud_task_ext+0x2c2>
10004e1c:	68db      	ldr	r3, [r3, #12]
10004e1e:	0030      	movs	r0, r6
10004e20:	4798      	blx	r3
10004e22:	3501      	adds	r5, #1
10004e24:	783b      	ldrb	r3, [r7, #0]
10004e26:	b2ed      	uxtb	r5, r5
10004e28:	42ab      	cmp	r3, r5
10004e2a:	d30c      	bcc.n	10004e46 <tud_task_ext+0x1ee>
10004e2c:	429d      	cmp	r5, r3
10004e2e:	d3ee      	bcc.n	10004e0e <tud_task_ext+0x1b6>
10004e30:	1aeb      	subs	r3, r5, r3
10004e32:	015b      	lsls	r3, r3, #5
10004e34:	445b      	add	r3, fp
10004e36:	68db      	ldr	r3, [r3, #12]
10004e38:	0030      	movs	r0, r6
10004e3a:	4798      	blx	r3
10004e3c:	3501      	adds	r5, #1
10004e3e:	783b      	ldrb	r3, [r7, #0]
10004e40:	b2ed      	uxtb	r5, r5
10004e42:	42ab      	cmp	r3, r5
10004e44:	d2f2      	bcs.n	10004e2c <tud_task_ext+0x1d4>
10004e46:	4d55      	ldr	r5, [pc, #340]	@ (10004f9c <tud_task_ext+0x344>)
10004e48:	2254      	movs	r2, #84	@ 0x54
10004e4a:	2100      	movs	r1, #0
10004e4c:	0028      	movs	r0, r5
10004e4e:	f7fd fd19 	bl	10002884 <__wrap_memset>
10004e52:	2210      	movs	r2, #16
10004e54:	21ff      	movs	r1, #255	@ 0xff
10004e56:	1d28      	adds	r0, r5, #4
10004e58:	f7fd fd14 	bl	10002884 <__wrap_memset>
10004e5c:	0028      	movs	r0, r5
10004e5e:	2220      	movs	r2, #32
10004e60:	21ff      	movs	r1, #255	@ 0xff
10004e62:	3014      	adds	r0, #20
10004e64:	4646      	mov	r6, r8
10004e66:	464f      	mov	r7, r9
10004e68:	f7fd fd0c 	bl	10002884 <__wrap_memset>
10004e6c:	f000 fbd4 	bl	10005618 <usbd_control_reset>
10004e70:	7923      	ldrb	r3, [r4, #4]
10004e72:	70ab      	strb	r3, [r5, #2]
10004e74:	e706      	b.n	10004c84 <tud_task_ext+0x2c>
10004e76:	7823      	ldrb	r3, [r4, #0]
10004e78:	4a4b      	ldr	r2, [pc, #300]	@ (10004fa8 <tud_task_ext+0x350>)
10004e7a:	4698      	mov	r8, r3
10004e7c:	4b49      	ldr	r3, [pc, #292]	@ (10004fa4 <tud_task_ext+0x34c>)
10004e7e:	4692      	mov	sl, r2
10004e80:	4699      	mov	r9, r3
10004e82:	0032      	movs	r2, r6
10004e84:	46bb      	mov	fp, r7
10004e86:	4646      	mov	r6, r8
10004e88:	2500      	movs	r5, #0
10004e8a:	464f      	mov	r7, r9
10004e8c:	4690      	mov	r8, r2
10004e8e:	781b      	ldrb	r3, [r3, #0]
10004e90:	e00d      	b.n	10004eae <tud_task_ext+0x256>
10004e92:	4653      	mov	r3, sl
10004e94:	681b      	ldr	r3, [r3, #0]
10004e96:	016a      	lsls	r2, r5, #5
10004e98:	189b      	adds	r3, r3, r2
10004e9a:	2b00      	cmp	r3, #0
10004e9c:	d041      	beq.n	10004f22 <tud_task_ext+0x2ca>
10004e9e:	68db      	ldr	r3, [r3, #12]
10004ea0:	0030      	movs	r0, r6
10004ea2:	4798      	blx	r3
10004ea4:	3501      	adds	r5, #1
10004ea6:	783b      	ldrb	r3, [r7, #0]
10004ea8:	b2ed      	uxtb	r5, r5
10004eaa:	42ab      	cmp	r3, r5
10004eac:	d30e      	bcc.n	10004ecc <tud_task_ext+0x274>
10004eae:	429d      	cmp	r5, r3
10004eb0:	d3ef      	bcc.n	10004e92 <tud_task_ext+0x23a>
10004eb2:	9a01      	ldr	r2, [sp, #4]
10004eb4:	1aeb      	subs	r3, r5, r3
10004eb6:	4694      	mov	ip, r2
10004eb8:	015b      	lsls	r3, r3, #5
10004eba:	4463      	add	r3, ip
10004ebc:	68db      	ldr	r3, [r3, #12]
10004ebe:	0030      	movs	r0, r6
10004ec0:	4798      	blx	r3
10004ec2:	3501      	adds	r5, #1
10004ec4:	783b      	ldrb	r3, [r7, #0]
10004ec6:	b2ed      	uxtb	r5, r5
10004ec8:	42ab      	cmp	r3, r5
10004eca:	d2f0      	bcs.n	10004eae <tud_task_ext+0x256>
10004ecc:	9d02      	ldr	r5, [sp, #8]
10004ece:	2254      	movs	r2, #84	@ 0x54
10004ed0:	2100      	movs	r1, #0
10004ed2:	0028      	movs	r0, r5
10004ed4:	f7fd fcd6 	bl	10002884 <__wrap_memset>
10004ed8:	2210      	movs	r2, #16
10004eda:	21ff      	movs	r1, #255	@ 0xff
10004edc:	4835      	ldr	r0, [pc, #212]	@ (10004fb4 <tud_task_ext+0x35c>)
10004ede:	f7fd fcd1 	bl	10002884 <__wrap_memset>
10004ee2:	0028      	movs	r0, r5
10004ee4:	2220      	movs	r2, #32
10004ee6:	21ff      	movs	r1, #255	@ 0xff
10004ee8:	3014      	adds	r0, #20
10004eea:	4646      	mov	r6, r8
10004eec:	465f      	mov	r7, fp
10004eee:	f7fd fcc9 	bl	10002884 <__wrap_memset>
10004ef2:	f000 fb91 	bl	10005618 <usbd_control_reset>
10004ef6:	f7fb f9df 	bl	100002b8 <tud_umount_cb>
10004efa:	e6c3      	b.n	10004c84 <tud_task_ext+0x2c>
10004efc:	4293      	cmp	r3, r2
10004efe:	d013      	beq.n	10004f28 <tud_task_ext+0x2d0>
10004f00:	b00f      	add	sp, #60	@ 0x3c
10004f02:	bcf0      	pop	{r4, r5, r6, r7}
10004f04:	46bb      	mov	fp, r7
10004f06:	46b2      	mov	sl, r6
10004f08:	46a9      	mov	r9, r5
10004f0a:	46a0      	mov	r8, r4
10004f0c:	bdf0      	pop	{r4, r5, r6, r7, pc}
10004f0e:	68a3      	ldr	r3, [r4, #8]
10004f10:	7962      	ldrb	r2, [r4, #5]
10004f12:	7820      	ldrb	r0, [r4, #0]
10004f14:	f000 fb9e 	bl	10005654 <usbd_control_xfer_cb>
10004f18:	e6b4      	b.n	10004c84 <tud_task_ext+0x2c>
10004f1a:	4646      	mov	r6, r8
10004f1c:	464f      	mov	r7, r9
10004f1e:	4d1f      	ldr	r5, [pc, #124]	@ (10004f9c <tud_task_ext+0x344>)
10004f20:	e7a4      	b.n	10004e6c <tud_task_ext+0x214>
10004f22:	4646      	mov	r6, r8
10004f24:	465f      	mov	r7, fp
10004f26:	e7e4      	b.n	10004ef2 <tud_task_ext+0x29a>
10004f28:	4d1d      	ldr	r5, [pc, #116]	@ (10004fa0 <tud_task_ext+0x348>)
10004f2a:	e6f5      	b.n	10004d18 <tud_task_ext+0xc0>
10004f2c:	2370      	movs	r3, #112	@ 0x70
10004f2e:	7a21      	ldrb	r1, [r4, #8]
10004f30:	420b      	tst	r3, r1
10004f32:	d117      	bne.n	10004f64 <tud_task_ext+0x30c>
10004f34:	09c8      	lsrs	r0, r1, #7
10004f36:	4683      	mov	fp, r0
10004f38:	330f      	adds	r3, #15
10004f3a:	400b      	ands	r3, r1
10004f3c:	005b      	lsls	r3, r3, #1
10004f3e:	4699      	mov	r9, r3
10004f40:	4818      	ldr	r0, [pc, #96]	@ (10004fa4 <tud_task_ext+0x34c>)
10004f42:	18eb      	adds	r3, r5, r3
10004f44:	445b      	add	r3, fp
10004f46:	7d1b      	ldrb	r3, [r3, #20]
10004f48:	7800      	ldrb	r0, [r0, #0]
10004f4a:	4283      	cmp	r3, r0
10004f4c:	d261      	bcs.n	10005012 <tud_task_ext+0x3ba>
10004f4e:	4816      	ldr	r0, [pc, #88]	@ (10004fa8 <tud_task_ext+0x350>)
10004f50:	015b      	lsls	r3, r3, #5
10004f52:	6800      	ldr	r0, [r0, #0]
10004f54:	4682      	mov	sl, r0
10004f56:	449a      	add	sl, r3
10004f58:	2a00      	cmp	r2, #0
10004f5a:	d100      	bne.n	10004f5e <tud_task_ext+0x306>
10004f5c:	e14e      	b.n	100051fc <tud_task_ext+0x5a4>
10004f5e:	4653      	mov	r3, sl
10004f60:	2b00      	cmp	r3, #0
10004f62:	d15e      	bne.n	10005022 <tud_task_ext+0x3ca>
10004f64:	7820      	ldrb	r0, [r4, #0]
10004f66:	2100      	movs	r1, #0
10004f68:	f7ff fd6e 	bl	10004a48 <dcd_edpt_stall>
10004f6c:	2180      	movs	r1, #128	@ 0x80
10004f6e:	7820      	ldrb	r0, [r4, #0]
10004f70:	f7ff fd6a 	bl	10004a48 <dcd_edpt_stall>
10004f74:	e686      	b.n	10004c84 <tud_task_ext+0x2c>
10004f76:	4810      	ldr	r0, [pc, #64]	@ (10004fb8 <tud_task_ext+0x360>)
10004f78:	f000 fb58 	bl	1000562c <usbd_control_set_complete_callback>
10004f7c:	2101      	movs	r1, #1
10004f7e:	4640      	mov	r0, r8
10004f80:	aa0c      	add	r2, sp, #48	@ 0x30
10004f82:	f7ff fdd7 	bl	10004b34 <tud_vendor_control_xfer_cb>
10004f86:	2800      	cmp	r0, #0
10004f88:	d000      	beq.n	10004f8c <tud_task_ext+0x334>
10004f8a:	e67b      	b.n	10004c84 <tud_task_ext+0x2c>
10004f8c:	e7ea      	b.n	10004f64 <tud_task_ext+0x30c>
10004f8e:	46c0      	nop			@ (mov r8, r8)
10004f90:	20001094 	.word	0x20001094
10004f94:	10006fc0 	.word	0x10006fc0
10004f98:	20001700 	.word	0x20001700
10004f9c:	200016a8 	.word	0x200016a8
10004fa0:	10007068 	.word	0x10007068
10004fa4:	20001d6c 	.word	0x20001d6c
10004fa8:	200015c8 	.word	0x200015c8
10004fac:	20001d6e 	.word	0x20001d6e
10004fb0:	10006fe4 	.word	0x10006fe4
10004fb4:	200016ac 	.word	0x200016ac
10004fb8:	10004b35 	.word	0x10004b35
10004fbc:	7a23      	ldrb	r3, [r4, #8]
10004fbe:	2b0f      	cmp	r3, #15
10004fc0:	d8d0      	bhi.n	10004f64 <tud_task_ext+0x30c>
10004fc2:	4ad5      	ldr	r2, [pc, #852]	@ (10005318 <tud_task_ext+0x6c0>)
10004fc4:	18eb      	adds	r3, r5, r3
10004fc6:	791b      	ldrb	r3, [r3, #4]
10004fc8:	7812      	ldrb	r2, [r2, #0]
10004fca:	4293      	cmp	r3, r2
10004fcc:	d334      	bcc.n	10005038 <tud_task_ext+0x3e0>
10004fce:	d1c9      	bne.n	10004f64 <tud_task_ext+0x30c>
10004fd0:	4dd2      	ldr	r5, [pc, #840]	@ (1000531c <tud_task_ext+0x6c4>)
10004fd2:	6968      	ldr	r0, [r5, #20]
10004fd4:	f000 fb2a 	bl	1000562c <usbd_control_set_complete_callback>
10004fd8:	2101      	movs	r1, #1
10004fda:	4640      	mov	r0, r8
10004fdc:	696b      	ldr	r3, [r5, #20]
10004fde:	aa0c      	add	r2, sp, #48	@ 0x30
10004fe0:	4798      	blx	r3
10004fe2:	2800      	cmp	r0, #0
10004fe4:	d000      	beq.n	10004fe8 <tud_task_ext+0x390>
10004fe6:	e64d      	b.n	10004c84 <tud_task_ext+0x2c>
10004fe8:	2260      	movs	r2, #96	@ 0x60
10004fea:	0015      	movs	r5, r2
10004fec:	7923      	ldrb	r3, [r4, #4]
10004fee:	401d      	ands	r5, r3
10004ff0:	421a      	tst	r2, r3
10004ff2:	d1b7      	bne.n	10004f64 <tud_task_ext+0x30c>
10004ff4:	7963      	ldrb	r3, [r4, #5]
10004ff6:	3b0a      	subs	r3, #10
10004ff8:	2b01      	cmp	r3, #1
10004ffa:	d8b3      	bhi.n	10004f64 <tud_task_ext+0x30c>
10004ffc:	f000 fb16 	bl	1000562c <usbd_control_set_complete_callback>
10005000:	7963      	ldrb	r3, [r4, #5]
10005002:	2b0a      	cmp	r3, #10
10005004:	d100      	bne.n	10005008 <tud_task_ext+0x3b0>
10005006:	e17d      	b.n	10005304 <tud_task_ext+0x6ac>
10005008:	4640      	mov	r0, r8
1000500a:	a90c      	add	r1, sp, #48	@ 0x30
1000500c:	f000 fa9a 	bl	10005544 <tud_control_status>
10005010:	e638      	b.n	10004c84 <tud_task_ext+0x2c>
10005012:	4283      	cmp	r3, r0
10005014:	d000      	beq.n	10005018 <tud_task_ext+0x3c0>
10005016:	e0ec      	b.n	100051f2 <tud_task_ext+0x59a>
10005018:	4bc0      	ldr	r3, [pc, #768]	@ (1000531c <tud_task_ext+0x6c4>)
1000501a:	469a      	mov	sl, r3
1000501c:	2a00      	cmp	r2, #0
1000501e:	d100      	bne.n	10005022 <tud_task_ext+0x3ca>
10005020:	e0ec      	b.n	100051fc <tud_task_ext+0x5a4>
10005022:	4653      	mov	r3, sl
10005024:	6958      	ldr	r0, [r3, #20]
10005026:	f000 fb01 	bl	1000562c <usbd_control_set_complete_callback>
1000502a:	4653      	mov	r3, sl
1000502c:	2101      	movs	r1, #1
1000502e:	4640      	mov	r0, r8
10005030:	695b      	ldr	r3, [r3, #20]
10005032:	aa0c      	add	r2, sp, #48	@ 0x30
10005034:	4798      	blx	r3
10005036:	e7a6      	b.n	10004f86 <tud_task_ext+0x32e>
10005038:	4ab9      	ldr	r2, [pc, #740]	@ (10005320 <tud_task_ext+0x6c8>)
1000503a:	015b      	lsls	r3, r3, #5
1000503c:	6815      	ldr	r5, [r2, #0]
1000503e:	18ed      	adds	r5, r5, r3
10005040:	2d00      	cmp	r5, #0
10005042:	d1c6      	bne.n	10004fd2 <tud_task_ext+0x37a>
10005044:	e78e      	b.n	10004f64 <tud_task_ext+0x30c>
10005046:	79a3      	ldrb	r3, [r4, #6]
10005048:	469a      	mov	sl, r3
1000504a:	786b      	ldrb	r3, [r5, #1]
1000504c:	459a      	cmp	sl, r3
1000504e:	d0db      	beq.n	10005008 <tud_task_ext+0x3b0>
10005050:	786b      	ldrb	r3, [r5, #1]
10005052:	2b00      	cmp	r3, #0
10005054:	d000      	beq.n	10005058 <tud_task_ext+0x400>
10005056:	e128      	b.n	100052aa <tud_task_ext+0x652>
10005058:	4653      	mov	r3, sl
1000505a:	706b      	strb	r3, [r5, #1]
1000505c:	2b00      	cmp	r3, #0
1000505e:	d100      	bne.n	10005062 <tud_task_ext+0x40a>
10005060:	e120      	b.n	100052a4 <tud_task_ext+0x64c>
10005062:	4650      	mov	r0, sl
10005064:	3801      	subs	r0, #1
10005066:	b2c0      	uxtb	r0, r0
10005068:	f7fb f9c2 	bl	100003f0 <tud_descriptor_configuration_cb>
1000506c:	2800      	cmp	r0, #0
1000506e:	d100      	bne.n	10005072 <tud_task_ext+0x41a>
10005070:	e171      	b.n	10005356 <tud_task_ext+0x6fe>
10005072:	7843      	ldrb	r3, [r0, #1]
10005074:	2b02      	cmp	r3, #2
10005076:	d000      	beq.n	1000507a <tud_task_ext+0x422>
10005078:	e16d      	b.n	10005356 <tud_task_ext+0x6fe>
1000507a:	2201      	movs	r2, #1
1000507c:	79c1      	ldrb	r1, [r0, #7]
1000507e:	46a9      	mov	r9, r5
10005080:	118b      	asrs	r3, r1, #6
10005082:	1149      	asrs	r1, r1, #5
10005084:	4013      	ands	r3, r2
10005086:	400a      	ands	r2, r1
10005088:	2130      	movs	r1, #48	@ 0x30
1000508a:	0112      	lsls	r2, r2, #4
1000508c:	015b      	lsls	r3, r3, #5
1000508e:	4313      	orrs	r3, r2
10005090:	782a      	ldrb	r2, [r5, #0]
10005092:	438a      	bics	r2, r1
10005094:	4313      	orrs	r3, r2
10005096:	702b      	strb	r3, [r5, #0]
10005098:	2309      	movs	r3, #9
1000509a:	469b      	mov	fp, r3
1000509c:	4483      	add	fp, r0
1000509e:	465d      	mov	r5, fp
100050a0:	46b3      	mov	fp, r6
100050a2:	78c3      	ldrb	r3, [r0, #3]
100050a4:	7882      	ldrb	r2, [r0, #2]
100050a6:	021b      	lsls	r3, r3, #8
100050a8:	4313      	orrs	r3, r2
100050aa:	18c3      	adds	r3, r0, r3
100050ac:	9306      	str	r3, [sp, #24]
100050ae:	4b9a      	ldr	r3, [pc, #616]	@ (10005318 <tud_task_ext+0x6c0>)
100050b0:	9704      	str	r7, [sp, #16]
100050b2:	9305      	str	r3, [sp, #20]
100050b4:	4b99      	ldr	r3, [pc, #612]	@ (1000531c <tud_task_ext+0x6c4>)
100050b6:	9308      	str	r3, [sp, #32]
100050b8:	4b99      	ldr	r3, [pc, #612]	@ (10005320 <tud_task_ext+0x6c8>)
100050ba:	469a      	mov	sl, r3
100050bc:	4b99      	ldr	r3, [pc, #612]	@ (10005324 <tud_task_ext+0x6cc>)
100050be:	9309      	str	r3, [sp, #36]	@ 0x24
100050c0:	9b06      	ldr	r3, [sp, #24]
100050c2:	42ab      	cmp	r3, r5
100050c4:	d800      	bhi.n	100050c8 <tud_task_ext+0x470>
100050c6:	e149      	b.n	1000535c <tud_task_ext+0x704>
100050c8:	786b      	ldrb	r3, [r5, #1]
100050ca:	2201      	movs	r2, #1
100050cc:	2b0b      	cmp	r3, #11
100050ce:	d103      	bne.n	100050d8 <tud_task_ext+0x480>
100050d0:	782b      	ldrb	r3, [r5, #0]
100050d2:	78ea      	ldrb	r2, [r5, #3]
100050d4:	18ed      	adds	r5, r5, r3
100050d6:	786b      	ldrb	r3, [r5, #1]
100050d8:	2b04      	cmp	r3, #4
100050da:	d000      	beq.n	100050de <tud_task_ext+0x486>
100050dc:	e138      	b.n	10005350 <tud_task_ext+0x6f8>
100050de:	9b06      	ldr	r3, [sp, #24]
100050e0:	2600      	movs	r6, #0
100050e2:	1b5b      	subs	r3, r3, r5
100050e4:	b29b      	uxth	r3, r3
100050e6:	9307      	str	r3, [sp, #28]
100050e8:	9b05      	ldr	r3, [sp, #20]
100050ea:	0017      	movs	r7, r2
100050ec:	781b      	ldrb	r3, [r3, #0]
100050ee:	e018      	b.n	10005122 <tud_task_ext+0x4ca>
100050f0:	4653      	mov	r3, sl
100050f2:	681b      	ldr	r3, [r3, #0]
100050f4:	0172      	lsls	r2, r6, #5
100050f6:	189b      	adds	r3, r3, r2
100050f8:	2b00      	cmp	r3, #0
100050fa:	d100      	bne.n	100050fe <tud_task_ext+0x4a6>
100050fc:	e128      	b.n	10005350 <tud_task_ext+0x6f8>
100050fe:	0029      	movs	r1, r5
10005100:	4640      	mov	r0, r8
10005102:	691b      	ldr	r3, [r3, #16]
10005104:	9a07      	ldr	r2, [sp, #28]
10005106:	4798      	blx	r3
10005108:	2808      	cmp	r0, #8
1000510a:	d903      	bls.n	10005114 <tud_task_ext+0x4bc>
1000510c:	9b07      	ldr	r3, [sp, #28]
1000510e:	4283      	cmp	r3, r0
10005110:	d300      	bcc.n	10005114 <tud_task_ext+0x4bc>
10005112:	e10b      	b.n	1000532c <tud_task_ext+0x6d4>
10005114:	9b05      	ldr	r3, [sp, #20]
10005116:	3601      	adds	r6, #1
10005118:	781b      	ldrb	r3, [r3, #0]
1000511a:	b2f6      	uxtb	r6, r6
1000511c:	42b3      	cmp	r3, r6
1000511e:	d200      	bcs.n	10005122 <tud_task_ext+0x4ca>
10005120:	e116      	b.n	10005350 <tud_task_ext+0x6f8>
10005122:	42b3      	cmp	r3, r6
10005124:	d8e4      	bhi.n	100050f0 <tud_task_ext+0x498>
10005126:	9a08      	ldr	r2, [sp, #32]
10005128:	1af3      	subs	r3, r6, r3
1000512a:	4694      	mov	ip, r2
1000512c:	015b      	lsls	r3, r3, #5
1000512e:	4463      	add	r3, ip
10005130:	e7e5      	b.n	100050fe <tud_task_ext+0x4a6>
10005132:	786b      	ldrb	r3, [r5, #1]
10005134:	aa0a      	add	r2, sp, #40	@ 0x28
10005136:	3202      	adds	r2, #2
10005138:	7013      	strb	r3, [r2, #0]
1000513a:	4640      	mov	r0, r8
1000513c:	2301      	movs	r3, #1
1000513e:	a90c      	add	r1, sp, #48	@ 0x30
10005140:	f000 fa16 	bl	10005570 <tud_control_xfer>
10005144:	e59e      	b.n	10004c84 <tud_task_ext+0x2c>
10005146:	88e3      	ldrh	r3, [r4, #6]
10005148:	0a1a      	lsrs	r2, r3, #8
1000514a:	b2d8      	uxtb	r0, r3
1000514c:	2a0f      	cmp	r2, #15
1000514e:	d900      	bls.n	10005152 <tud_task_ext+0x4fa>
10005150:	e708      	b.n	10004f64 <tud_task_ext+0x30c>
10005152:	4975      	ldr	r1, [pc, #468]	@ (10005328 <tud_task_ext+0x6d0>)
10005154:	0093      	lsls	r3, r2, #2
10005156:	58cb      	ldr	r3, [r1, r3]
10005158:	469f      	mov	pc, r3
1000515a:	a80c      	add	r0, sp, #48	@ 0x30
1000515c:	f000 fa6c 	bl	10005638 <usbd_control_set_request>
10005160:	4640      	mov	r0, r8
10005162:	79a1      	ldrb	r1, [r4, #6]
10005164:	f7ff fbaa 	bl	100048bc <dcd_set_address>
10005168:	2202      	movs	r2, #2
1000516a:	782b      	ldrb	r3, [r5, #0]
1000516c:	4313      	orrs	r3, r2
1000516e:	702b      	strb	r3, [r5, #0]
10005170:	e588      	b.n	10004c84 <tud_task_ext+0x2c>
10005172:	88e3      	ldrh	r3, [r4, #6]
10005174:	2b01      	cmp	r3, #1
10005176:	d000      	beq.n	1000517a <tud_task_ext+0x522>
10005178:	e6f4      	b.n	10004f64 <tud_task_ext+0x30c>
1000517a:	2208      	movs	r2, #8
1000517c:	782b      	ldrb	r3, [r5, #0]
1000517e:	4640      	mov	r0, r8
10005180:	4393      	bics	r3, r2
10005182:	a90c      	add	r1, sp, #48	@ 0x30
10005184:	702b      	strb	r3, [r5, #0]
10005186:	f000 f9dd 	bl	10005544 <tud_control_status>
1000518a:	e57b      	b.n	10004c84 <tud_task_ext+0x2c>
1000518c:	2002      	movs	r0, #2
1000518e:	7829      	ldrb	r1, [r5, #0]
10005190:	ab0a      	add	r3, sp, #40	@ 0x28
10005192:	1c9a      	adds	r2, r3, #2
10005194:	068b      	lsls	r3, r1, #26
10005196:	0889      	lsrs	r1, r1, #2
10005198:	0fdb      	lsrs	r3, r3, #31
1000519a:	4001      	ands	r1, r0
1000519c:	430b      	orrs	r3, r1
1000519e:	8013      	strh	r3, [r2, #0]
100051a0:	4640      	mov	r0, r8
100051a2:	2302      	movs	r3, #2
100051a4:	a90c      	add	r1, sp, #48	@ 0x30
100051a6:	f000 f9e3 	bl	10005570 <tud_control_xfer>
100051aa:	e56b      	b.n	10004c84 <tud_task_ext+0x2c>
100051ac:	88e3      	ldrh	r3, [r4, #6]
100051ae:	2b01      	cmp	r3, #1
100051b0:	d000      	beq.n	100051b4 <tud_task_ext+0x55c>
100051b2:	e6d7      	b.n	10004f64 <tud_task_ext+0x30c>
100051b4:	2208      	movs	r2, #8
100051b6:	782b      	ldrb	r3, [r5, #0]
100051b8:	4313      	orrs	r3, r2
100051ba:	702b      	strb	r3, [r5, #0]
100051bc:	e724      	b.n	10005008 <tud_task_ext+0x3b0>
100051be:	7a23      	ldrb	r3, [r4, #8]
100051c0:	2b0f      	cmp	r3, #15
100051c2:	d900      	bls.n	100051c6 <tud_task_ext+0x56e>
100051c4:	e6ce      	b.n	10004f64 <tud_task_ext+0x30c>
100051c6:	4a54      	ldr	r2, [pc, #336]	@ (10005318 <tud_task_ext+0x6c0>)
100051c8:	18eb      	adds	r3, r5, r3
100051ca:	791b      	ldrb	r3, [r3, #4]
100051cc:	7812      	ldrb	r2, [r2, #0]
100051ce:	4293      	cmp	r3, r2
100051d0:	d228      	bcs.n	10005224 <tud_task_ext+0x5cc>
100051d2:	4a53      	ldr	r2, [pc, #332]	@ (10005320 <tud_task_ext+0x6c8>)
100051d4:	015b      	lsls	r3, r3, #5
100051d6:	6815      	ldr	r5, [r2, #0]
100051d8:	18ed      	adds	r5, r5, r3
100051da:	2d00      	cmp	r5, #0
100051dc:	d100      	bne.n	100051e0 <tud_task_ext+0x588>
100051de:	e6c1      	b.n	10004f64 <tud_task_ext+0x30c>
100051e0:	6968      	ldr	r0, [r5, #20]
100051e2:	f000 fa23 	bl	1000562c <usbd_control_set_complete_callback>
100051e6:	2101      	movs	r1, #1
100051e8:	4640      	mov	r0, r8
100051ea:	696b      	ldr	r3, [r5, #20]
100051ec:	aa0c      	add	r2, sp, #48	@ 0x30
100051ee:	4798      	blx	r3
100051f0:	e6c9      	b.n	10004f86 <tud_task_ext+0x32e>
100051f2:	2a00      	cmp	r2, #0
100051f4:	d000      	beq.n	100051f8 <tud_task_ext+0x5a0>
100051f6:	e6b5      	b.n	10004f64 <tud_task_ext+0x30c>
100051f8:	2300      	movs	r3, #0
100051fa:	469a      	mov	sl, r3
100051fc:	7962      	ldrb	r2, [r4, #5]
100051fe:	2002      	movs	r0, #2
10005200:	0013      	movs	r3, r2
10005202:	9204      	str	r2, [sp, #16]
10005204:	4383      	bics	r3, r0
10005206:	2b01      	cmp	r3, #1
10005208:	d011      	beq.n	1000522e <tud_task_ext+0x5d6>
1000520a:	2a00      	cmp	r2, #0
1000520c:	d000      	beq.n	10005210 <tud_task_ext+0x5b8>
1000520e:	e6a9      	b.n	10004f64 <tud_task_ext+0x30c>
10005210:	002b      	movs	r3, r5
10005212:	444b      	add	r3, r9
10005214:	445b      	add	r3, fp
10005216:	3330      	adds	r3, #48	@ 0x30
10005218:	791b      	ldrb	r3, [r3, #4]
1000521a:	aa0a      	add	r2, sp, #40	@ 0x28
1000521c:	079b      	lsls	r3, r3, #30
1000521e:	0fdb      	lsrs	r3, r3, #31
10005220:	3202      	adds	r2, #2
10005222:	e7bc      	b.n	1000519e <tud_task_ext+0x546>
10005224:	4293      	cmp	r3, r2
10005226:	d000      	beq.n	1000522a <tud_task_ext+0x5d2>
10005228:	e69c      	b.n	10004f64 <tud_task_ext+0x30c>
1000522a:	4d3c      	ldr	r5, [pc, #240]	@ (1000531c <tud_task_ext+0x6c4>)
1000522c:	e7d8      	b.n	100051e0 <tud_task_ext+0x588>
1000522e:	88e3      	ldrh	r3, [r4, #6]
10005230:	2b00      	cmp	r3, #0
10005232:	d112      	bne.n	1000525a <tud_task_ext+0x602>
10005234:	9b03      	ldr	r3, [sp, #12]
10005236:	7818      	ldrb	r0, [r3, #0]
10005238:	9b04      	ldr	r3, [sp, #16]
1000523a:	2b01      	cmp	r3, #1
1000523c:	d023      	beq.n	10005286 <tud_task_ext+0x62e>
1000523e:	f7ff fc03 	bl	10004a48 <dcd_edpt_stall>
10005242:	464b      	mov	r3, r9
10005244:	2102      	movs	r1, #2
10005246:	18eb      	adds	r3, r5, r3
10005248:	445b      	add	r3, fp
1000524a:	3330      	adds	r3, #48	@ 0x30
1000524c:	791a      	ldrb	r2, [r3, #4]
1000524e:	430a      	orrs	r2, r1
10005250:	2101      	movs	r1, #1
10005252:	711a      	strb	r2, [r3, #4]
10005254:	791a      	ldrb	r2, [r3, #4]
10005256:	430a      	orrs	r2, r1
10005258:	711a      	strb	r2, [r3, #4]
1000525a:	4653      	mov	r3, sl
1000525c:	2b00      	cmp	r3, #0
1000525e:	d100      	bne.n	10005262 <tud_task_ext+0x60a>
10005260:	e510      	b.n	10004c84 <tud_task_ext+0x2c>
10005262:	6958      	ldr	r0, [r3, #20]
10005264:	f000 f9e2 	bl	1000562c <usbd_control_set_complete_callback>
10005268:	4653      	mov	r3, sl
1000526a:	2101      	movs	r1, #1
1000526c:	695b      	ldr	r3, [r3, #20]
1000526e:	aa0c      	add	r2, sp, #48	@ 0x30
10005270:	4640      	mov	r0, r8
10005272:	4798      	blx	r3
10005274:	2000      	movs	r0, #0
10005276:	f000 f9d9 	bl	1000562c <usbd_control_set_complete_callback>
1000527a:	2335      	movs	r3, #53	@ 0x35
1000527c:	5ceb      	ldrb	r3, [r5, r3]
1000527e:	07db      	lsls	r3, r3, #31
10005280:	d500      	bpl.n	10005284 <tud_task_ext+0x62c>
10005282:	e4ff      	b.n	10004c84 <tud_task_ext+0x2c>
10005284:	e6c0      	b.n	10005008 <tud_task_ext+0x3b0>
10005286:	f7ff fbfd 	bl	10004a84 <dcd_edpt_clear_stall>
1000528a:	464b      	mov	r3, r9
1000528c:	2102      	movs	r1, #2
1000528e:	18eb      	adds	r3, r5, r3
10005290:	445b      	add	r3, fp
10005292:	3330      	adds	r3, #48	@ 0x30
10005294:	791a      	ldrb	r2, [r3, #4]
10005296:	438a      	bics	r2, r1
10005298:	711a      	strb	r2, [r3, #4]
1000529a:	791a      	ldrb	r2, [r3, #4]
1000529c:	9904      	ldr	r1, [sp, #16]
1000529e:	438a      	bics	r2, r1
100052a0:	711a      	strb	r2, [r3, #4]
100052a2:	e7da      	b.n	1000525a <tud_task_ext+0x602>
100052a4:	f7fb f808 	bl	100002b8 <tud_umount_cb>
100052a8:	e6ae      	b.n	10005008 <tud_task_ext+0x3b0>
100052aa:	2100      	movs	r1, #0
100052ac:	4640      	mov	r0, r8
100052ae:	f7ff fb0f 	bl	100048d0 <dcd_sof_enable>
100052b2:	4640      	mov	r0, r8
100052b4:	f7ff fbb2 	bl	10004a1c <dcd_edpt_close_all>
100052b8:	2200      	movs	r2, #0
100052ba:	4693      	mov	fp, r2
100052bc:	4a17      	ldr	r2, [pc, #92]	@ (1000531c <tud_task_ext+0x6c4>)
100052be:	78ab      	ldrb	r3, [r5, #2]
100052c0:	9205      	str	r2, [sp, #20]
100052c2:	4a17      	ldr	r2, [pc, #92]	@ (10005320 <tud_task_ext+0x6c8>)
100052c4:	9304      	str	r3, [sp, #16]
100052c6:	9206      	str	r2, [sp, #24]
100052c8:	002a      	movs	r2, r5
100052ca:	4b13      	ldr	r3, [pc, #76]	@ (10005318 <tud_task_ext+0x6c0>)
100052cc:	465d      	mov	r5, fp
100052ce:	4699      	mov	r9, r3
100052d0:	4693      	mov	fp, r2
100052d2:	781b      	ldrb	r3, [r3, #0]
100052d4:	e00e      	b.n	100052f4 <tud_task_ext+0x69c>
100052d6:	9b06      	ldr	r3, [sp, #24]
100052d8:	016a      	lsls	r2, r5, #5
100052da:	681b      	ldr	r3, [r3, #0]
100052dc:	189b      	adds	r3, r3, r2
100052de:	2b00      	cmp	r3, #0
100052e0:	d055      	beq.n	1000538e <tud_task_ext+0x736>
100052e2:	68db      	ldr	r3, [r3, #12]
100052e4:	4640      	mov	r0, r8
100052e6:	4798      	blx	r3
100052e8:	464b      	mov	r3, r9
100052ea:	3501      	adds	r5, #1
100052ec:	781b      	ldrb	r3, [r3, #0]
100052ee:	b2ed      	uxtb	r5, r5
100052f0:	42ab      	cmp	r3, r5
100052f2:	d338      	bcc.n	10005366 <tud_task_ext+0x70e>
100052f4:	429d      	cmp	r5, r3
100052f6:	d3ee      	bcc.n	100052d6 <tud_task_ext+0x67e>
100052f8:	9a05      	ldr	r2, [sp, #20]
100052fa:	1aeb      	subs	r3, r5, r3
100052fc:	4694      	mov	ip, r2
100052fe:	015b      	lsls	r3, r3, #5
10005300:	4463      	add	r3, ip
10005302:	e7ee      	b.n	100052e2 <tud_task_ext+0x68a>
10005304:	ab0a      	add	r3, sp, #40	@ 0x28
10005306:	1c9a      	adds	r2, r3, #2
10005308:	4640      	mov	r0, r8
1000530a:	2301      	movs	r3, #1
1000530c:	a90c      	add	r1, sp, #48	@ 0x30
1000530e:	7015      	strb	r5, [r2, #0]
10005310:	f000 f92e 	bl	10005570 <tud_control_xfer>
10005314:	e4b6      	b.n	10004c84 <tud_task_ext+0x2c>
10005316:	46c0      	nop			@ (mov r8, r8)
10005318:	20001d6c 	.word	0x20001d6c
1000531c:	10007068 	.word	0x10007068
10005320:	200015c8 	.word	0x200015c8
10005324:	200016bc 	.word	0x200016bc
10005328:	1000700c 	.word	0x1000700c
1000532c:	003a      	movs	r2, r7
1000532e:	0007      	movs	r7, r0
10005330:	2a00      	cmp	r2, #0
10005332:	d03c      	beq.n	100053ae <tud_task_ext+0x756>
10005334:	78ab      	ldrb	r3, [r5, #2]
10005336:	189a      	adds	r2, r3, r2
10005338:	b2d2      	uxtb	r2, r2
1000533a:	e004      	b.n	10005346 <tud_task_ext+0x6ee>
1000533c:	3301      	adds	r3, #1
1000533e:	b2db      	uxtb	r3, r3
10005340:	710e      	strb	r6, [r1, #4]
10005342:	429a      	cmp	r2, r3
10005344:	d033      	beq.n	100053ae <tud_task_ext+0x756>
10005346:	4649      	mov	r1, r9
10005348:	18c9      	adds	r1, r1, r3
1000534a:	7908      	ldrb	r0, [r1, #4]
1000534c:	28ff      	cmp	r0, #255	@ 0xff
1000534e:	d0f5      	beq.n	1000533c <tud_task_ext+0x6e4>
10005350:	465e      	mov	r6, fp
10005352:	464d      	mov	r5, r9
10005354:	9f04      	ldr	r7, [sp, #16]
10005356:	2300      	movs	r3, #0
10005358:	706b      	strb	r3, [r5, #1]
1000535a:	e603      	b.n	10004f64 <tud_task_ext+0x30c>
1000535c:	465e      	mov	r6, fp
1000535e:	9f04      	ldr	r7, [sp, #16]
10005360:	f7fa ffa2 	bl	100002a8 <tud_mount_cb>
10005364:	e650      	b.n	10005008 <tud_task_ext+0x3b0>
10005366:	465d      	mov	r5, fp
10005368:	2254      	movs	r2, #84	@ 0x54
1000536a:	2100      	movs	r1, #0
1000536c:	0028      	movs	r0, r5
1000536e:	f7fd fa89 	bl	10002884 <__wrap_memset>
10005372:	2210      	movs	r2, #16
10005374:	21ff      	movs	r1, #255	@ 0xff
10005376:	1d28      	adds	r0, r5, #4
10005378:	f7fd fa84 	bl	10002884 <__wrap_memset>
1000537c:	0028      	movs	r0, r5
1000537e:	2220      	movs	r2, #32
10005380:	21ff      	movs	r1, #255	@ 0xff
10005382:	3014      	adds	r0, #20
10005384:	f7fd fa7e 	bl	10002884 <__wrap_memset>
10005388:	9b04      	ldr	r3, [sp, #16]
1000538a:	70ab      	strb	r3, [r5, #2]
1000538c:	e664      	b.n	10005058 <tud_task_ext+0x400>
1000538e:	465d      	mov	r5, fp
10005390:	e7fa      	b.n	10005388 <tud_task_ext+0x730>
10005392:	f7ff fbd5 	bl	10004b40 <tud_descriptor_bos_cb>
10005396:	1e02      	subs	r2, r0, #0
10005398:	d100      	bne.n	1000539c <tud_task_ext+0x744>
1000539a:	e5e3      	b.n	10004f64 <tud_task_ext+0x30c>
1000539c:	78d3      	ldrb	r3, [r2, #3]
1000539e:	7891      	ldrb	r1, [r2, #2]
100053a0:	021b      	lsls	r3, r3, #8
100053a2:	430b      	orrs	r3, r1
100053a4:	4640      	mov	r0, r8
100053a6:	a90c      	add	r1, sp, #48	@ 0x30
100053a8:	f000 f8e2 	bl	10005570 <tud_control_xfer>
100053ac:	e5eb      	b.n	10004f86 <tud_task_ext+0x32e>
100053ae:	0033      	movs	r3, r6
100053b0:	0029      	movs	r1, r5
100053b2:	003a      	movs	r2, r7
100053b4:	9809      	ldr	r0, [sp, #36]	@ 0x24
100053b6:	f000 fbf3 	bl	10005ba0 <tu_edpt_bind_driver>
100053ba:	9b05      	ldr	r3, [sp, #20]
100053bc:	19ed      	adds	r5, r5, r7
100053be:	781b      	ldrb	r3, [r3, #0]
100053c0:	42b3      	cmp	r3, r6
100053c2:	d300      	bcc.n	100053c6 <tud_task_ext+0x76e>
100053c4:	e67c      	b.n	100050c0 <tud_task_ext+0x468>
100053c6:	e7c3      	b.n	10005350 <tud_task_ext+0x6f8>
100053c8:	f7ff fbbc 	bl	10004b44 <tud_descriptor_device_qualifier_cb>
100053cc:	1e02      	subs	r2, r0, #0
100053ce:	d100      	bne.n	100053d2 <tud_task_ext+0x77a>
100053d0:	e5c8      	b.n	10004f64 <tud_task_ext+0x30c>
100053d2:	4640      	mov	r0, r8
100053d4:	7813      	ldrb	r3, [r2, #0]
100053d6:	a90c      	add	r1, sp, #48	@ 0x30
100053d8:	f000 f8ca 	bl	10005570 <tud_control_xfer>
100053dc:	e5d3      	b.n	10004f86 <tud_task_ext+0x32e>
100053de:	8921      	ldrh	r1, [r4, #8]
100053e0:	f7fb f80a 	bl	100003f8 <tud_descriptor_string_cb>
100053e4:	1e02      	subs	r2, r0, #0
100053e6:	d1f4      	bne.n	100053d2 <tud_task_ext+0x77a>
100053e8:	e5bc      	b.n	10004f64 <tud_task_ext+0x30c>
100053ea:	2a02      	cmp	r2, #2
100053ec:	d00f      	beq.n	1000540e <tud_task_ext+0x7b6>
100053ee:	f7ff fbab 	bl	10004b48 <tud_descriptor_other_speed_configuration_cb>
100053f2:	1e02      	subs	r2, r0, #0
100053f4:	d1d2      	bne.n	1000539c <tud_task_ext+0x744>
100053f6:	e5b5      	b.n	10004f64 <tud_task_ext+0x30c>
100053f8:	f7fa fff2 	bl	100003e0 <tud_descriptor_device_cb>
100053fc:	1e02      	subs	r2, r0, #0
100053fe:	d100      	bne.n	10005402 <tud_task_ext+0x7aa>
10005400:	e5b0      	b.n	10004f64 <tud_task_ext+0x30c>
10005402:	2312      	movs	r3, #18
10005404:	4640      	mov	r0, r8
10005406:	a90c      	add	r1, sp, #48	@ 0x30
10005408:	f000 f8b2 	bl	10005570 <tud_control_xfer>
1000540c:	e5bb      	b.n	10004f86 <tud_task_ext+0x32e>
1000540e:	f7fa ffef 	bl	100003f0 <tud_descriptor_configuration_cb>
10005412:	1e02      	subs	r2, r0, #0
10005414:	d1c2      	bne.n	1000539c <tud_task_ext+0x744>
10005416:	e5a5      	b.n	10004f64 <tud_task_ext+0x30c>

10005418 <usbd_open_edpt_pair>:
10005418:	b5f8      	push	{r3, r4, r5, r6, r7, lr}
1000541a:	4657      	mov	r7, sl
1000541c:	464e      	mov	r6, r9
1000541e:	46de      	mov	lr, fp
10005420:	4645      	mov	r5, r8
10005422:	000c      	movs	r4, r1
10005424:	b5e0      	push	{r5, r6, r7, lr}
10005426:	0016      	movs	r6, r2
10005428:	001f      	movs	r7, r3
1000542a:	2a00      	cmp	r2, #0
1000542c:	d03c      	beq.n	100054a8 <usbd_open_edpt_pair+0x90>
1000542e:	2370      	movs	r3, #112	@ 0x70
10005430:	4698      	mov	r8, r3
10005432:	4b1e      	ldr	r3, [pc, #120]	@ (100054ac <usbd_open_edpt_pair+0x94>)
10005434:	2500      	movs	r5, #0
10005436:	469b      	mov	fp, r3
10005438:	4b1d      	ldr	r3, [pc, #116]	@ (100054b0 <usbd_open_edpt_pair+0x98>)
1000543a:	469a      	mov	sl, r3
1000543c:	e01a      	b.n	10005474 <usbd_open_edpt_pair+0x5c>
1000543e:	465b      	mov	r3, fp
10005440:	781b      	ldrb	r3, [r3, #0]
10005442:	0020      	movs	r0, r4
10005444:	4699      	mov	r9, r3
10005446:	4653      	mov	r3, sl
10005448:	7899      	ldrb	r1, [r3, #2]
1000544a:	f000 fb6b 	bl	10005b24 <tu_edpt_validate>
1000544e:	2800      	cmp	r0, #0
10005450:	d01c      	beq.n	1000548c <usbd_open_edpt_pair+0x74>
10005452:	0021      	movs	r1, r4
10005454:	4648      	mov	r0, r9
10005456:	f7ff fa57 	bl	10004908 <dcd_edpt_open>
1000545a:	2800      	cmp	r0, #0
1000545c:	d016      	beq.n	1000548c <usbd_open_edpt_pair+0x74>
1000545e:	78a3      	ldrb	r3, [r4, #2]
10005460:	09da      	lsrs	r2, r3, #7
10005462:	2a01      	cmp	r2, #1
10005464:	d019      	beq.n	1000549a <usbd_open_edpt_pair+0x82>
10005466:	9a0a      	ldr	r2, [sp, #40]	@ 0x28
10005468:	3501      	adds	r5, #1
1000546a:	7013      	strb	r3, [r2, #0]
1000546c:	7823      	ldrb	r3, [r4, #0]
1000546e:	18e4      	adds	r4, r4, r3
10005470:	42ae      	cmp	r6, r5
10005472:	dd19      	ble.n	100054a8 <usbd_open_edpt_pair+0x90>
10005474:	7863      	ldrb	r3, [r4, #1]
10005476:	2b05      	cmp	r3, #5
10005478:	d108      	bne.n	1000548c <usbd_open_edpt_pair+0x74>
1000547a:	78e3      	ldrb	r3, [r4, #3]
1000547c:	079b      	lsls	r3, r3, #30
1000547e:	0f9b      	lsrs	r3, r3, #30
10005480:	42bb      	cmp	r3, r7
10005482:	d103      	bne.n	1000548c <usbd_open_edpt_pair+0x74>
10005484:	4642      	mov	r2, r8
10005486:	78a3      	ldrb	r3, [r4, #2]
10005488:	421a      	tst	r2, r3
1000548a:	d0d8      	beq.n	1000543e <usbd_open_edpt_pair+0x26>
1000548c:	2000      	movs	r0, #0
1000548e:	bcf0      	pop	{r4, r5, r6, r7}
10005490:	46bb      	mov	fp, r7
10005492:	46b2      	mov	sl, r6
10005494:	46a9      	mov	r9, r5
10005496:	46a0      	mov	r8, r4
10005498:	bdf8      	pop	{r3, r4, r5, r6, r7, pc}
1000549a:	9a0b      	ldr	r2, [sp, #44]	@ 0x2c
1000549c:	3501      	adds	r5, #1
1000549e:	7013      	strb	r3, [r2, #0]
100054a0:	7823      	ldrb	r3, [r4, #0]
100054a2:	18e4      	adds	r4, r4, r3
100054a4:	42ae      	cmp	r6, r5
100054a6:	dce5      	bgt.n	10005474 <usbd_open_edpt_pair+0x5c>
100054a8:	2001      	movs	r0, #1
100054aa:	e7f0      	b.n	1000548e <usbd_open_edpt_pair+0x76>
100054ac:	20001094 	.word	0x20001094
100054b0:	200016a8 	.word	0x200016a8

100054b4 <usbd_edpt_claim>:
100054b4:	000b      	movs	r3, r1
100054b6:	207f      	movs	r0, #127	@ 0x7f
100054b8:	b510      	push	{r4, lr}
100054ba:	4018      	ands	r0, r3
100054bc:	09db      	lsrs	r3, r3, #7
100054be:	3334      	adds	r3, #52	@ 0x34
100054c0:	0040      	lsls	r0, r0, #1
100054c2:	4a04      	ldr	r2, [pc, #16]	@ (100054d4 <usbd_edpt_claim+0x20>)
100054c4:	18c0      	adds	r0, r0, r3
100054c6:	4b04      	ldr	r3, [pc, #16]	@ (100054d8 <usbd_edpt_claim+0x24>)
100054c8:	6811      	ldr	r1, [r2, #0]
100054ca:	18c0      	adds	r0, r0, r3
100054cc:	f000 fb02 	bl	10005ad4 <tu_edpt_claim>
100054d0:	bd10      	pop	{r4, pc}
100054d2:	46c0      	nop			@ (mov r8, r8)
100054d4:	200016fc 	.word	0x200016fc
100054d8:	200016a8 	.word	0x200016a8

100054dc <usbd_edpt_xfer>:
100054dc:	b570      	push	{r4, r5, r6, lr}
100054de:	247f      	movs	r4, #127	@ 0x7f
100054e0:	480f      	ldr	r0, [pc, #60]	@ (10005520 <usbd_edpt_xfer+0x44>)
100054e2:	400c      	ands	r4, r1
100054e4:	0064      	lsls	r4, r4, #1
100054e6:	1904      	adds	r4, r0, r4
100054e8:	09cd      	lsrs	r5, r1, #7
100054ea:	1964      	adds	r4, r4, r5
100054ec:	3430      	adds	r4, #48	@ 0x30
100054ee:	7920      	ldrb	r0, [r4, #4]
100054f0:	07c0      	lsls	r0, r0, #31
100054f2:	d501      	bpl.n	100054f8 <usbd_edpt_xfer+0x1c>
100054f4:	2000      	movs	r0, #0
100054f6:	bd70      	pop	{r4, r5, r6, pc}
100054f8:	2601      	movs	r6, #1
100054fa:	7925      	ldrb	r5, [r4, #4]
100054fc:	4809      	ldr	r0, [pc, #36]	@ (10005524 <usbd_edpt_xfer+0x48>)
100054fe:	4335      	orrs	r5, r6
10005500:	7800      	ldrb	r0, [r0, #0]
10005502:	7125      	strb	r5, [r4, #4]
10005504:	f7ff fa8e 	bl	10004a24 <dcd_edpt_xfer>
10005508:	2800      	cmp	r0, #0
1000550a:	d1f4      	bne.n	100054f6 <usbd_edpt_xfer+0x1a>
1000550c:	2201      	movs	r2, #1
1000550e:	7923      	ldrb	r3, [r4, #4]
10005510:	4393      	bics	r3, r2
10005512:	7123      	strb	r3, [r4, #4]
10005514:	7923      	ldrb	r3, [r4, #4]
10005516:	3203      	adds	r2, #3
10005518:	4393      	bics	r3, r2
1000551a:	7123      	strb	r3, [r4, #4]
1000551c:	e7ea      	b.n	100054f4 <usbd_edpt_xfer+0x18>
1000551e:	46c0      	nop			@ (mov r8, r8)
10005520:	200016a8 	.word	0x200016a8
10005524:	20001094 	.word	0x20001094

10005528 <usbd_edpt_busy>:
10005528:	227f      	movs	r2, #127	@ 0x7f
1000552a:	4b05      	ldr	r3, [pc, #20]	@ (10005540 <usbd_edpt_busy+0x18>)
1000552c:	400a      	ands	r2, r1
1000552e:	0052      	lsls	r2, r2, #1
10005530:	09c9      	lsrs	r1, r1, #7
10005532:	189b      	adds	r3, r3, r2
10005534:	185b      	adds	r3, r3, r1
10005536:	3330      	adds	r3, #48	@ 0x30
10005538:	7918      	ldrb	r0, [r3, #4]
1000553a:	07c0      	lsls	r0, r0, #31
1000553c:	0fc0      	lsrs	r0, r0, #31
1000553e:	4770      	bx	lr
10005540:	200016a8 	.word	0x200016a8

10005544 <tud_control_status>:
10005544:	b570      	push	{r4, r5, r6, lr}
10005546:	4c09      	ldr	r4, [pc, #36]	@ (1000556c <tud_control_status+0x28>)
10005548:	0006      	movs	r6, r0
1000554a:	2208      	movs	r2, #8
1000554c:	0020      	movs	r0, r4
1000554e:	000d      	movs	r5, r1
10005550:	f7fd f99e 	bl	10002890 <__wrap___aeabi_memcpy>
10005554:	2300      	movs	r3, #0
10005556:	2180      	movs	r1, #128	@ 0x80
10005558:	60e3      	str	r3, [r4, #12]
1000555a:	60a3      	str	r3, [r4, #8]
1000555c:	782b      	ldrb	r3, [r5, #0]
1000555e:	0030      	movs	r0, r6
10005560:	4399      	bics	r1, r3
10005562:	2200      	movs	r2, #0
10005564:	2300      	movs	r3, #0
10005566:	f7ff ffb9 	bl	100054dc <usbd_edpt_xfer>
1000556a:	bd70      	pop	{r4, r5, r6, pc}
1000556c:	2000160c 	.word	0x2000160c

10005570 <tud_control_xfer>:
10005570:	b5f8      	push	{r3, r4, r5, r6, r7, lr}
10005572:	46ce      	mov	lr, r9
10005574:	4647      	mov	r7, r8
10005576:	4690      	mov	r8, r2
10005578:	4e25      	ldr	r6, [pc, #148]	@ (10005610 <tud_control_xfer+0xa0>)
1000557a:	b580      	push	{r7, lr}
1000557c:	4681      	mov	r9, r0
1000557e:	2208      	movs	r2, #8
10005580:	0030      	movs	r0, r6
10005582:	000d      	movs	r5, r1
10005584:	001f      	movs	r7, r3
10005586:	f7fd f983 	bl	10002890 <__wrap___aeabi_memcpy>
1000558a:	4643      	mov	r3, r8
1000558c:	60b3      	str	r3, [r6, #8]
1000558e:	2300      	movs	r3, #0
10005590:	81f3      	strh	r3, [r6, #14]
10005592:	79ec      	ldrb	r4, [r5, #7]
10005594:	79ab      	ldrb	r3, [r5, #6]
10005596:	0224      	lsls	r4, r4, #8
10005598:	431c      	orrs	r4, r3
1000559a:	1c23      	adds	r3, r4, #0
1000559c:	42bc      	cmp	r4, r7
1000559e:	d900      	bls.n	100055a2 <tud_control_xfer+0x32>
100055a0:	1c3b      	adds	r3, r7, #0
100055a2:	b29f      	uxth	r7, r3
100055a4:	81b3      	strh	r3, [r6, #12]
100055a6:	2c00      	cmp	r4, #0
100055a8:	d00d      	beq.n	100055c6 <tud_control_xfer+0x56>
100055aa:	2f00      	cmp	r7, #0
100055ac:	d017      	beq.n	100055de <tud_control_xfer+0x6e>
100055ae:	4642      	mov	r2, r8
100055b0:	2a00      	cmp	r2, #0
100055b2:	d02b      	beq.n	1000560c <tud_control_xfer+0x9c>
100055b4:	2f40      	cmp	r7, #64	@ 0x40
100055b6:	d81b      	bhi.n	100055f0 <tud_control_xfer+0x80>
100055b8:	b29f      	uxth	r7, r3
100055ba:	7833      	ldrb	r3, [r6, #0]
100055bc:	2b7f      	cmp	r3, #127	@ 0x7f
100055be:	d81c      	bhi.n	100055fa <tud_control_xfer+0x8a>
100055c0:	2100      	movs	r1, #0
100055c2:	4a14      	ldr	r2, [pc, #80]	@ (10005614 <tud_control_xfer+0xa4>)
100055c4:	e00f      	b.n	100055e6 <tud_control_xfer+0x76>
100055c6:	2180      	movs	r1, #128	@ 0x80
100055c8:	782b      	ldrb	r3, [r5, #0]
100055ca:	2200      	movs	r2, #0
100055cc:	4399      	bics	r1, r3
100055ce:	4648      	mov	r0, r9
100055d0:	2300      	movs	r3, #0
100055d2:	f7ff ff83 	bl	100054dc <usbd_edpt_xfer>
100055d6:	bcc0      	pop	{r6, r7}
100055d8:	46b9      	mov	r9, r7
100055da:	46b0      	mov	r8, r6
100055dc:	bdf8      	pop	{r3, r4, r5, r6, r7, pc}
100055de:	237f      	movs	r3, #127	@ 0x7f
100055e0:	2200      	movs	r2, #0
100055e2:	7831      	ldrb	r1, [r6, #0]
100055e4:	4399      	bics	r1, r3
100055e6:	003b      	movs	r3, r7
100055e8:	4648      	mov	r0, r9
100055ea:	f7ff ff77 	bl	100054dc <usbd_edpt_xfer>
100055ee:	e7f2      	b.n	100055d6 <tud_control_xfer+0x66>
100055f0:	2340      	movs	r3, #64	@ 0x40
100055f2:	b29f      	uxth	r7, r3
100055f4:	7833      	ldrb	r3, [r6, #0]
100055f6:	2b7f      	cmp	r3, #127	@ 0x7f
100055f8:	d9e2      	bls.n	100055c0 <tud_control_xfer+0x50>
100055fa:	4c06      	ldr	r4, [pc, #24]	@ (10005614 <tud_control_xfer+0xa4>)
100055fc:	003a      	movs	r2, r7
100055fe:	4641      	mov	r1, r8
10005600:	0020      	movs	r0, r4
10005602:	f7fd f945 	bl	10002890 <__wrap___aeabi_memcpy>
10005606:	2180      	movs	r1, #128	@ 0x80
10005608:	0022      	movs	r2, r4
1000560a:	e7ec      	b.n	100055e6 <tud_control_xfer+0x76>
1000560c:	2000      	movs	r0, #0
1000560e:	e7e2      	b.n	100055d6 <tud_control_xfer+0x66>
10005610:	2000160c 	.word	0x2000160c
10005614:	200015cc 	.word	0x200015cc

10005618 <usbd_control_reset>:
10005618:	b510      	push	{r4, lr}
1000561a:	2214      	movs	r2, #20
1000561c:	2100      	movs	r1, #0
1000561e:	4802      	ldr	r0, [pc, #8]	@ (10005628 <usbd_control_reset+0x10>)
10005620:	f7fd f930 	bl	10002884 <__wrap_memset>
10005624:	bd10      	pop	{r4, pc}
10005626:	46c0      	nop			@ (mov r8, r8)
10005628:	2000160c 	.word	0x2000160c

1000562c <usbd_control_set_complete_callback>:
1000562c:	4b01      	ldr	r3, [pc, #4]	@ (10005634 <usbd_control_set_complete_callback+0x8>)
1000562e:	6118      	str	r0, [r3, #16]
10005630:	4770      	bx	lr
10005632:	46c0      	nop			@ (mov r8, r8)
10005634:	2000160c 	.word	0x2000160c

10005638 <usbd_control_set_request>:
10005638:	b510      	push	{r4, lr}
1000563a:	4c05      	ldr	r4, [pc, #20]	@ (10005650 <usbd_control_set_request+0x18>)
1000563c:	0001      	movs	r1, r0
1000563e:	2208      	movs	r2, #8
10005640:	0020      	movs	r0, r4
10005642:	f7fd f925 	bl	10002890 <__wrap___aeabi_memcpy>
10005646:	2300      	movs	r3, #0
10005648:	60a3      	str	r3, [r4, #8]
1000564a:	60e3      	str	r3, [r4, #12]
1000564c:	bd10      	pop	{r4, pc}
1000564e:	46c0      	nop			@ (mov r8, r8)
10005650:	2000160c 	.word	0x2000160c

10005654 <usbd_control_xfer_cb>:
10005654:	b570      	push	{r4, r5, r6, lr}
10005656:	4c38      	ldr	r4, [pc, #224]	@ (10005738 <usbd_control_xfer_cb+0xe4>)
10005658:	001d      	movs	r5, r3
1000565a:	7823      	ldrb	r3, [r4, #0]
1000565c:	0006      	movs	r6, r0
1000565e:	09da      	lsrs	r2, r3, #7
10005660:	09c9      	lsrs	r1, r1, #7
10005662:	428a      	cmp	r2, r1
10005664:	d010      	beq.n	10005688 <usbd_control_xfer_cb+0x34>
10005666:	2000      	movs	r0, #0
10005668:	2d00      	cmp	r5, #0
1000566a:	d000      	beq.n	1000566e <usbd_control_xfer_cb+0x1a>
1000566c:	bd70      	pop	{r4, r5, r6, pc}
1000566e:	0021      	movs	r1, r4
10005670:	0030      	movs	r0, r6
10005672:	f7ff f93b 	bl	100048ec <dcd_edpt0_status_complete>
10005676:	6923      	ldr	r3, [r4, #16]
10005678:	2b00      	cmp	r3, #0
1000567a:	d003      	beq.n	10005684 <usbd_control_xfer_cb+0x30>
1000567c:	0022      	movs	r2, r4
1000567e:	2103      	movs	r1, #3
10005680:	0030      	movs	r0, r6
10005682:	4798      	blx	r3
10005684:	2001      	movs	r0, #1
10005686:	e7f1      	b.n	1000566c <usbd_control_xfer_cb+0x18>
10005688:	2b7f      	cmp	r3, #127	@ 0x7f
1000568a:	d806      	bhi.n	1000569a <usbd_control_xfer_cb+0x46>
1000568c:	68a0      	ldr	r0, [r4, #8]
1000568e:	2800      	cmp	r0, #0
10005690:	d034      	beq.n	100056fc <usbd_control_xfer_cb+0xa8>
10005692:	002a      	movs	r2, r5
10005694:	4929      	ldr	r1, [pc, #164]	@ (1000573c <usbd_control_xfer_cb+0xe8>)
10005696:	f7fd f8fb 	bl	10002890 <__wrap___aeabi_memcpy>
1000569a:	89e2      	ldrh	r2, [r4, #14]
1000569c:	68a1      	ldr	r1, [r4, #8]
1000569e:	1952      	adds	r2, r2, r5
100056a0:	88e3      	ldrh	r3, [r4, #6]
100056a2:	b292      	uxth	r2, r2
100056a4:	1949      	adds	r1, r1, r5
100056a6:	81e2      	strh	r2, [r4, #14]
100056a8:	60a1      	str	r1, [r4, #8]
100056aa:	4293      	cmp	r3, r2
100056ac:	d014      	beq.n	100056d8 <usbd_control_xfer_cb+0x84>
100056ae:	2d3f      	cmp	r5, #63	@ 0x3f
100056b0:	d912      	bls.n	100056d8 <usbd_control_xfer_cb+0x84>
100056b2:	89a3      	ldrh	r3, [r4, #12]
100056b4:	1a98      	subs	r0, r3, r2
100056b6:	1c05      	adds	r5, r0, #0
100056b8:	b280      	uxth	r0, r0
100056ba:	2840      	cmp	r0, #64	@ 0x40
100056bc:	d82a      	bhi.n	10005714 <usbd_control_xfer_cb+0xc0>
100056be:	7820      	ldrb	r0, [r4, #0]
100056c0:	b2ad      	uxth	r5, r5
100056c2:	287f      	cmp	r0, #127	@ 0x7f
100056c4:	d828      	bhi.n	10005718 <usbd_control_xfer_cb+0xc4>
100056c6:	2100      	movs	r1, #0
100056c8:	429a      	cmp	r2, r3
100056ca:	d032      	beq.n	10005732 <usbd_control_xfer_cb+0xde>
100056cc:	4a1b      	ldr	r2, [pc, #108]	@ (1000573c <usbd_control_xfer_cb+0xe8>)
100056ce:	002b      	movs	r3, r5
100056d0:	0030      	movs	r0, r6
100056d2:	f7ff ff03 	bl	100054dc <usbd_edpt_xfer>
100056d6:	e7c9      	b.n	1000566c <usbd_control_xfer_cb+0x18>
100056d8:	6923      	ldr	r3, [r4, #16]
100056da:	2b00      	cmp	r3, #0
100056dc:	d005      	beq.n	100056ea <usbd_control_xfer_cb+0x96>
100056de:	0022      	movs	r2, r4
100056e0:	2102      	movs	r1, #2
100056e2:	0030      	movs	r0, r6
100056e4:	4798      	blx	r3
100056e6:	2800      	cmp	r0, #0
100056e8:	d00a      	beq.n	10005700 <usbd_control_xfer_cb+0xac>
100056ea:	2180      	movs	r1, #128	@ 0x80
100056ec:	7823      	ldrb	r3, [r4, #0]
100056ee:	2200      	movs	r2, #0
100056f0:	4399      	bics	r1, r3
100056f2:	0030      	movs	r0, r6
100056f4:	2300      	movs	r3, #0
100056f6:	f7ff fef1 	bl	100054dc <usbd_edpt_xfer>
100056fa:	e7b7      	b.n	1000566c <usbd_control_xfer_cb+0x18>
100056fc:	2000      	movs	r0, #0
100056fe:	e7b5      	b.n	1000566c <usbd_control_xfer_cb+0x18>
10005700:	2100      	movs	r1, #0
10005702:	0030      	movs	r0, r6
10005704:	f7ff f9a0 	bl	10004a48 <dcd_edpt_stall>
10005708:	0030      	movs	r0, r6
1000570a:	2180      	movs	r1, #128	@ 0x80
1000570c:	f7ff f99c 	bl	10004a48 <dcd_edpt_stall>
10005710:	2001      	movs	r0, #1
10005712:	e7ab      	b.n	1000566c <usbd_control_xfer_cb+0x18>
10005714:	2540      	movs	r5, #64	@ 0x40
10005716:	e7d2      	b.n	100056be <usbd_control_xfer_cb+0x6a>
10005718:	429a      	cmp	r2, r3
1000571a:	d007      	beq.n	1000572c <usbd_control_xfer_cb+0xd8>
1000571c:	4c07      	ldr	r4, [pc, #28]	@ (1000573c <usbd_control_xfer_cb+0xe8>)
1000571e:	002a      	movs	r2, r5
10005720:	0020      	movs	r0, r4
10005722:	f7fd f8b5 	bl	10002890 <__wrap___aeabi_memcpy>
10005726:	2180      	movs	r1, #128	@ 0x80
10005728:	0022      	movs	r2, r4
1000572a:	e7d0      	b.n	100056ce <usbd_control_xfer_cb+0x7a>
1000572c:	2180      	movs	r1, #128	@ 0x80
1000572e:	2200      	movs	r2, #0
10005730:	e7cd      	b.n	100056ce <usbd_control_xfer_cb+0x7a>
10005732:	2200      	movs	r2, #0
10005734:	e7cb      	b.n	100056ce <usbd_control_xfer_cb+0x7a>
10005736:	46c0      	nop			@ (mov r8, r8)
10005738:	2000160c 	.word	0x2000160c
1000573c:	200015cc 	.word	0x200015cc

10005740 <tud_hid_set_protocol_cb>:
10005740:	4770      	bx	lr
10005742:	46c0      	nop			@ (mov r8, r8)

10005744 <tud_hid_set_idle_cb>:
10005744:	2001      	movs	r0, #1
10005746:	4770      	bx	lr

10005748 <tud_hid_report_failed_cb>:
10005748:	4770      	bx	lr
1000574a:	46c0      	nop			@ (mov r8, r8)

1000574c <tud_hid_n_ready>:
1000574c:	0042      	lsls	r2, r0, #1
1000574e:	4b0c      	ldr	r3, [pc, #48]	@ (10005780 <tud_hid_n_ready+0x34>)
10005750:	1812      	adds	r2, r2, r0
10005752:	0092      	lsls	r2, r2, #2
10005754:	b510      	push	{r4, lr}
10005756:	189b      	adds	r3, r3, r2
10005758:	785c      	ldrb	r4, [r3, #1]
1000575a:	f7ff f9f7 	bl	10004b4c <tud_mounted>
1000575e:	2800      	cmp	r0, #0
10005760:	d101      	bne.n	10005766 <tud_hid_n_ready+0x1a>
10005762:	2000      	movs	r0, #0
10005764:	bd10      	pop	{r4, pc}
10005766:	f7ff f9f9 	bl	10004b5c <tud_suspended>
1000576a:	2800      	cmp	r0, #0
1000576c:	d1f9      	bne.n	10005762 <tud_hid_n_ready+0x16>
1000576e:	2c00      	cmp	r4, #0
10005770:	d0f7      	beq.n	10005762 <tud_hid_n_ready+0x16>
10005772:	0021      	movs	r1, r4
10005774:	f7ff fed8 	bl	10005528 <usbd_edpt_busy>
10005778:	2301      	movs	r3, #1
1000577a:	4058      	eors	r0, r3
1000577c:	b2c0      	uxtb	r0, r0
1000577e:	e7f1      	b.n	10005764 <tud_hid_n_ready+0x18>
10005780:	20001694 	.word	0x20001694

10005784 <tud_hid_n_keyboard_report>:
10005784:	b5f0      	push	{r4, r5, r6, r7, lr}
10005786:	000e      	movs	r6, r1
10005788:	0004      	movs	r4, r0
1000578a:	0015      	movs	r5, r2
1000578c:	0019      	movs	r1, r3
1000578e:	b083      	sub	sp, #12
10005790:	2b00      	cmp	r3, #0
10005792:	d02a      	beq.n	100057ea <tud_hid_n_keyboard_report+0x66>
10005794:	466b      	mov	r3, sp
10005796:	2206      	movs	r2, #6
10005798:	1c98      	adds	r0, r3, #2
1000579a:	f7fd f879 	bl	10002890 <__wrap___aeabi_memcpy>
1000579e:	2c00      	cmp	r4, #0
100057a0:	d002      	beq.n	100057a8 <tud_hid_n_keyboard_report+0x24>
100057a2:	2000      	movs	r0, #0
100057a4:	b003      	add	sp, #12
100057a6:	bdf0      	pop	{r4, r5, r6, r7, pc}
100057a8:	4f14      	ldr	r7, [pc, #80]	@ (100057fc <tud_hid_n_keyboard_report+0x78>)
100057aa:	2000      	movs	r0, #0
100057ac:	7879      	ldrb	r1, [r7, #1]
100057ae:	f7ff fe81 	bl	100054b4 <usbd_edpt_claim>
100057b2:	2800      	cmp	r0, #0
100057b4:	d0f5      	beq.n	100057a2 <tud_hid_n_keyboard_report+0x1e>
100057b6:	2e00      	cmp	r6, #0
100057b8:	d10c      	bne.n	100057d4 <tud_hid_n_keyboard_report+0x50>
100057ba:	466b      	mov	r3, sp
100057bc:	4a10      	ldr	r2, [pc, #64]	@ (10005800 <tud_hid_n_keyboard_report+0x7c>)
100057be:	701d      	strb	r5, [r3, #0]
100057c0:	705e      	strb	r6, [r3, #1]
100057c2:	cb03      	ldmia	r3!, {r0, r1}
100057c4:	c203      	stmia	r2!, {r0, r1}
100057c6:	2308      	movs	r3, #8
100057c8:	4a0d      	ldr	r2, [pc, #52]	@ (10005800 <tud_hid_n_keyboard_report+0x7c>)
100057ca:	7879      	ldrb	r1, [r7, #1]
100057cc:	2000      	movs	r0, #0
100057ce:	f7ff fe85 	bl	100054dc <usbd_edpt_xfer>
100057d2:	e7e7      	b.n	100057a4 <tud_hid_n_keyboard_report+0x20>
100057d4:	4669      	mov	r1, sp
100057d6:	480b      	ldr	r0, [pc, #44]	@ (10005804 <tud_hid_n_keyboard_report+0x80>)
100057d8:	2208      	movs	r2, #8
100057da:	7406      	strb	r6, [r0, #16]
100057dc:	3011      	adds	r0, #17
100057de:	700d      	strb	r5, [r1, #0]
100057e0:	704c      	strb	r4, [r1, #1]
100057e2:	f7fd f855 	bl	10002890 <__wrap___aeabi_memcpy>
100057e6:	2309      	movs	r3, #9
100057e8:	e7ee      	b.n	100057c8 <tud_hid_n_keyboard_report+0x44>
100057ea:	466b      	mov	r3, sp
100057ec:	701a      	strb	r2, [r3, #0]
100057ee:	7059      	strb	r1, [r3, #1]
100057f0:	2206      	movs	r2, #6
100057f2:	2100      	movs	r1, #0
100057f4:	1c98      	adds	r0, r3, #2
100057f6:	f7fd f845 	bl	10002884 <__wrap_memset>
100057fa:	e7d0      	b.n	1000579e <tud_hid_n_keyboard_report+0x1a>
100057fc:	20001694 	.word	0x20001694
10005800:	20001674 	.word	0x20001674
10005804:	20001664 	.word	0x20001664

10005808 <hidd_init>:
10005808:	b510      	push	{r4, lr}
1000580a:	220c      	movs	r2, #12
1000580c:	2100      	movs	r1, #0
1000580e:	4802      	ldr	r0, [pc, #8]	@ (10005818 <hidd_init+0x10>)
10005810:	f7fd f838 	bl	10002884 <__wrap_memset>
10005814:	bd10      	pop	{r4, pc}
10005816:	46c0      	nop			@ (mov r8, r8)
10005818:	20001694 	.word	0x20001694

1000581c <hidd_deinit>:
1000581c:	2001      	movs	r0, #1
1000581e:	4770      	bx	lr

10005820 <hidd_reset>:
10005820:	b510      	push	{r4, lr}
10005822:	220c      	movs	r2, #12
10005824:	2100      	movs	r1, #0
10005826:	4802      	ldr	r0, [pc, #8]	@ (10005830 <hidd_reset+0x10>)
10005828:	f7fd f82c 	bl	10002884 <__wrap_memset>
1000582c:	bd10      	pop	{r4, pc}
1000582e:	46c0      	nop			@ (mov r8, r8)
10005830:	20001694 	.word	0x20001694

10005834 <hidd_open>:
10005834:	b5f0      	push	{r4, r5, r6, r7, lr}
10005836:	794b      	ldrb	r3, [r1, #5]
10005838:	0006      	movs	r6, r0
1000583a:	000d      	movs	r5, r1
1000583c:	b083      	sub	sp, #12
1000583e:	2b03      	cmp	r3, #3
10005840:	d10a      	bne.n	10005858 <hidd_open+0x24>
10005842:	7908      	ldrb	r0, [r1, #4]
10005844:	00c4      	lsls	r4, r0, #3
10005846:	1a24      	subs	r4, r4, r0
10005848:	3412      	adds	r4, #18
1000584a:	b2a4      	uxth	r4, r4
1000584c:	4294      	cmp	r4, r2
1000584e:	d803      	bhi.n	10005858 <hidd_open+0x24>
10005850:	4f19      	ldr	r7, [pc, #100]	@ (100058b8 <hidd_open+0x84>)
10005852:	787b      	ldrb	r3, [r7, #1]
10005854:	2b00      	cmp	r3, #0
10005856:	d003      	beq.n	10005860 <hidd_open+0x2c>
10005858:	2400      	movs	r4, #0
1000585a:	0020      	movs	r0, r4
1000585c:	b003      	add	sp, #12
1000585e:	bdf0      	pop	{r4, r5, r6, r7, pc}
10005860:	7809      	ldrb	r1, [r1, #0]
10005862:	1869      	adds	r1, r5, r1
10005864:	784b      	ldrb	r3, [r1, #1]
10005866:	2b21      	cmp	r3, #33	@ 0x21
10005868:	d1f6      	bne.n	10005858 <hidd_open+0x24>
1000586a:	60b9      	str	r1, [r7, #8]
1000586c:	780b      	ldrb	r3, [r1, #0]
1000586e:	0002      	movs	r2, r0
10005870:	18c9      	adds	r1, r1, r3
10005872:	1c7b      	adds	r3, r7, #1
10005874:	9301      	str	r3, [sp, #4]
10005876:	1cbb      	adds	r3, r7, #2
10005878:	9300      	str	r3, [sp, #0]
1000587a:	0030      	movs	r0, r6
1000587c:	2303      	movs	r3, #3
1000587e:	f7ff fdcb 	bl	10005418 <usbd_open_edpt_pair>
10005882:	2800      	cmp	r0, #0
10005884:	d0e8      	beq.n	10005858 <hidd_open+0x24>
10005886:	79ab      	ldrb	r3, [r5, #6]
10005888:	2b01      	cmp	r3, #1
1000588a:	d101      	bne.n	10005890 <hidd_open+0x5c>
1000588c:	79eb      	ldrb	r3, [r5, #7]
1000588e:	70fb      	strb	r3, [r7, #3]
10005890:	2301      	movs	r3, #1
10005892:	71bb      	strb	r3, [r7, #6]
10005894:	78ab      	ldrb	r3, [r5, #2]
10005896:	78b9      	ldrb	r1, [r7, #2]
10005898:	703b      	strb	r3, [r7, #0]
1000589a:	68bb      	ldr	r3, [r7, #8]
1000589c:	79da      	ldrb	r2, [r3, #7]
1000589e:	7a1b      	ldrb	r3, [r3, #8]
100058a0:	021b      	lsls	r3, r3, #8
100058a2:	4313      	orrs	r3, r2
100058a4:	80bb      	strh	r3, [r7, #4]
100058a6:	2900      	cmp	r1, #0
100058a8:	d0d7      	beq.n	1000585a <hidd_open+0x26>
100058aa:	2310      	movs	r3, #16
100058ac:	0030      	movs	r0, r6
100058ae:	4a03      	ldr	r2, [pc, #12]	@ (100058bc <hidd_open+0x88>)
100058b0:	f7ff fe14 	bl	100054dc <usbd_edpt_xfer>
100058b4:	e7d1      	b.n	1000585a <hidd_open+0x26>
100058b6:	46c0      	nop			@ (mov r8, r8)
100058b8:	20001694 	.word	0x20001694
100058bc:	20001684 	.word	0x20001684

100058c0 <hidd_control_xfer_cb>:
100058c0:	231f      	movs	r3, #31
100058c2:	b5f0      	push	{r4, r5, r6, r7, lr}
100058c4:	0014      	movs	r4, r2
100058c6:	7812      	ldrb	r2, [r2, #0]
100058c8:	0005      	movs	r5, r0
100058ca:	b083      	sub	sp, #12
100058cc:	4013      	ands	r3, r2
100058ce:	2b01      	cmp	r3, #1
100058d0:	d001      	beq.n	100058d6 <hidd_control_xfer_cb+0x16>
100058d2:	2000      	movs	r0, #0
100058d4:	e00c      	b.n	100058f0 <hidd_control_xfer_cb+0x30>
100058d6:	4e5a      	ldr	r6, [pc, #360]	@ (10005a40 <hidd_control_xfer_cb+0x180>)
100058d8:	7920      	ldrb	r0, [r4, #4]
100058da:	7833      	ldrb	r3, [r6, #0]
100058dc:	4298      	cmp	r0, r3
100058de:	d1f8      	bne.n	100058d2 <hidd_control_xfer_cb+0x12>
100058e0:	2360      	movs	r3, #96	@ 0x60
100058e2:	0018      	movs	r0, r3
100058e4:	4010      	ands	r0, r2
100058e6:	4213      	tst	r3, r2
100058e8:	d104      	bne.n	100058f4 <hidd_control_xfer_cb+0x34>
100058ea:	2901      	cmp	r1, #1
100058ec:	d00b      	beq.n	10005906 <hidd_control_xfer_cb+0x46>
100058ee:	2001      	movs	r0, #1
100058f0:	b003      	add	sp, #12
100058f2:	bdf0      	pop	{r4, r5, r6, r7, pc}
100058f4:	2820      	cmp	r0, #32
100058f6:	d1ec      	bne.n	100058d2 <hidd_control_xfer_cb+0x12>
100058f8:	7863      	ldrb	r3, [r4, #1]
100058fa:	2b0b      	cmp	r3, #11
100058fc:	d8e9      	bhi.n	100058d2 <hidd_control_xfer_cb+0x12>
100058fe:	4a51      	ldr	r2, [pc, #324]	@ (10005a44 <hidd_control_xfer_cb+0x184>)
10005900:	009b      	lsls	r3, r3, #2
10005902:	58d3      	ldr	r3, [r2, r3]
10005904:	469f      	mov	pc, r3
10005906:	7863      	ldrb	r3, [r4, #1]
10005908:	2b06      	cmp	r3, #6
1000590a:	d1e2      	bne.n	100058d2 <hidd_control_xfer_cb+0x12>
1000590c:	78e3      	ldrb	r3, [r4, #3]
1000590e:	2b21      	cmp	r3, #33	@ 0x21
10005910:	d07a      	beq.n	10005a08 <hidd_control_xfer_cb+0x148>
10005912:	2b22      	cmp	r3, #34	@ 0x22
10005914:	d1dd      	bne.n	100058d2 <hidd_control_xfer_cb+0x12>
10005916:	2000      	movs	r0, #0
10005918:	f7fa fd66 	bl	100003e8 <tud_hid_descriptor_report_cb>
1000591c:	0021      	movs	r1, r4
1000591e:	0002      	movs	r2, r0
10005920:	88b3      	ldrh	r3, [r6, #4]
10005922:	0028      	movs	r0, r5
10005924:	f7ff fe24 	bl	10005570 <tud_control_xfer>
10005928:	e7e1      	b.n	100058ee <hidd_control_xfer_cb+0x2e>
1000592a:	2901      	cmp	r1, #1
1000592c:	d010      	beq.n	10005950 <hidd_control_xfer_cb+0x90>
1000592e:	2903      	cmp	r1, #3
10005930:	d1dd      	bne.n	100058ee <hidd_control_xfer_cb+0x2e>
10005932:	78a1      	ldrb	r1, [r4, #2]
10005934:	2000      	movs	r0, #0
10005936:	71b1      	strb	r1, [r6, #6]
10005938:	f7ff ff02 	bl	10005740 <tud_hid_set_protocol_cb>
1000593c:	e7d7      	b.n	100058ee <hidd_control_xfer_cb+0x2e>
1000593e:	2901      	cmp	r1, #1
10005940:	d1d5      	bne.n	100058ee <hidd_control_xfer_cb+0x2e>
10005942:	78e1      	ldrb	r1, [r4, #3]
10005944:	2000      	movs	r0, #0
10005946:	71f1      	strb	r1, [r6, #7]
10005948:	f7ff fefc 	bl	10005744 <tud_hid_set_idle_cb>
1000594c:	2800      	cmp	r0, #0
1000594e:	d0c0      	beq.n	100058d2 <hidd_control_xfer_cb+0x12>
10005950:	0021      	movs	r1, r4
10005952:	0028      	movs	r0, r5
10005954:	f7ff fdf6 	bl	10005544 <tud_control_status>
10005958:	e7c9      	b.n	100058ee <hidd_control_xfer_cb+0x2e>
1000595a:	2901      	cmp	r1, #1
1000595c:	d05e      	beq.n	10005a1c <hidd_control_xfer_cb+0x15c>
1000595e:	2903      	cmp	r1, #3
10005960:	d1c5      	bne.n	100058ee <hidd_control_xfer_cb+0x2e>
10005962:	79e0      	ldrb	r0, [r4, #7]
10005964:	79a3      	ldrb	r3, [r4, #6]
10005966:	0200      	lsls	r0, r0, #8
10005968:	4318      	orrs	r0, r3
1000596a:	78e2      	ldrb	r2, [r4, #3]
1000596c:	78a1      	ldrb	r1, [r4, #2]
1000596e:	1c04      	adds	r4, r0, #0
10005970:	2810      	cmp	r0, #16
10005972:	d900      	bls.n	10005976 <hidd_control_xfer_cb+0xb6>
10005974:	2410      	movs	r4, #16
10005976:	4b34      	ldr	r3, [pc, #208]	@ (10005a48 <hidd_control_xfer_cb+0x188>)
10005978:	b2a4      	uxth	r4, r4
1000597a:	2900      	cmp	r1, #0
1000597c:	d007      	beq.n	1000598e <hidd_control_xfer_cb+0xce>
1000597e:	2801      	cmp	r0, #1
10005980:	d905      	bls.n	1000598e <hidd_control_xfer_cb+0xce>
10005982:	7818      	ldrb	r0, [r3, #0]
10005984:	4288      	cmp	r0, r1
10005986:	d102      	bne.n	1000598e <hidd_control_xfer_cb+0xce>
10005988:	3c01      	subs	r4, #1
1000598a:	4b30      	ldr	r3, [pc, #192]	@ (10005a4c <hidd_control_xfer_cb+0x18c>)
1000598c:	b2a4      	uxth	r4, r4
1000598e:	2000      	movs	r0, #0
10005990:	9400      	str	r4, [sp, #0]
10005992:	f7fa fcc3 	bl	1000031c <tud_hid_set_report_cb>
10005996:	e7aa      	b.n	100058ee <hidd_control_xfer_cb+0x2e>
10005998:	2901      	cmp	r1, #1
1000599a:	d1a8      	bne.n	100058ee <hidd_control_xfer_cb+0x2e>
1000599c:	2301      	movs	r3, #1
1000599e:	0021      	movs	r1, r4
100059a0:	0028      	movs	r0, r5
100059a2:	4a2b      	ldr	r2, [pc, #172]	@ (10005a50 <hidd_control_xfer_cb+0x190>)
100059a4:	f7ff fde4 	bl	10005570 <tud_control_xfer>
100059a8:	e7a1      	b.n	100058ee <hidd_control_xfer_cb+0x2e>
100059aa:	2901      	cmp	r1, #1
100059ac:	d19f      	bne.n	100058ee <hidd_control_xfer_cb+0x2e>
100059ae:	2301      	movs	r3, #1
100059b0:	0021      	movs	r1, r4
100059b2:	0028      	movs	r0, r5
100059b4:	4a27      	ldr	r2, [pc, #156]	@ (10005a54 <hidd_control_xfer_cb+0x194>)
100059b6:	f7ff fddb 	bl	10005570 <tud_control_xfer>
100059ba:	e798      	b.n	100058ee <hidd_control_xfer_cb+0x2e>
100059bc:	2901      	cmp	r1, #1
100059be:	d196      	bne.n	100058ee <hidd_control_xfer_cb+0x2e>
100059c0:	79e3      	ldrb	r3, [r4, #7]
100059c2:	79a0      	ldrb	r0, [r4, #6]
100059c4:	021b      	lsls	r3, r3, #8
100059c6:	4303      	orrs	r3, r0
100059c8:	78e2      	ldrb	r2, [r4, #3]
100059ca:	78a1      	ldrb	r1, [r4, #2]
100059cc:	1c18      	adds	r0, r3, #0
100059ce:	2b10      	cmp	r3, #16
100059d0:	d900      	bls.n	100059d4 <hidd_control_xfer_cb+0x114>
100059d2:	2010      	movs	r0, #16
100059d4:	b280      	uxth	r0, r0
100059d6:	2900      	cmp	r1, #0
100059d8:	d02d      	beq.n	10005a36 <hidd_control_xfer_cb+0x176>
100059da:	2b01      	cmp	r3, #1
100059dc:	d92b      	bls.n	10005a36 <hidd_control_xfer_cb+0x176>
100059de:	2601      	movs	r6, #1
100059e0:	4f19      	ldr	r7, [pc, #100]	@ (10005a48 <hidd_control_xfer_cb+0x188>)
100059e2:	3801      	subs	r0, #1
100059e4:	7039      	strb	r1, [r7, #0]
100059e6:	b280      	uxth	r0, r0
100059e8:	1c7b      	adds	r3, r7, #1
100059ea:	9000      	str	r0, [sp, #0]
100059ec:	2000      	movs	r0, #0
100059ee:	f7fa fc7d 	bl	100002ec <tud_hid_get_report_cb>
100059f2:	1833      	adds	r3, r6, r0
100059f4:	b29b      	uxth	r3, r3
100059f6:	2b00      	cmp	r3, #0
100059f8:	d100      	bne.n	100059fc <hidd_control_xfer_cb+0x13c>
100059fa:	e76a      	b.n	100058d2 <hidd_control_xfer_cb+0x12>
100059fc:	003a      	movs	r2, r7
100059fe:	0021      	movs	r1, r4
10005a00:	0028      	movs	r0, r5
10005a02:	f7ff fdb5 	bl	10005570 <tud_control_xfer>
10005a06:	e772      	b.n	100058ee <hidd_control_xfer_cb+0x2e>
10005a08:	68b2      	ldr	r2, [r6, #8]
10005a0a:	2a00      	cmp	r2, #0
10005a0c:	d100      	bne.n	10005a10 <hidd_control_xfer_cb+0x150>
10005a0e:	e760      	b.n	100058d2 <hidd_control_xfer_cb+0x12>
10005a10:	0021      	movs	r1, r4
10005a12:	0028      	movs	r0, r5
10005a14:	7813      	ldrb	r3, [r2, #0]
10005a16:	f7ff fdab 	bl	10005570 <tud_control_xfer>
10005a1a:	e769      	b.n	100058f0 <hidd_control_xfer_cb+0x30>
10005a1c:	79e3      	ldrb	r3, [r4, #7]
10005a1e:	79a2      	ldrb	r2, [r4, #6]
10005a20:	021b      	lsls	r3, r3, #8
10005a22:	4313      	orrs	r3, r2
10005a24:	2b10      	cmp	r3, #16
10005a26:	d900      	bls.n	10005a2a <hidd_control_xfer_cb+0x16a>
10005a28:	e753      	b.n	100058d2 <hidd_control_xfer_cb+0x12>
10005a2a:	0021      	movs	r1, r4
10005a2c:	0028      	movs	r0, r5
10005a2e:	4a06      	ldr	r2, [pc, #24]	@ (10005a48 <hidd_control_xfer_cb+0x188>)
10005a30:	f7ff fd9e 	bl	10005570 <tud_control_xfer>
10005a34:	e75b      	b.n	100058ee <hidd_control_xfer_cb+0x2e>
10005a36:	4f04      	ldr	r7, [pc, #16]	@ (10005a48 <hidd_control_xfer_cb+0x188>)
10005a38:	2600      	movs	r6, #0
10005a3a:	003b      	movs	r3, r7
10005a3c:	e7d5      	b.n	100059ea <hidd_control_xfer_cb+0x12a>
10005a3e:	46c0      	nop			@ (mov r8, r8)
10005a40:	20001694 	.word	0x20001694
10005a44:	10007088 	.word	0x10007088
10005a48:	20001664 	.word	0x20001664
10005a4c:	20001665 	.word	0x20001665
10005a50:	2000169a 	.word	0x2000169a
10005a54:	2000169b 	.word	0x2000169b

10005a58 <hidd_xfer_cb>:
10005a58:	b570      	push	{r4, r5, r6, lr}
10005a5a:	4d1b      	ldr	r5, [pc, #108]	@ (10005ac8 <hidd_xfer_cb+0x70>)
10005a5c:	0004      	movs	r4, r0
10005a5e:	78a8      	ldrb	r0, [r5, #2]
10005a60:	786e      	ldrb	r6, [r5, #1]
10005a62:	b082      	sub	sp, #8
10005a64:	4288      	cmp	r0, r1
10005a66:	d004      	beq.n	10005a72 <hidd_xfer_cb+0x1a>
10005a68:	428e      	cmp	r6, r1
10005a6a:	d016      	beq.n	10005a9a <hidd_xfer_cb+0x42>
10005a6c:	2000      	movs	r0, #0
10005a6e:	b002      	add	sp, #8
10005a70:	bd70      	pop	{r4, r5, r6, pc}
10005a72:	b29b      	uxth	r3, r3
10005a74:	4286      	cmp	r6, r0
10005a76:	d011      	beq.n	10005a9c <hidd_xfer_cb+0x44>
10005a78:	4e14      	ldr	r6, [pc, #80]	@ (10005acc <hidd_xfer_cb+0x74>)
10005a7a:	2a00      	cmp	r2, #0
10005a7c:	d117      	bne.n	10005aae <hidd_xfer_cb+0x56>
10005a7e:	9300      	str	r3, [sp, #0]
10005a80:	2100      	movs	r1, #0
10005a82:	0033      	movs	r3, r6
10005a84:	2000      	movs	r0, #0
10005a86:	3202      	adds	r2, #2
10005a88:	f7fa fc48 	bl	1000031c <tud_hid_set_report_cb>
10005a8c:	2310      	movs	r3, #16
10005a8e:	0032      	movs	r2, r6
10005a90:	0020      	movs	r0, r4
10005a92:	78a9      	ldrb	r1, [r5, #2]
10005a94:	f7ff fd22 	bl	100054dc <usbd_edpt_xfer>
10005a98:	e7e9      	b.n	10005a6e <hidd_xfer_cb+0x16>
10005a9a:	b29b      	uxth	r3, r3
10005a9c:	2a00      	cmp	r2, #0
10005a9e:	d10c      	bne.n	10005aba <hidd_xfer_cb+0x62>
10005aa0:	2000      	movs	r0, #0
10005aa2:	001a      	movs	r2, r3
10005aa4:	490a      	ldr	r1, [pc, #40]	@ (10005ad0 <hidd_xfer_cb+0x78>)
10005aa6:	f7fa fc1f 	bl	100002e8 <tud_hid_report_complete_cb>
10005aaa:	2001      	movs	r0, #1
10005aac:	e7df      	b.n	10005a6e <hidd_xfer_cb+0x16>
10005aae:	0032      	movs	r2, r6
10005ab0:	2102      	movs	r1, #2
10005ab2:	2000      	movs	r0, #0
10005ab4:	f7ff fe48 	bl	10005748 <tud_hid_report_failed_cb>
10005ab8:	e7e8      	b.n	10005a8c <hidd_xfer_cb+0x34>
10005aba:	2000      	movs	r0, #0
10005abc:	2101      	movs	r1, #1
10005abe:	4a04      	ldr	r2, [pc, #16]	@ (10005ad0 <hidd_xfer_cb+0x78>)
10005ac0:	f7ff fe42 	bl	10005748 <tud_hid_report_failed_cb>
10005ac4:	2001      	movs	r0, #1
10005ac6:	e7d2      	b.n	10005a6e <hidd_xfer_cb+0x16>
10005ac8:	20001694 	.word	0x20001694
10005acc:	20001684 	.word	0x20001684
10005ad0:	20001674 	.word	0x20001674

10005ad4 <tu_edpt_claim>:
10005ad4:	7803      	ldrb	r3, [r0, #0]
10005ad6:	b570      	push	{r4, r5, r6, lr}
10005ad8:	07db      	lsls	r3, r3, #31
10005ada:	0004      	movs	r4, r0
10005adc:	000e      	movs	r6, r1
10005ade:	0fdd      	lsrs	r5, r3, #31
10005ae0:	2b00      	cmp	r3, #0
10005ae2:	d117      	bne.n	10005b14 <tu_edpt_claim+0x40>
10005ae4:	7803      	ldrb	r3, [r0, #0]
10005ae6:	075b      	lsls	r3, r3, #29
10005ae8:	d501      	bpl.n	10005aee <tu_edpt_claim+0x1a>
10005aea:	0028      	movs	r0, r5
10005aec:	bd70      	pop	{r4, r5, r6, pc}
10005aee:	2101      	movs	r1, #1
10005af0:	0030      	movs	r0, r6
10005af2:	4249      	negs	r1, r1
10005af4:	f000 ff40 	bl	10006978 <__mutex_enter_timeout_ms_veneer>
10005af8:	7823      	ldrb	r3, [r4, #0]
10005afa:	07db      	lsls	r3, r3, #31
10005afc:	0fdd      	lsrs	r5, r3, #31
10005afe:	2b00      	cmp	r3, #0
10005b00:	d10a      	bne.n	10005b18 <tu_edpt_claim+0x44>
10005b02:	7823      	ldrb	r3, [r4, #0]
10005b04:	075b      	lsls	r3, r3, #29
10005b06:	d408      	bmi.n	10005b1a <tu_edpt_claim+0x46>
10005b08:	2204      	movs	r2, #4
10005b0a:	7823      	ldrb	r3, [r4, #0]
10005b0c:	2501      	movs	r5, #1
10005b0e:	4313      	orrs	r3, r2
10005b10:	7023      	strb	r3, [r4, #0]
10005b12:	e002      	b.n	10005b1a <tu_edpt_claim+0x46>
10005b14:	2500      	movs	r5, #0
10005b16:	e7e8      	b.n	10005aea <tu_edpt_claim+0x16>
10005b18:	2500      	movs	r5, #0
10005b1a:	0030      	movs	r0, r6
10005b1c:	f000 ff0c 	bl	10006938 <__mutex_exit_veneer>
10005b20:	e7e3      	b.n	10005aea <tu_edpt_claim+0x16>
10005b22:	46c0      	nop			@ (mov r8, r8)

10005b24 <tu_edpt_validate>:
10005b24:	7943      	ldrb	r3, [r0, #5]
10005b26:	7902      	ldrb	r2, [r0, #4]
10005b28:	021b      	lsls	r3, r3, #8
10005b2a:	4313      	orrs	r3, r2
10005b2c:	78c2      	ldrb	r2, [r0, #3]
10005b2e:	055b      	lsls	r3, r3, #21
10005b30:	0792      	lsls	r2, r2, #30
10005b32:	0d5b      	lsrs	r3, r3, #21
10005b34:	0f92      	lsrs	r2, r2, #30
10005b36:	2a02      	cmp	r2, #2
10005b38:	d01d      	beq.n	10005b76 <tu_edpt_validate+0x52>
10005b3a:	2a03      	cmp	r2, #3
10005b3c:	d00c      	beq.n	10005b58 <tu_edpt_validate+0x34>
10005b3e:	2000      	movs	r0, #0
10005b40:	2a01      	cmp	r2, #1
10005b42:	d108      	bne.n	10005b56 <tu_edpt_validate+0x32>
10005b44:	3902      	subs	r1, #2
10005b46:	424a      	negs	r2, r1
10005b48:	4151      	adcs	r1, r2
10005b4a:	4a12      	ldr	r2, [pc, #72]	@ (10005b94 <tu_edpt_validate+0x70>)
10005b4c:	4694      	mov	ip, r2
10005b4e:	4461      	add	r1, ip
10005b50:	4299      	cmp	r1, r3
10005b52:	4140      	adcs	r0, r0
10005b54:	b2c0      	uxtb	r0, r0
10005b56:	4770      	bx	lr
10005b58:	3902      	subs	r1, #2
10005b5a:	1e4a      	subs	r2, r1, #1
10005b5c:	4191      	sbcs	r1, r2
10005b5e:	4a0e      	ldr	r2, [pc, #56]	@ (10005b98 <tu_edpt_validate+0x74>)
10005b60:	4249      	negs	r1, r1
10005b62:	4011      	ands	r1, r2
10005b64:	2280      	movs	r2, #128	@ 0x80
10005b66:	00d2      	lsls	r2, r2, #3
10005b68:	4694      	mov	ip, r2
10005b6a:	2000      	movs	r0, #0
10005b6c:	4461      	add	r1, ip
10005b6e:	4299      	cmp	r1, r3
10005b70:	4140      	adcs	r0, r0
10005b72:	b2c0      	uxtb	r0, r0
10005b74:	e7ef      	b.n	10005b56 <tu_edpt_validate+0x32>
10005b76:	2902      	cmp	r1, #2
10005b78:	d005      	beq.n	10005b86 <tu_edpt_validate+0x62>
10005b7a:	2000      	movs	r0, #0
10005b7c:	2240      	movs	r2, #64	@ 0x40
10005b7e:	429a      	cmp	r2, r3
10005b80:	4140      	adcs	r0, r0
10005b82:	b2c0      	uxtb	r0, r0
10005b84:	e7e7      	b.n	10005b56 <tu_edpt_validate+0x32>
10005b86:	4a05      	ldr	r2, [pc, #20]	@ (10005b9c <tu_edpt_validate+0x78>)
10005b88:	1898      	adds	r0, r3, r2
10005b8a:	4243      	negs	r3, r0
10005b8c:	4158      	adcs	r0, r3
10005b8e:	b2c0      	uxtb	r0, r0
10005b90:	e7e1      	b.n	10005b56 <tu_edpt_validate+0x32>
10005b92:	46c0      	nop			@ (mov r8, r8)
10005b94:	000003ff 	.word	0x000003ff
10005b98:	fffffc40 	.word	0xfffffc40
10005b9c:	fffffe00 	.word	0xfffffe00

10005ba0 <tu_edpt_bind_driver>:
10005ba0:	188a      	adds	r2, r1, r2
10005ba2:	b570      	push	{r4, r5, r6, lr}
10005ba4:	4291      	cmp	r1, r2
10005ba6:	d207      	bcs.n	10005bb8 <tu_edpt_bind_driver+0x18>
10005ba8:	267f      	movs	r6, #127	@ 0x7f
10005baa:	784c      	ldrb	r4, [r1, #1]
10005bac:	2c05      	cmp	r4, #5
10005bae:	d004      	beq.n	10005bba <tu_edpt_bind_driver+0x1a>
10005bb0:	780c      	ldrb	r4, [r1, #0]
10005bb2:	1909      	adds	r1, r1, r4
10005bb4:	428a      	cmp	r2, r1
10005bb6:	d8f8      	bhi.n	10005baa <tu_edpt_bind_driver+0xa>
10005bb8:	bd70      	pop	{r4, r5, r6, pc}
10005bba:	0034      	movs	r4, r6
10005bbc:	788d      	ldrb	r5, [r1, #2]
10005bbe:	402c      	ands	r4, r5
10005bc0:	0064      	lsls	r4, r4, #1
10005bc2:	1904      	adds	r4, r0, r4
10005bc4:	09ed      	lsrs	r5, r5, #7
10005bc6:	5563      	strb	r3, [r4, r5]
10005bc8:	780c      	ldrb	r4, [r1, #0]
10005bca:	1909      	adds	r1, r1, r4
10005bcc:	428a      	cmp	r2, r1
10005bce:	d8ec      	bhi.n	10005baa <tu_edpt_bind_driver+0xa>
10005bd0:	e7f2      	b.n	10005bb8 <tu_edpt_bind_driver+0x18>
10005bd2:	46c0      	nop			@ (mov r8, r8)

10005bd4 <tu_fifo_read>:
10005bd4:	b570      	push	{r4, r5, r6, lr}
10005bd6:	0004      	movs	r4, r0
10005bd8:	6900      	ldr	r0, [r0, #16]
10005bda:	000e      	movs	r6, r1
10005bdc:	2800      	cmp	r0, #0
10005bde:	d003      	beq.n	10005be8 <tu_fifo_read+0x14>
10005be0:	2101      	movs	r1, #1
10005be2:	4249      	negs	r1, r1
10005be4:	f000 fec8 	bl	10006978 <__mutex_enter_timeout_ms_veneer>
10005be8:	8925      	ldrh	r5, [r4, #8]
10005bea:	8960      	ldrh	r0, [r4, #10]
10005bec:	88a2      	ldrh	r2, [r4, #4]
10005bee:	b2a9      	uxth	r1, r5
10005bf0:	b283      	uxth	r3, r0
10005bf2:	4285      	cmp	r5, r0
10005bf4:	d332      	bcc.n	10005c5c <tu_fifo_read+0x88>
10005bf6:	1acd      	subs	r5, r1, r3
10005bf8:	b2ad      	uxth	r5, r5
10005bfa:	2d00      	cmp	r5, #0
10005bfc:	d028      	beq.n	10005c50 <tu_fifo_read+0x7c>
10005bfe:	42aa      	cmp	r2, r5
10005c00:	d208      	bcs.n	10005c14 <tu_fifo_read+0x40>
10005c02:	4291      	cmp	r1, r2
10005c04:	d32f      	bcc.n	10005c66 <tu_fifo_read+0x92>
10005c06:	1a89      	subs	r1, r1, r2
10005c08:	b28b      	uxth	r3, r1
10005c0a:	8163      	strh	r3, [r4, #10]
10005c0c:	429a      	cmp	r2, r3
10005c0e:	d803      	bhi.n	10005c18 <tu_fifo_read+0x44>
10005c10:	1a9b      	subs	r3, r3, r2
10005c12:	b29b      	uxth	r3, r3
10005c14:	429a      	cmp	r2, r3
10005c16:	d9fb      	bls.n	10005c10 <tu_fifo_read+0x3c>
10005c18:	88e2      	ldrh	r2, [r4, #6]
10005c1a:	6821      	ldr	r1, [r4, #0]
10005c1c:	0452      	lsls	r2, r2, #17
10005c1e:	0c52      	lsrs	r2, r2, #17
10005c20:	4353      	muls	r3, r2
10005c22:	0030      	movs	r0, r6
10005c24:	18c9      	adds	r1, r1, r3
10005c26:	f7fc fe33 	bl	10002890 <__wrap___aeabi_memcpy>
10005c2a:	8963      	ldrh	r3, [r4, #10]
10005c2c:	2501      	movs	r5, #1
10005c2e:	1c59      	adds	r1, r3, #1
10005c30:	b289      	uxth	r1, r1
10005c32:	88a2      	ldrh	r2, [r4, #4]
10005c34:	428b      	cmp	r3, r1
10005c36:	d90d      	bls.n	10005c54 <tu_fifo_read+0x80>
10005c38:	2100      	movs	r1, #0
10005c3a:	0052      	lsls	r2, r2, #1
10005c3c:	1a89      	subs	r1, r1, r2
10005c3e:	b289      	uxth	r1, r1
10005c40:	6920      	ldr	r0, [r4, #16]
10005c42:	8161      	strh	r1, [r4, #10]
10005c44:	2800      	cmp	r0, #0
10005c46:	d001      	beq.n	10005c4c <tu_fifo_read+0x78>
10005c48:	f000 fe76 	bl	10006938 <__mutex_exit_veneer>
10005c4c:	0028      	movs	r0, r5
10005c4e:	bd70      	pop	{r4, r5, r6, pc}
10005c50:	8961      	ldrh	r1, [r4, #10]
10005c52:	b289      	uxth	r1, r1
10005c54:	0052      	lsls	r2, r2, #1
10005c56:	4291      	cmp	r1, r2
10005c58:	dbf2      	blt.n	10005c40 <tu_fifo_read+0x6c>
10005c5a:	e7ef      	b.n	10005c3c <tu_fifo_read+0x68>
10005c5c:	0055      	lsls	r5, r2, #1
10005c5e:	1aed      	subs	r5, r5, r3
10005c60:	194d      	adds	r5, r1, r5
10005c62:	b2ad      	uxth	r5, r5
10005c64:	e7c9      	b.n	10005bfa <tu_fifo_read+0x26>
10005c66:	1889      	adds	r1, r1, r2
10005c68:	b28b      	uxth	r3, r1
10005c6a:	8163      	strh	r3, [r4, #10]
10005c6c:	e7ce      	b.n	10005c0c <tu_fifo_read+0x38>
10005c6e:	46c0      	nop			@ (mov r8, r8)

10005c70 <tu_fifo_write>:
10005c70:	b5f8      	push	{r3, r4, r5, r6, r7, lr}
10005c72:	0004      	movs	r4, r0
10005c74:	68c0      	ldr	r0, [r0, #12]
10005c76:	000e      	movs	r6, r1
10005c78:	2800      	cmp	r0, #0
10005c7a:	d003      	beq.n	10005c84 <tu_fifo_write+0x14>
10005c7c:	2101      	movs	r1, #1
10005c7e:	4249      	negs	r1, r1
10005c80:	f000 fe7a 	bl	10006978 <__mutex_enter_timeout_ms_veneer>
10005c84:	8925      	ldrh	r5, [r4, #8]
10005c86:	8920      	ldrh	r0, [r4, #8]
10005c88:	8961      	ldrh	r1, [r4, #10]
10005c8a:	88a2      	ldrh	r2, [r4, #4]
10005c8c:	b2ad      	uxth	r5, r5
10005c8e:	b283      	uxth	r3, r0
10005c90:	b28f      	uxth	r7, r1
10005c92:	4288      	cmp	r0, r1
10005c94:	d329      	bcc.n	10005cea <tu_fifo_write+0x7a>
10005c96:	1bdb      	subs	r3, r3, r7
10005c98:	b29b      	uxth	r3, r3
10005c9a:	429a      	cmp	r2, r3
10005c9c:	d809      	bhi.n	10005cb2 <tu_fifo_write+0x42>
10005c9e:	79e7      	ldrb	r7, [r4, #7]
10005ca0:	09ff      	lsrs	r7, r7, #7
10005ca2:	d106      	bne.n	10005cb2 <tu_fifo_write+0x42>
10005ca4:	68e0      	ldr	r0, [r4, #12]
10005ca6:	2800      	cmp	r0, #0
10005ca8:	d001      	beq.n	10005cae <tu_fifo_write+0x3e>
10005caa:	f000 fe45 	bl	10006938 <__mutex_exit_veneer>
10005cae:	0038      	movs	r0, r7
10005cb0:	bdf8      	pop	{r3, r4, r5, r6, r7, pc}
10005cb2:	002b      	movs	r3, r5
10005cb4:	4295      	cmp	r5, r2
10005cb6:	d31d      	bcc.n	10005cf4 <tu_fifo_write+0x84>
10005cb8:	1a9b      	subs	r3, r3, r2
10005cba:	b29b      	uxth	r3, r3
10005cbc:	4293      	cmp	r3, r2
10005cbe:	d2fb      	bcs.n	10005cb8 <tu_fifo_write+0x48>
10005cc0:	88e2      	ldrh	r2, [r4, #6]
10005cc2:	6820      	ldr	r0, [r4, #0]
10005cc4:	0452      	lsls	r2, r2, #17
10005cc6:	0c52      	lsrs	r2, r2, #17
10005cc8:	4353      	muls	r3, r2
10005cca:	0031      	movs	r1, r6
10005ccc:	18c0      	adds	r0, r0, r3
10005cce:	f7fc fddf 	bl	10002890 <__wrap___aeabi_memcpy>
10005cd2:	1c6b      	adds	r3, r5, #1
10005cd4:	b29b      	uxth	r3, r3
10005cd6:	88a2      	ldrh	r2, [r4, #4]
10005cd8:	429d      	cmp	r5, r3
10005cda:	d917      	bls.n	10005d0c <tu_fifo_write+0x9c>
10005cdc:	2300      	movs	r3, #0
10005cde:	0052      	lsls	r2, r2, #1
10005ce0:	1a9b      	subs	r3, r3, r2
10005ce2:	b29b      	uxth	r3, r3
10005ce4:	2701      	movs	r7, #1
10005ce6:	8123      	strh	r3, [r4, #8]
10005ce8:	e7dc      	b.n	10005ca4 <tu_fifo_write+0x34>
10005cea:	0051      	lsls	r1, r2, #1
10005cec:	1bc9      	subs	r1, r1, r7
10005cee:	185b      	adds	r3, r3, r1
10005cf0:	b29b      	uxth	r3, r3
10005cf2:	e7d2      	b.n	10005c9a <tu_fifo_write+0x2a>
10005cf4:	88e2      	ldrh	r2, [r4, #6]
10005cf6:	6820      	ldr	r0, [r4, #0]
10005cf8:	0452      	lsls	r2, r2, #17
10005cfa:	0c52      	lsrs	r2, r2, #17
10005cfc:	4353      	muls	r3, r2
10005cfe:	0031      	movs	r1, r6
10005d00:	18c0      	adds	r0, r0, r3
10005d02:	f7fc fdc5 	bl	10002890 <__wrap___aeabi_memcpy>
10005d06:	3501      	adds	r5, #1
10005d08:	88a2      	ldrh	r2, [r4, #4]
10005d0a:	b2ab      	uxth	r3, r5
10005d0c:	0052      	lsls	r2, r2, #1
10005d0e:	4293      	cmp	r3, r2
10005d10:	dbe8      	blt.n	10005ce4 <tu_fifo_write+0x74>
10005d12:	e7e5      	b.n	10005ce0 <tu_fifo_write+0x70>

10005d14 <tu_fifo_clear>:
10005d14:	b510      	push	{r4, lr}
10005d16:	0004      	movs	r4, r0
10005d18:	68c0      	ldr	r0, [r0, #12]
10005d1a:	2800      	cmp	r0, #0
10005d1c:	d003      	beq.n	10005d26 <tu_fifo_clear+0x12>
10005d1e:	2101      	movs	r1, #1
10005d20:	4249      	negs	r1, r1
10005d22:	f000 fe29 	bl	10006978 <__mutex_enter_timeout_ms_veneer>
10005d26:	6920      	ldr	r0, [r4, #16]
10005d28:	2800      	cmp	r0, #0
10005d2a:	d003      	beq.n	10005d34 <tu_fifo_clear+0x20>
10005d2c:	2101      	movs	r1, #1
10005d2e:	4249      	negs	r1, r1
10005d30:	f000 fe22 	bl	10006978 <__mutex_enter_timeout_ms_veneer>
10005d34:	2300      	movs	r3, #0
10005d36:	68e0      	ldr	r0, [r4, #12]
10005d38:	8163      	strh	r3, [r4, #10]
10005d3a:	8123      	strh	r3, [r4, #8]
10005d3c:	2800      	cmp	r0, #0
10005d3e:	d001      	beq.n	10005d44 <tu_fifo_clear+0x30>
10005d40:	f000 fdfa 	bl	10006938 <__mutex_exit_veneer>
10005d44:	6920      	ldr	r0, [r4, #16]
10005d46:	2800      	cmp	r0, #0
10005d48:	d001      	beq.n	10005d4e <tu_fifo_clear+0x3a>
10005d4a:	f000 fdf5 	bl	10006938 <__mutex_exit_veneer>
10005d4e:	2001      	movs	r0, #1
10005d50:	bd10      	pop	{r4, pc}
10005d52:	46c0      	nop			@ (mov r8, r8)

10005d54 <board_get_unique_id>:
10005d54:	b530      	push	{r4, r5, lr}
10005d56:	b083      	sub	sp, #12
10005d58:	0005      	movs	r5, r0
10005d5a:	4668      	mov	r0, sp
10005d5c:	000c      	movs	r4, r1
10005d5e:	f7fe fd39 	bl	100047d4 <pico_get_unique_board_id>
10005d62:	2c08      	cmp	r4, #8
10005d64:	d900      	bls.n	10005d68 <board_get_unique_id+0x14>
10005d66:	2408      	movs	r4, #8
10005d68:	0022      	movs	r2, r4
10005d6a:	4669      	mov	r1, sp
10005d6c:	0028      	movs	r0, r5
10005d6e:	f7fc fd8f 	bl	10002890 <__wrap___aeabi_memcpy>
10005d72:	0020      	movs	r0, r4
10005d74:	b003      	add	sp, #12
10005d76:	bd30      	pop	{r4, r5, pc}

10005d78 <kbd_write_byte>:
10005d78:	b5f0      	push	{r4, r5, r6, r7, lr}
10005d7a:	46de      	mov	lr, fp
10005d7c:	464e      	mov	r6, r9
10005d7e:	4645      	mov	r5, r8
10005d80:	4657      	mov	r7, sl
10005d82:	b5e0      	push	{r5, r6, r7, lr}
10005d84:	2501      	movs	r5, #1
10005d86:	0007      	movs	r7, r0
10005d88:	0028      	movs	r0, r5
10005d8a:	499e      	ldr	r1, [pc, #632]	@ (10006004 <kbd_write_byte+0x28c>)
10005d8c:	4b9e      	ldr	r3, [pc, #632]	@ (10006008 <kbd_write_byte+0x290>)
10005d8e:	468b      	mov	fp, r1
10005d90:	6809      	ldr	r1, [r1, #0]
10005d92:	681a      	ldr	r2, [r3, #0]
10005d94:	4088      	lsls	r0, r1
10005d96:	b083      	sub	sp, #12
10005d98:	9301      	str	r3, [sp, #4]
10005d9a:	6813      	ldr	r3, [r2, #0]
10005d9c:	4c9b      	ldr	r4, [pc, #620]	@ (1000600c <kbd_write_byte+0x294>)
10005d9e:	4383      	bics	r3, r0
10005da0:	6013      	str	r3, [r2, #0]
10005da2:	002a      	movs	r2, r5
10005da4:	6823      	ldr	r3, [r4, #0]
10005da6:	26d0      	movs	r6, #208	@ 0xd0
10005da8:	3301      	adds	r3, #1
10005daa:	409a      	lsls	r2, r3
10005dac:	0636      	lsls	r6, r6, #24
10005dae:	6272      	str	r2, [r6, #36]	@ 0x24
10005db0:	2064      	movs	r0, #100	@ 0x64
10005db2:	2100      	movs	r1, #0
10005db4:	61b2      	str	r2, [r6, #24]
10005db6:	f7fb fad9 	bl	1000136c <busy_wait_us>
10005dba:	002b      	movs	r3, r5
10005dbc:	6820      	ldr	r0, [r4, #0]
10005dbe:	2200      	movs	r2, #0
10005dc0:	4083      	lsls	r3, r0
10005dc2:	3001      	adds	r0, #1
10005dc4:	4085      	lsls	r5, r0
10005dc6:	6273      	str	r3, [r6, #36]	@ 0x24
10005dc8:	2101      	movs	r1, #1
10005dca:	61b3      	str	r3, [r6, #24]
10005dcc:	62b5      	str	r5, [r6, #40]	@ 0x28
10005dce:	f7fa fbc1 	bl	10000554 <gpio_set_pulls>
10005dd2:	2308      	movs	r3, #8
10005dd4:	4698      	mov	r8, r3
10005dd6:	2300      	movs	r3, #0
10005dd8:	2501      	movs	r5, #1
10005dda:	4699      	mov	r9, r3
10005ddc:	6820      	ldr	r0, [r4, #0]
10005dde:	1c42      	adds	r2, r0, #1
10005de0:	002b      	movs	r3, r5
10005de2:	403b      	ands	r3, r7
10005de4:	469a      	mov	sl, r3
10005de6:	002b      	movs	r3, r5
10005de8:	4093      	lsls	r3, r2
10005dea:	6871      	ldr	r1, [r6, #4]
10005dec:	420b      	tst	r3, r1
10005dee:	d10a      	bne.n	10005e06 <kbd_write_byte+0x8e>
10005df0:	2001      	movs	r0, #1
10005df2:	2100      	movs	r1, #0
10005df4:	f7fb faba 	bl	1000136c <busy_wait_us>
10005df8:	002b      	movs	r3, r5
10005dfa:	6820      	ldr	r0, [r4, #0]
10005dfc:	6871      	ldr	r1, [r6, #4]
10005dfe:	1c42      	adds	r2, r0, #1
10005e00:	4093      	lsls	r3, r2
10005e02:	420b      	tst	r3, r1
10005e04:	d0f4      	beq.n	10005df0 <kbd_write_byte+0x78>
10005e06:	6871      	ldr	r1, [r6, #4]
10005e08:	420b      	tst	r3, r1
10005e0a:	d00a      	beq.n	10005e22 <kbd_write_byte+0xaa>
10005e0c:	2001      	movs	r0, #1
10005e0e:	2100      	movs	r1, #0
10005e10:	f7fb faac 	bl	1000136c <busy_wait_us>
10005e14:	002b      	movs	r3, r5
10005e16:	6820      	ldr	r0, [r4, #0]
10005e18:	6871      	ldr	r1, [r6, #4]
10005e1a:	1c42      	adds	r2, r0, #1
10005e1c:	4093      	lsls	r3, r2
10005e1e:	420b      	tst	r3, r1
10005e20:	d1f4      	bne.n	10005e0c <kbd_write_byte+0x94>
10005e22:	0029      	movs	r1, r5
10005e24:	4081      	lsls	r1, r0
10005e26:	468c      	mov	ip, r1
10005e28:	4651      	mov	r1, sl
10005e2a:	2900      	cmp	r1, #0
10005e2c:	d100      	bne.n	10005e30 <kbd_write_byte+0xb8>
10005e2e:	e0dc      	b.n	10005fea <kbd_write_byte+0x272>
10005e30:	4661      	mov	r1, ip
10005e32:	6171      	str	r1, [r6, #20]
10005e34:	0029      	movs	r1, r5
10005e36:	4039      	ands	r1, r7
10005e38:	4489      	add	r9, r1
10005e3a:	2101      	movs	r1, #1
10005e3c:	4249      	negs	r1, r1
10005e3e:	468c      	mov	ip, r1
10005e40:	44e0      	add	r8, ip
10005e42:	4641      	mov	r1, r8
10005e44:	087f      	lsrs	r7, r7, #1
10005e46:	2900      	cmp	r1, #0
10005e48:	d1ca      	bne.n	10005de0 <kbd_write_byte+0x68>
10005e4a:	25d0      	movs	r5, #208	@ 0xd0
10005e4c:	062d      	lsls	r5, r5, #24
10005e4e:	686a      	ldr	r2, [r5, #4]
10005e50:	4213      	tst	r3, r2
10005e52:	d10c      	bne.n	10005e6e <kbd_write_byte+0xf6>
10005e54:	2601      	movs	r6, #1
10005e56:	2001      	movs	r0, #1
10005e58:	2100      	movs	r1, #0
10005e5a:	f7fb fa87 	bl	1000136c <busy_wait_us>
10005e5e:	0031      	movs	r1, r6
10005e60:	6820      	ldr	r0, [r4, #0]
10005e62:	686a      	ldr	r2, [r5, #4]
10005e64:	1c43      	adds	r3, r0, #1
10005e66:	4099      	lsls	r1, r3
10005e68:	000b      	movs	r3, r1
10005e6a:	4211      	tst	r1, r2
10005e6c:	d0f3      	beq.n	10005e56 <kbd_write_byte+0xde>
10005e6e:	25d0      	movs	r5, #208	@ 0xd0
10005e70:	062d      	lsls	r5, r5, #24
10005e72:	686a      	ldr	r2, [r5, #4]
10005e74:	4213      	tst	r3, r2
10005e76:	d00c      	beq.n	10005e92 <kbd_write_byte+0x11a>
10005e78:	2601      	movs	r6, #1
10005e7a:	2001      	movs	r0, #1
10005e7c:	2100      	movs	r1, #0
10005e7e:	f7fb fa75 	bl	1000136c <busy_wait_us>
10005e82:	0031      	movs	r1, r6
10005e84:	6820      	ldr	r0, [r4, #0]
10005e86:	686a      	ldr	r2, [r5, #4]
10005e88:	1c43      	adds	r3, r0, #1
10005e8a:	4099      	lsls	r1, r3
10005e8c:	000b      	movs	r3, r1
10005e8e:	4211      	tst	r1, r2
10005e90:	d1f3      	bne.n	10005e7a <kbd_write_byte+0x102>
10005e92:	2201      	movs	r2, #1
10005e94:	4649      	mov	r1, r9
10005e96:	4082      	lsls	r2, r0
10005e98:	2901      	cmp	r1, #1
10005e9a:	d100      	bne.n	10005e9e <kbd_write_byte+0x126>
10005e9c:	e0a8      	b.n	10005ff0 <kbd_write_byte+0x278>
10005e9e:	21d0      	movs	r1, #208	@ 0xd0
10005ea0:	0609      	lsls	r1, r1, #24
10005ea2:	614a      	str	r2, [r1, #20]
10005ea4:	25d0      	movs	r5, #208	@ 0xd0
10005ea6:	062d      	lsls	r5, r5, #24
10005ea8:	686a      	ldr	r2, [r5, #4]
10005eaa:	4213      	tst	r3, r2
10005eac:	d10c      	bne.n	10005ec8 <kbd_write_byte+0x150>
10005eae:	2601      	movs	r6, #1
10005eb0:	2001      	movs	r0, #1
10005eb2:	2100      	movs	r1, #0
10005eb4:	f7fb fa5a 	bl	1000136c <busy_wait_us>
10005eb8:	0031      	movs	r1, r6
10005eba:	6820      	ldr	r0, [r4, #0]
10005ebc:	686a      	ldr	r2, [r5, #4]
10005ebe:	1c43      	adds	r3, r0, #1
10005ec0:	4099      	lsls	r1, r3
10005ec2:	000b      	movs	r3, r1
10005ec4:	4211      	tst	r1, r2
10005ec6:	d0f3      	beq.n	10005eb0 <kbd_write_byte+0x138>
10005ec8:	25d0      	movs	r5, #208	@ 0xd0
10005eca:	062d      	lsls	r5, r5, #24
10005ecc:	686a      	ldr	r2, [r5, #4]
10005ece:	4213      	tst	r3, r2
10005ed0:	d00c      	beq.n	10005eec <kbd_write_byte+0x174>
10005ed2:	2601      	movs	r6, #1
10005ed4:	2001      	movs	r0, #1
10005ed6:	2100      	movs	r1, #0
10005ed8:	f7fb fa48 	bl	1000136c <busy_wait_us>
10005edc:	0031      	movs	r1, r6
10005ede:	6820      	ldr	r0, [r4, #0]
10005ee0:	686a      	ldr	r2, [r5, #4]
10005ee2:	1c43      	adds	r3, r0, #1
10005ee4:	4099      	lsls	r1, r3
10005ee6:	000b      	movs	r3, r1
10005ee8:	4211      	tst	r1, r2
10005eea:	d1f3      	bne.n	10005ed4 <kbd_write_byte+0x15c>
10005eec:	2201      	movs	r2, #1
10005eee:	25d0      	movs	r5, #208	@ 0xd0
10005ef0:	4082      	lsls	r2, r0
10005ef2:	062d      	lsls	r5, r5, #24
10005ef4:	616a      	str	r2, [r5, #20]
10005ef6:	686a      	ldr	r2, [r5, #4]
10005ef8:	4213      	tst	r3, r2
10005efa:	d10b      	bne.n	10005f14 <kbd_write_byte+0x19c>
10005efc:	2601      	movs	r6, #1
10005efe:	2001      	movs	r0, #1
10005f00:	2100      	movs	r1, #0
10005f02:	f7fb fa33 	bl	1000136c <busy_wait_us>
10005f06:	0031      	movs	r1, r6
10005f08:	6820      	ldr	r0, [r4, #0]
10005f0a:	686a      	ldr	r2, [r5, #4]
10005f0c:	1c43      	adds	r3, r0, #1
10005f0e:	4099      	lsls	r1, r3
10005f10:	420a      	tst	r2, r1
10005f12:	d0f4      	beq.n	10005efe <kbd_write_byte+0x186>
10005f14:	2501      	movs	r5, #1
10005f16:	002b      	movs	r3, r5
10005f18:	26d0      	movs	r6, #208	@ 0xd0
10005f1a:	4083      	lsls	r3, r0
10005f1c:	0636      	lsls	r6, r6, #24
10005f1e:	2200      	movs	r2, #0
10005f20:	2101      	movs	r1, #1
10005f22:	62b3      	str	r3, [r6, #40]	@ 0x28
10005f24:	f7fa fb16 	bl	10000554 <gpio_set_pulls>
10005f28:	6823      	ldr	r3, [r4, #0]
10005f2a:	6871      	ldr	r1, [r6, #4]
10005f2c:	1c5a      	adds	r2, r3, #1
10005f2e:	4095      	lsls	r5, r2
10005f30:	002a      	movs	r2, r5
10005f32:	420d      	tst	r5, r1
10005f34:	d10c      	bne.n	10005f50 <kbd_write_byte+0x1d8>
10005f36:	2501      	movs	r5, #1
10005f38:	2001      	movs	r0, #1
10005f3a:	2100      	movs	r1, #0
10005f3c:	f7fb fa16 	bl	1000136c <busy_wait_us>
10005f40:	0028      	movs	r0, r5
10005f42:	6823      	ldr	r3, [r4, #0]
10005f44:	6871      	ldr	r1, [r6, #4]
10005f46:	1c5a      	adds	r2, r3, #1
10005f48:	4090      	lsls	r0, r2
10005f4a:	0002      	movs	r2, r0
10005f4c:	4208      	tst	r0, r1
10005f4e:	d0f3      	beq.n	10005f38 <kbd_write_byte+0x1c0>
10005f50:	25d0      	movs	r5, #208	@ 0xd0
10005f52:	062d      	lsls	r5, r5, #24
10005f54:	6869      	ldr	r1, [r5, #4]
10005f56:	420a      	tst	r2, r1
10005f58:	d00b      	beq.n	10005f72 <kbd_write_byte+0x1fa>
10005f5a:	2601      	movs	r6, #1
10005f5c:	2001      	movs	r0, #1
10005f5e:	2100      	movs	r1, #0
10005f60:	f7fb fa04 	bl	1000136c <busy_wait_us>
10005f64:	0030      	movs	r0, r6
10005f66:	6823      	ldr	r3, [r4, #0]
10005f68:	6869      	ldr	r1, [r5, #4]
10005f6a:	1c5a      	adds	r2, r3, #1
10005f6c:	4090      	lsls	r0, r2
10005f6e:	4201      	tst	r1, r0
10005f70:	d1f4      	bne.n	10005f5c <kbd_write_byte+0x1e4>
10005f72:	22d0      	movs	r2, #208	@ 0xd0
10005f74:	0612      	lsls	r2, r2, #24
10005f76:	6851      	ldr	r1, [r2, #4]
10005f78:	2201      	movs	r2, #1
10005f7a:	409a      	lsls	r2, r3
10005f7c:	4211      	tst	r1, r2
10005f7e:	d13b      	bne.n	10005ff8 <kbd_write_byte+0x280>
10005f80:	2201      	movs	r2, #1
10005f82:	25d0      	movs	r5, #208	@ 0xd0
10005f84:	409a      	lsls	r2, r3
10005f86:	062d      	lsls	r5, r5, #24
10005f88:	6869      	ldr	r1, [r5, #4]
10005f8a:	2601      	movs	r6, #1
10005f8c:	4211      	tst	r1, r2
10005f8e:	d109      	bne.n	10005fa4 <kbd_write_byte+0x22c>
10005f90:	2100      	movs	r1, #0
10005f92:	2001      	movs	r0, #1
10005f94:	f7fb f9ea 	bl	1000136c <busy_wait_us>
10005f98:	0031      	movs	r1, r6
10005f9a:	6823      	ldr	r3, [r4, #0]
10005f9c:	686a      	ldr	r2, [r5, #4]
10005f9e:	4099      	lsls	r1, r3
10005fa0:	420a      	tst	r2, r1
10005fa2:	d0f5      	beq.n	10005f90 <kbd_write_byte+0x218>
10005fa4:	9b01      	ldr	r3, [sp, #4]
10005fa6:	2001      	movs	r0, #1
10005fa8:	681a      	ldr	r2, [r3, #0]
10005faa:	465b      	mov	r3, fp
10005fac:	6819      	ldr	r1, [r3, #0]
10005fae:	0003      	movs	r3, r0
10005fb0:	408b      	lsls	r3, r1
10005fb2:	6814      	ldr	r4, [r2, #0]
10005fb4:	4323      	orrs	r3, r4
10005fb6:	4c16      	ldr	r4, [pc, #88]	@ (10006010 <kbd_write_byte+0x298>)
10005fb8:	6013      	str	r3, [r2, #0]
10005fba:	46a4      	mov	ip, r4
10005fbc:	2480      	movs	r4, #128	@ 0x80
10005fbe:	004b      	lsls	r3, r1, #1
10005fc0:	185b      	adds	r3, r3, r1
10005fc2:	00db      	lsls	r3, r3, #3
10005fc4:	18d3      	adds	r3, r2, r3
10005fc6:	4463      	add	r3, ip
10005fc8:	0624      	lsls	r4, r4, #24
10005fca:	601c      	str	r4, [r3, #0]
10005fcc:	601c      	str	r4, [r3, #0]
10005fce:	2380      	movs	r3, #128	@ 0x80
10005fd0:	019b      	lsls	r3, r3, #6
10005fd2:	469c      	mov	ip, r3
10005fd4:	3104      	adds	r1, #4
10005fd6:	4088      	lsls	r0, r1
10005fd8:	4462      	add	r2, ip
10005fda:	6010      	str	r0, [r2, #0]
10005fdc:	b003      	add	sp, #12
10005fde:	bcf0      	pop	{r4, r5, r6, r7}
10005fe0:	46bb      	mov	fp, r7
10005fe2:	46b2      	mov	sl, r6
10005fe4:	46a9      	mov	r9, r5
10005fe6:	46a0      	mov	r8, r4
10005fe8:	bdf0      	pop	{r4, r5, r6, r7, pc}
10005fea:	4661      	mov	r1, ip
10005fec:	61b1      	str	r1, [r6, #24]
10005fee:	e721      	b.n	10005e34 <kbd_write_byte+0xbc>
10005ff0:	21d0      	movs	r1, #208	@ 0xd0
10005ff2:	0609      	lsls	r1, r1, #24
10005ff4:	618a      	str	r2, [r1, #24]
10005ff6:	e755      	b.n	10005ea4 <kbd_write_byte+0x12c>
10005ff8:	4806      	ldr	r0, [pc, #24]	@ (10006014 <kbd_write_byte+0x29c>)
10005ffa:	f7fe fa5d 	bl	100044b8 <__wrap_puts>
10005ffe:	6823      	ldr	r3, [r4, #0]
10006000:	e7be      	b.n	10005f80 <kbd_write_byte+0x208>
10006002:	46c0      	nop			@ (mov r8, r8)
10006004:	20001d1c 	.word	0x20001d1c
10006008:	20001d18 	.word	0x20001d18
1000600c:	200017cc 	.word	0x200017cc
10006010:	000010d0 	.word	0x000010d0
10006014:	10006bc8 	.word	0x10006bc8

10006018 <kbd_init>:
10006018:	b5f0      	push	{r4, r5, r6, r7, lr}
1000601a:	46ce      	mov	lr, r9
1000601c:	4647      	mov	r7, r8
1000601e:	b580      	push	{r7, lr}
10006020:	4d4b      	ldr	r5, [pc, #300]	@ (10006150 <kbd_init+0x138>)
10006022:	4a4c      	ldr	r2, [pc, #304]	@ (10006154 <kbd_init+0x13c>)
10006024:	4b4c      	ldr	r3, [pc, #304]	@ (10006158 <kbd_init+0x140>)
10006026:	b08b      	sub	sp, #44	@ 0x2c
10006028:	4690      	mov	r8, r2
1000602a:	602b      	str	r3, [r5, #0]
1000602c:	230e      	movs	r3, #14
1000602e:	200e      	movs	r0, #14
10006030:	6013      	str	r3, [r2, #0]
10006032:	f7fa faa3 	bl	1000057c <gpio_init>
10006036:	4643      	mov	r3, r8
10006038:	6818      	ldr	r0, [r3, #0]
1000603a:	2400      	movs	r4, #0
1000603c:	3001      	adds	r0, #1
1000603e:	f7fa fa9d 	bl	1000057c <gpio_init>
10006042:	4643      	mov	r3, r8
10006044:	2200      	movs	r2, #0
10006046:	6818      	ldr	r0, [r3, #0]
10006048:	2101      	movs	r1, #1
1000604a:	f7fa fa83 	bl	10000554 <gpio_set_pulls>
1000604e:	4643      	mov	r3, r8
10006050:	6818      	ldr	r0, [r3, #0]
10006052:	2200      	movs	r2, #0
10006054:	2101      	movs	r1, #1
10006056:	3001      	adds	r0, #1
10006058:	f7fa fa7c 	bl	10000554 <gpio_set_pulls>
1000605c:	2101      	movs	r1, #1
1000605e:	6828      	ldr	r0, [r5, #0]
10006060:	f000 fa60 	bl	10006524 <pio_claim_unused_sm>
10006064:	4f3d      	ldr	r7, [pc, #244]	@ (1000615c <kbd_init+0x144>)
10006066:	493e      	ldr	r1, [pc, #248]	@ (10006160 <kbd_init+0x148>)
10006068:	6038      	str	r0, [r7, #0]
1000606a:	6828      	ldr	r0, [r5, #0]
1000606c:	f000 fa76 	bl	1000655c <pio_add_program>
10006070:	4643      	mov	r3, r8
10006072:	0006      	movs	r6, r0
10006074:	681a      	ldr	r2, [r3, #0]
10006076:	6839      	ldr	r1, [r7, #0]
10006078:	2302      	movs	r3, #2
1000607a:	6828      	ldr	r0, [r5, #0]
1000607c:	9400      	str	r4, [sp, #0]
1000607e:	f000 fae9 	bl	10006654 <pio_sm_set_consecutive_pindirs>
10006082:	2280      	movs	r2, #128	@ 0x80
10006084:	23f8      	movs	r3, #248	@ 0xf8
10006086:	0252      	lsls	r2, r2, #9
10006088:	025b      	lsls	r3, r3, #9
1000608a:	9202      	str	r2, [sp, #8]
1000608c:	9303      	str	r3, [sp, #12]
1000608e:	23c0      	movs	r3, #192	@ 0xc0
10006090:	9405      	str	r4, [sp, #20]
10006092:	031b      	lsls	r3, r3, #12
10006094:	0034      	movs	r4, r6
10006096:	9304      	str	r3, [sp, #16]
10006098:	ab06      	add	r3, sp, #24
1000609a:	4699      	mov	r9, r3
1000609c:	2210      	movs	r2, #16
1000609e:	0018      	movs	r0, r3
100060a0:	a902      	add	r1, sp, #8
100060a2:	3408      	adds	r4, #8
100060a4:	f7fc fbf4 	bl	10002890 <__wrap___aeabi_memcpy>
100060a8:	0324      	lsls	r4, r4, #12
100060aa:	01f3      	lsls	r3, r6, #7
100060ac:	431c      	orrs	r4, r3
100060ae:	464b      	mov	r3, r9
100060b0:	2210      	movs	r2, #16
100060b2:	4649      	mov	r1, r9
100060b4:	a802      	add	r0, sp, #8
100060b6:	605c      	str	r4, [r3, #4]
100060b8:	f7fc fbea 	bl	10002890 <__wrap___aeabi_memcpy>
100060bc:	4643      	mov	r3, r8
100060be:	21f8      	movs	r1, #248	@ 0xf8
100060c0:	681b      	ldr	r3, [r3, #0]
100060c2:	0309      	lsls	r1, r1, #12
100060c4:	03da      	lsls	r2, r3, #15
100060c6:	400a      	ands	r2, r1
100060c8:	9205      	str	r2, [sp, #20]
100060ca:	22f8      	movs	r2, #248	@ 0xf8
100060cc:	061b      	lsls	r3, r3, #24
100060ce:	0552      	lsls	r2, r2, #21
100060d0:	4013      	ands	r3, r2
100060d2:	4a24      	ldr	r2, [pc, #144]	@ (10006164 <kbd_init+0x14c>)
100060d4:	2005      	movs	r0, #5
100060d6:	4014      	ands	r4, r2
100060d8:	4323      	orrs	r3, r4
100060da:	9303      	str	r3, [sp, #12]
100060dc:	4b22      	ldr	r3, [pc, #136]	@ (10006168 <kbd_init+0x150>)
100060de:	9304      	str	r3, [sp, #16]
100060e0:	f7fb faf6 	bl	100016d0 <clock_get_hz>
100060e4:	f7fc fb50 	bl	10002788 <__wrap___aeabi_ui2f>
100060e8:	4920      	ldr	r1, [pc, #128]	@ (1000616c <kbd_init+0x154>)
100060ea:	f7fc fb32 	bl	10002752 <__wrap___aeabi_fdiv>
100060ee:	21ec      	movs	r1, #236	@ 0xec
100060f0:	0589      	lsls	r1, r1, #22
100060f2:	f7fc fb2b 	bl	1000274c <__wrap___aeabi_fadd>
100060f6:	4680      	mov	r8, r0
100060f8:	f7fc fb6e 	bl	100027d8 <__wrap___aeabi_f2uiz>
100060fc:	b284      	uxth	r4, r0
100060fe:	2300      	movs	r3, #0
10006100:	2c00      	cmp	r4, #0
10006102:	d00e      	beq.n	10006122 <kbd_init+0x10a>
10006104:	0020      	movs	r0, r4
10006106:	f7fc fb3f 	bl	10002788 <__wrap___aeabi_ui2f>
1000610a:	1c01      	adds	r1, r0, #0
1000610c:	4640      	mov	r0, r8
1000610e:	f7fc fb1a 	bl	10002746 <__wrap___aeabi_fsub>
10006112:	2187      	movs	r1, #135	@ 0x87
10006114:	05c9      	lsls	r1, r1, #23
10006116:	f7fc fb30 	bl	1000277a <__wrap___aeabi_fmul>
1000611a:	f7fc fb5d 	bl	100027d8 <__wrap___aeabi_f2uiz>
1000611e:	b2c3      	uxtb	r3, r0
10006120:	021b      	lsls	r3, r3, #8
10006122:	0424      	lsls	r4, r4, #16
10006124:	0032      	movs	r2, r6
10006126:	6839      	ldr	r1, [r7, #0]
10006128:	431c      	orrs	r4, r3
1000612a:	6828      	ldr	r0, [r5, #0]
1000612c:	ab02      	add	r3, sp, #8
1000612e:	9402      	str	r4, [sp, #8]
10006130:	f000 faea 	bl	10006708 <pio_sm_init>
10006134:	2301      	movs	r3, #1
10006136:	6838      	ldr	r0, [r7, #0]
10006138:	682a      	ldr	r2, [r5, #0]
1000613a:	4083      	lsls	r3, r0
1000613c:	6811      	ldr	r1, [r2, #0]
1000613e:	430b      	orrs	r3, r1
10006140:	6013      	str	r3, [r2, #0]
10006142:	f000 f8a9 	bl	10006298 <ps2_init>
10006146:	b00b      	add	sp, #44	@ 0x2c
10006148:	bcc0      	pop	{r6, r7}
1000614a:	46b9      	mov	r9, r7
1000614c:	46b0      	mov	r8, r6
1000614e:	bdf0      	pop	{r4, r5, r6, r7, pc}
10006150:	20001d18 	.word	0x20001d18
10006154:	200017cc 	.word	0x200017cc
10006158:	50300000 	.word	0x50300000
1000615c:	20001d1c 	.word	0x20001d1c
10006160:	100070cc 	.word	0x100070cc
10006164:	e0ffffff 	.word	0xe0ffffff
10006168:	80bd0000 	.word	0x80bd0000
1000616c:	48027800 	.word	0x48027800

10006170 <kbd_ready>:
10006170:	b5f0      	push	{r4, r5, r6, r7, lr}
10006172:	2701      	movs	r7, #1
10006174:	0039      	movs	r1, r7
10006176:	4d20      	ldr	r5, [pc, #128]	@ (100061f8 <kbd_ready+0x88>)
10006178:	46c6      	mov	lr, r8
1000617a:	682b      	ldr	r3, [r5, #0]
1000617c:	4e1f      	ldr	r6, [pc, #124]	@ (100061fc <kbd_ready+0x8c>)
1000617e:	3308      	adds	r3, #8
10006180:	4099      	lsls	r1, r3
10006182:	6832      	ldr	r2, [r6, #0]
10006184:	b500      	push	{lr}
10006186:	6850      	ldr	r0, [r2, #4]
10006188:	4208      	tst	r0, r1
1000618a:	d12d      	bne.n	100061e8 <kbd_ready+0x78>
1000618c:	009b      	lsls	r3, r3, #2
1000618e:	589c      	ldr	r4, [r3, r2]
10006190:	02a3      	lsls	r3, r4, #10
10006192:	d42d      	bmi.n	100061f0 <kbd_ready+0x80>
10006194:	2c00      	cmp	r4, #0
10006196:	da0e      	bge.n	100061b6 <kbd_ready+0x46>
10006198:	20ff      	movs	r0, #255	@ 0xff
1000619a:	0da3      	lsrs	r3, r4, #22
1000619c:	4018      	ands	r0, r3
1000619e:	4698      	mov	r8, r3
100061a0:	f000 fbf2 	bl	10006988 <____paritysi2_veneer>
100061a4:	003b      	movs	r3, r7
100061a6:	0064      	lsls	r4, r4, #1
100061a8:	0fe4      	lsrs	r4, r4, #31
100061aa:	4383      	bics	r3, r0
100061ac:	429c      	cmp	r4, r3
100061ae:	d121      	bne.n	100061f4 <kbd_ready+0x84>
100061b0:	4643      	mov	r3, r8
100061b2:	b2d8      	uxtb	r0, r3
100061b4:	e019      	b.n	100061ea <kbd_ready+0x7a>
100061b6:	4812      	ldr	r0, [pc, #72]	@ (10006200 <kbd_ready+0x90>)
100061b8:	f7fe f97e 	bl	100044b8 <__wrap_puts>
100061bc:	4811      	ldr	r0, [pc, #68]	@ (10006204 <kbd_ready+0x94>)
100061be:	682a      	ldr	r2, [r5, #0]
100061c0:	4684      	mov	ip, r0
100061c2:	2080      	movs	r0, #128	@ 0x80
100061c4:	0053      	lsls	r3, r2, #1
100061c6:	6831      	ldr	r1, [r6, #0]
100061c8:	189b      	adds	r3, r3, r2
100061ca:	00db      	lsls	r3, r3, #3
100061cc:	18cb      	adds	r3, r1, r3
100061ce:	4463      	add	r3, ip
100061d0:	0600      	lsls	r0, r0, #24
100061d2:	6018      	str	r0, [r3, #0]
100061d4:	6018      	str	r0, [r3, #0]
100061d6:	2380      	movs	r3, #128	@ 0x80
100061d8:	019b      	lsls	r3, r3, #6
100061da:	469c      	mov	ip, r3
100061dc:	3204      	adds	r2, #4
100061de:	4097      	lsls	r7, r2
100061e0:	4461      	add	r1, ip
100061e2:	600f      	str	r7, [r1, #0]
100061e4:	f000 f844 	bl	10006270 <ps2_clear_all_keys>
100061e8:	2000      	movs	r0, #0
100061ea:	bc80      	pop	{r7}
100061ec:	46b8      	mov	r8, r7
100061ee:	bdf0      	pop	{r4, r5, r6, r7, pc}
100061f0:	4805      	ldr	r0, [pc, #20]	@ (10006208 <kbd_ready+0x98>)
100061f2:	e7e1      	b.n	100061b8 <kbd_ready+0x48>
100061f4:	4805      	ldr	r0, [pc, #20]	@ (1000620c <kbd_ready+0x9c>)
100061f6:	e7df      	b.n	100061b8 <kbd_ready+0x48>
100061f8:	20001d1c 	.word	0x20001d1c
100061fc:	20001d18 	.word	0x20001d18
10006200:	10006c00 	.word	0x10006c00
10006204:	000010d0 	.word	0x000010d0
10006208:	10006bdc 	.word	0x10006bdc
1000620c:	10006c24 	.word	0x10006c24

10006210 <kbd_write_leds_flags>:
10006210:	b570      	push	{r4, r5, r6, lr}
10006212:	0005      	movs	r5, r0
10006214:	20ed      	movs	r0, #237	@ 0xed
10006216:	000c      	movs	r4, r1
10006218:	0016      	movs	r6, r2
1000621a:	f7ff fdad 	bl	10005d78 <kbd_write_byte>
1000621e:	f7ff ffa7 	bl	10006170 <kbd_ready>
10006222:	2800      	cmp	r0, #0
10006224:	d0fb      	beq.n	1000621e <kbd_write_leds_flags+0xe>
10006226:	28fa      	cmp	r0, #250	@ 0xfa
10006228:	d012      	beq.n	10006250 <kbd_write_leds_flags+0x40>
1000622a:	2503      	movs	r5, #3
1000622c:	4e0f      	ldr	r6, [pc, #60]	@ (1000626c <kbd_write_leds_flags+0x5c>)
1000622e:	20ee      	movs	r0, #238	@ 0xee
10006230:	f7ff fda2 	bl	10005d78 <kbd_write_byte>
10006234:	f7ff ff9c 	bl	10006170 <kbd_ready>
10006238:	1e04      	subs	r4, r0, #0
1000623a:	d0fb      	beq.n	10006234 <kbd_write_leds_flags+0x24>
1000623c:	0001      	movs	r1, r0
1000623e:	0030      	movs	r0, r6
10006240:	f7fe f9be 	bl	100045c0 <__wrap_printf>
10006244:	2cee      	cmp	r4, #238	@ 0xee
10006246:	d002      	beq.n	1000624e <kbd_write_leds_flags+0x3e>
10006248:	3d01      	subs	r5, #1
1000624a:	2d00      	cmp	r5, #0
1000624c:	d1ef      	bne.n	1000622e <kbd_write_leds_flags+0x1e>
1000624e:	bd70      	pop	{r4, r5, r6, pc}
10006250:	0060      	lsls	r0, r4, #1
10006252:	4330      	orrs	r0, r6
10006254:	00ad      	lsls	r5, r5, #2
10006256:	4328      	orrs	r0, r5
10006258:	b2c0      	uxtb	r0, r0
1000625a:	f7ff fd8d 	bl	10005d78 <kbd_write_byte>
1000625e:	f7ff ff87 	bl	10006170 <kbd_ready>
10006262:	2800      	cmp	r0, #0
10006264:	d0fb      	beq.n	1000625e <kbd_write_leds_flags+0x4e>
10006266:	28fa      	cmp	r0, #250	@ 0xfa
10006268:	d1df      	bne.n	1000622a <kbd_write_leds_flags+0x1a>
1000626a:	e7f0      	b.n	1000624e <kbd_write_leds_flags+0x3e>
1000626c:	10006c4c 	.word	0x10006c4c

10006270 <ps2_clear_all_keys>:
10006270:	2206      	movs	r2, #6
10006272:	b510      	push	{r4, lr}
10006274:	2100      	movs	r1, #0
10006276:	4805      	ldr	r0, [pc, #20]	@ (1000628c <ps2_clear_all_keys+0x1c>)
10006278:	f7fc fb04 	bl	10002884 <__wrap_memset>
1000627c:	2200      	movs	r2, #0
1000627e:	4b04      	ldr	r3, [pc, #16]	@ (10006290 <ps2_clear_all_keys+0x20>)
10006280:	701a      	strb	r2, [r3, #0]
10006282:	4b04      	ldr	r3, [pc, #16]	@ (10006294 <ps2_clear_all_keys+0x24>)
10006284:	3201      	adds	r2, #1
10006286:	701a      	strb	r2, [r3, #0]
10006288:	bd10      	pop	{r4, pc}
1000628a:	46c0      	nop			@ (mov r8, r8)
1000628c:	20001228 	.word	0x20001228
10006290:	20001d73 	.word	0x20001d73
10006294:	20001d76 	.word	0x20001d76

10006298 <ps2_init>:
10006298:	b510      	push	{r4, lr}
1000629a:	2400      	movs	r4, #0
1000629c:	4b0c      	ldr	r3, [pc, #48]	@ (100062d0 <ps2_init+0x38>)
1000629e:	2206      	movs	r2, #6
100062a0:	701c      	strb	r4, [r3, #0]
100062a2:	4b0c      	ldr	r3, [pc, #48]	@ (100062d4 <ps2_init+0x3c>)
100062a4:	2100      	movs	r1, #0
100062a6:	701c      	strb	r4, [r3, #0]
100062a8:	4b0b      	ldr	r3, [pc, #44]	@ (100062d8 <ps2_init+0x40>)
100062aa:	480c      	ldr	r0, [pc, #48]	@ (100062dc <ps2_init+0x44>)
100062ac:	701c      	strb	r4, [r3, #0]
100062ae:	f7fc fae9 	bl	10002884 <__wrap_memset>
100062b2:	4b0b      	ldr	r3, [pc, #44]	@ (100062e0 <ps2_init+0x48>)
100062b4:	2200      	movs	r2, #0
100062b6:	701c      	strb	r4, [r3, #0]
100062b8:	4b0a      	ldr	r3, [pc, #40]	@ (100062e4 <ps2_init+0x4c>)
100062ba:	2100      	movs	r1, #0
100062bc:	701c      	strb	r4, [r3, #0]
100062be:	4b0a      	ldr	r3, [pc, #40]	@ (100062e8 <ps2_init+0x50>)
100062c0:	2000      	movs	r0, #0
100062c2:	701c      	strb	r4, [r3, #0]
100062c4:	4b09      	ldr	r3, [pc, #36]	@ (100062ec <ps2_init+0x54>)
100062c6:	701c      	strb	r4, [r3, #0]
100062c8:	f7ff ffa2 	bl	10006210 <kbd_write_leds_flags>
100062cc:	bd10      	pop	{r4, pc}
100062ce:	46c0      	nop			@ (mov r8, r8)
100062d0:	20001d70 	.word	0x20001d70
100062d4:	20001d71 	.word	0x20001d71
100062d8:	20001d73 	.word	0x20001d73
100062dc:	20001228 	.word	0x20001228
100062e0:	20001d76 	.word	0x20001d76
100062e4:	20001d72 	.word	0x20001d72
100062e8:	20001d74 	.word	0x20001d74
100062ec:	20001d75 	.word	0x20001d75

100062f0 <ps2_task>:
100062f0:	b5f8      	push	{r3, r4, r5, r6, r7, lr}
100062f2:	46ce      	mov	lr, r9
100062f4:	4647      	mov	r7, r8
100062f6:	b580      	push	{r7, lr}
100062f8:	f7ff ff3a 	bl	10006170 <kbd_ready>
100062fc:	2800      	cmp	r0, #0
100062fe:	d006      	beq.n	1000630e <ps2_task+0x1e>
10006300:	28e0      	cmp	r0, #224	@ 0xe0
10006302:	d008      	beq.n	10006316 <ps2_task+0x26>
10006304:	28f0      	cmp	r0, #240	@ 0xf0
10006306:	d10a      	bne.n	1000631e <ps2_task+0x2e>
10006308:	2201      	movs	r2, #1
1000630a:	4b6e      	ldr	r3, [pc, #440]	@ (100064c4 <ps2_task+0x1d4>)
1000630c:	701a      	strb	r2, [r3, #0]
1000630e:	bcc0      	pop	{r6, r7}
10006310:	46b9      	mov	r9, r7
10006312:	46b0      	mov	r8, r6
10006314:	bdf8      	pop	{r3, r4, r5, r6, r7, pc}
10006316:	2201      	movs	r2, #1
10006318:	4b6b      	ldr	r3, [pc, #428]	@ (100064c8 <ps2_task+0x1d8>)
1000631a:	701a      	strb	r2, [r3, #0]
1000631c:	e7f7      	b.n	1000630e <ps2_task+0x1e>
1000631e:	4d6a      	ldr	r5, [pc, #424]	@ (100064c8 <ps2_task+0x1d8>)
10006320:	782b      	ldrb	r3, [r5, #0]
10006322:	2b00      	cmp	r3, #0
10006324:	d134      	bne.n	10006390 <ps2_task+0xa0>
10006326:	4b69      	ldr	r3, [pc, #420]	@ (100064cc <ps2_task+0x1dc>)
10006328:	5c1c      	ldrb	r4, [r3, r0]
1000632a:	2c00      	cmp	r4, #0
1000632c:	d033      	beq.n	10006396 <ps2_task+0xa6>
1000632e:	0023      	movs	r3, r4
10006330:	4e64      	ldr	r6, [pc, #400]	@ (100064c4 <ps2_task+0x1d4>)
10006332:	3309      	adds	r3, #9
10006334:	7832      	ldrb	r2, [r6, #0]
10006336:	b2db      	uxtb	r3, r3
10006338:	2a00      	cmp	r2, #0
1000633a:	d039      	beq.n	100063b0 <ps2_task+0xc0>
1000633c:	2b08      	cmp	r3, #8
1000633e:	d92f      	bls.n	100063a0 <ps2_task+0xb0>
10006340:	4f63      	ldr	r7, [pc, #396]	@ (100064d0 <ps2_task+0x1e0>)
10006342:	783b      	ldrb	r3, [r7, #0]
10006344:	42a3      	cmp	r3, r4
10006346:	d100      	bne.n	1000634a <ps2_task+0x5a>
10006348:	e09b      	b.n	10006482 <ps2_task+0x192>
1000634a:	787b      	ldrb	r3, [r7, #1]
1000634c:	42a3      	cmp	r3, r4
1000634e:	d100      	bne.n	10006352 <ps2_task+0x62>
10006350:	e09e      	b.n	10006490 <ps2_task+0x1a0>
10006352:	78bb      	ldrb	r3, [r7, #2]
10006354:	42a3      	cmp	r3, r4
10006356:	d100      	bne.n	1000635a <ps2_task+0x6a>
10006358:	e09c      	b.n	10006494 <ps2_task+0x1a4>
1000635a:	78fb      	ldrb	r3, [r7, #3]
1000635c:	42a3      	cmp	r3, r4
1000635e:	d100      	bne.n	10006362 <ps2_task+0x72>
10006360:	e09a      	b.n	10006498 <ps2_task+0x1a8>
10006362:	793b      	ldrb	r3, [r7, #4]
10006364:	42a3      	cmp	r3, r4
10006366:	d100      	bne.n	1000636a <ps2_task+0x7a>
10006368:	e098      	b.n	1000649c <ps2_task+0x1ac>
1000636a:	797b      	ldrb	r3, [r7, #5]
1000636c:	42a3      	cmp	r3, r4
1000636e:	d100      	bne.n	10006372 <ps2_task+0x82>
10006370:	e096      	b.n	100064a0 <ps2_task+0x1b0>
10006372:	4858      	ldr	r0, [pc, #352]	@ (100064d4 <ps2_task+0x1e4>)
10006374:	f7fe f8a0 	bl	100044b8 <__wrap_puts>
10006378:	2206      	movs	r2, #6
1000637a:	2100      	movs	r1, #0
1000637c:	0038      	movs	r0, r7
1000637e:	f7fc fa81 	bl	10002884 <__wrap_memset>
10006382:	2200      	movs	r2, #0
10006384:	4b54      	ldr	r3, [pc, #336]	@ (100064d8 <ps2_task+0x1e8>)
10006386:	701a      	strb	r2, [r3, #0]
10006388:	4b54      	ldr	r3, [pc, #336]	@ (100064dc <ps2_task+0x1ec>)
1000638a:	3201      	adds	r2, #1
1000638c:	701a      	strb	r2, [r3, #0]
1000638e:	e003      	b.n	10006398 <ps2_task+0xa8>
10006390:	4b53      	ldr	r3, [pc, #332]	@ (100064e0 <ps2_task+0x1f0>)
10006392:	5c1c      	ldrb	r4, [r3, r0]
10006394:	e7c9      	b.n	1000632a <ps2_task+0x3a>
10006396:	4e4b      	ldr	r6, [pc, #300]	@ (100064c4 <ps2_task+0x1d4>)
10006398:	2300      	movs	r3, #0
1000639a:	7033      	strb	r3, [r6, #0]
1000639c:	702b      	strb	r3, [r5, #0]
1000639e:	e7b6      	b.n	1000630e <ps2_task+0x1e>
100063a0:	4a50      	ldr	r2, [pc, #320]	@ (100064e4 <ps2_task+0x1f4>)
100063a2:	5cd3      	ldrb	r3, [r2, r3]
100063a4:	2b00      	cmp	r3, #0
100063a6:	d14c      	bne.n	10006442 <ps2_task+0x152>
100063a8:	2cfc      	cmp	r4, #252	@ 0xfc
100063aa:	d1c9      	bne.n	10006340 <ps2_task+0x50>
100063ac:	3cc3      	subs	r4, #195	@ 0xc3
100063ae:	e7c7      	b.n	10006340 <ps2_task+0x50>
100063b0:	2b08      	cmp	r3, #8
100063b2:	d933      	bls.n	1000641c <ps2_task+0x12c>
100063b4:	2c53      	cmp	r4, #83	@ 0x53
100063b6:	d058      	beq.n	1000646a <ps2_task+0x17a>
100063b8:	2c47      	cmp	r4, #71	@ 0x47
100063ba:	d10a      	bne.n	100063d2 <ps2_task+0xe2>
100063bc:	2101      	movs	r1, #1
100063be:	4b4a      	ldr	r3, [pc, #296]	@ (100064e8 <ps2_task+0x1f8>)
100063c0:	781a      	ldrb	r2, [r3, #0]
100063c2:	404a      	eors	r2, r1
100063c4:	701a      	strb	r2, [r3, #0]
100063c6:	4b49      	ldr	r3, [pc, #292]	@ (100064ec <ps2_task+0x1fc>)
100063c8:	7819      	ldrb	r1, [r3, #0]
100063ca:	4b49      	ldr	r3, [pc, #292]	@ (100064f0 <ps2_task+0x200>)
100063cc:	7818      	ldrb	r0, [r3, #0]
100063ce:	f7ff ff1f 	bl	10006210 <kbd_write_leds_flags>
100063d2:	4f3f      	ldr	r7, [pc, #252]	@ (100064d0 <ps2_task+0x1e0>)
100063d4:	783b      	ldrb	r3, [r7, #0]
100063d6:	429c      	cmp	r4, r3
100063d8:	d0de      	beq.n	10006398 <ps2_task+0xa8>
100063da:	787a      	ldrb	r2, [r7, #1]
100063dc:	4294      	cmp	r4, r2
100063de:	d0db      	beq.n	10006398 <ps2_task+0xa8>
100063e0:	78b9      	ldrb	r1, [r7, #2]
100063e2:	428c      	cmp	r4, r1
100063e4:	d0d8      	beq.n	10006398 <ps2_task+0xa8>
100063e6:	78f8      	ldrb	r0, [r7, #3]
100063e8:	4681      	mov	r9, r0
100063ea:	4284      	cmp	r4, r0
100063ec:	d0d4      	beq.n	10006398 <ps2_task+0xa8>
100063ee:	7938      	ldrb	r0, [r7, #4]
100063f0:	4684      	mov	ip, r0
100063f2:	4284      	cmp	r4, r0
100063f4:	d0d0      	beq.n	10006398 <ps2_task+0xa8>
100063f6:	7978      	ldrb	r0, [r7, #5]
100063f8:	42a0      	cmp	r0, r4
100063fa:	d0cd      	beq.n	10006398 <ps2_task+0xa8>
100063fc:	2b00      	cmp	r3, #0
100063fe:	d057      	beq.n	100064b0 <ps2_task+0x1c0>
10006400:	2a00      	cmp	r2, #0
10006402:	d04f      	beq.n	100064a4 <ps2_task+0x1b4>
10006404:	2900      	cmp	r1, #0
10006406:	d055      	beq.n	100064b4 <ps2_task+0x1c4>
10006408:	464b      	mov	r3, r9
1000640a:	2b00      	cmp	r3, #0
1000640c:	d054      	beq.n	100064b8 <ps2_task+0x1c8>
1000640e:	4663      	mov	r3, ip
10006410:	2b00      	cmp	r3, #0
10006412:	d053      	beq.n	100064bc <ps2_task+0x1cc>
10006414:	1e03      	subs	r3, r0, #0
10006416:	d053      	beq.n	100064c0 <ps2_task+0x1d0>
10006418:	4836      	ldr	r0, [pc, #216]	@ (100064f4 <ps2_task+0x204>)
1000641a:	e7ab      	b.n	10006374 <ps2_task+0x84>
1000641c:	4a31      	ldr	r2, [pc, #196]	@ (100064e4 <ps2_task+0x1f4>)
1000641e:	5cd3      	ldrb	r3, [r2, r3]
10006420:	2b00      	cmp	r3, #0
10006422:	d118      	bne.n	10006456 <ps2_task+0x166>
10006424:	2cfc      	cmp	r4, #252	@ 0xfc
10006426:	d1d4      	bne.n	100063d2 <ps2_task+0xe2>
10006428:	2201      	movs	r2, #1
1000642a:	4b31      	ldr	r3, [pc, #196]	@ (100064f0 <ps2_task+0x200>)
1000642c:	3cc3      	subs	r4, #195	@ 0xc3
1000642e:	7818      	ldrb	r0, [r3, #0]
10006430:	4050      	eors	r0, r2
10006432:	7018      	strb	r0, [r3, #0]
10006434:	4b2c      	ldr	r3, [pc, #176]	@ (100064e8 <ps2_task+0x1f8>)
10006436:	781a      	ldrb	r2, [r3, #0]
10006438:	4b2c      	ldr	r3, [pc, #176]	@ (100064ec <ps2_task+0x1fc>)
1000643a:	7819      	ldrb	r1, [r3, #0]
1000643c:	f7ff fee8 	bl	10006210 <kbd_write_leds_flags>
10006440:	e7c7      	b.n	100063d2 <ps2_task+0xe2>
10006442:	4925      	ldr	r1, [pc, #148]	@ (100064d8 <ps2_task+0x1e8>)
10006444:	780a      	ldrb	r2, [r1, #0]
10006446:	421a      	tst	r2, r3
10006448:	d0a6      	beq.n	10006398 <ps2_task+0xa8>
1000644a:	439a      	bics	r2, r3
1000644c:	700a      	strb	r2, [r1, #0]
1000644e:	2201      	movs	r2, #1
10006450:	4b22      	ldr	r3, [pc, #136]	@ (100064dc <ps2_task+0x1ec>)
10006452:	701a      	strb	r2, [r3, #0]
10006454:	e7a0      	b.n	10006398 <ps2_task+0xa8>
10006456:	4a20      	ldr	r2, [pc, #128]	@ (100064d8 <ps2_task+0x1e8>)
10006458:	7811      	ldrb	r1, [r2, #0]
1000645a:	4219      	tst	r1, r3
1000645c:	d19c      	bne.n	10006398 <ps2_task+0xa8>
1000645e:	430b      	orrs	r3, r1
10006460:	7013      	strb	r3, [r2, #0]
10006462:	2201      	movs	r2, #1
10006464:	4b1d      	ldr	r3, [pc, #116]	@ (100064dc <ps2_task+0x1ec>)
10006466:	701a      	strb	r2, [r3, #0]
10006468:	e796      	b.n	10006398 <ps2_task+0xa8>
1000646a:	2201      	movs	r2, #1
1000646c:	4b1f      	ldr	r3, [pc, #124]	@ (100064ec <ps2_task+0x1fc>)
1000646e:	7819      	ldrb	r1, [r3, #0]
10006470:	4051      	eors	r1, r2
10006472:	7019      	strb	r1, [r3, #0]
10006474:	4b1c      	ldr	r3, [pc, #112]	@ (100064e8 <ps2_task+0x1f8>)
10006476:	781a      	ldrb	r2, [r3, #0]
10006478:	4b1d      	ldr	r3, [pc, #116]	@ (100064f0 <ps2_task+0x200>)
1000647a:	7818      	ldrb	r0, [r3, #0]
1000647c:	f7ff fec8 	bl	10006210 <kbd_write_leds_flags>
10006480:	e7a7      	b.n	100063d2 <ps2_task+0xe2>
10006482:	2300      	movs	r3, #0
10006484:	2200      	movs	r2, #0
10006486:	54fa      	strb	r2, [r7, r3]
10006488:	4b14      	ldr	r3, [pc, #80]	@ (100064dc <ps2_task+0x1ec>)
1000648a:	3201      	adds	r2, #1
1000648c:	701a      	strb	r2, [r3, #0]
1000648e:	e783      	b.n	10006398 <ps2_task+0xa8>
10006490:	2301      	movs	r3, #1
10006492:	e7f7      	b.n	10006484 <ps2_task+0x194>
10006494:	2302      	movs	r3, #2
10006496:	e7f5      	b.n	10006484 <ps2_task+0x194>
10006498:	2303      	movs	r3, #3
1000649a:	e7f3      	b.n	10006484 <ps2_task+0x194>
1000649c:	2304      	movs	r3, #4
1000649e:	e7f1      	b.n	10006484 <ps2_task+0x194>
100064a0:	2305      	movs	r3, #5
100064a2:	e7ef      	b.n	10006484 <ps2_task+0x194>
100064a4:	2301      	movs	r3, #1
100064a6:	2201      	movs	r2, #1
100064a8:	54fc      	strb	r4, [r7, r3]
100064aa:	4b0c      	ldr	r3, [pc, #48]	@ (100064dc <ps2_task+0x1ec>)
100064ac:	701a      	strb	r2, [r3, #0]
100064ae:	e773      	b.n	10006398 <ps2_task+0xa8>
100064b0:	2300      	movs	r3, #0
100064b2:	e7f8      	b.n	100064a6 <ps2_task+0x1b6>
100064b4:	2302      	movs	r3, #2
100064b6:	e7f6      	b.n	100064a6 <ps2_task+0x1b6>
100064b8:	2303      	movs	r3, #3
100064ba:	e7f4      	b.n	100064a6 <ps2_task+0x1b6>
100064bc:	2304      	movs	r3, #4
100064be:	e7f2      	b.n	100064a6 <ps2_task+0x1b6>
100064c0:	3305      	adds	r3, #5
100064c2:	e7f0      	b.n	100064a6 <ps2_task+0x1b6>
100064c4:	20001d70 	.word	0x20001d70
100064c8:	20001d71 	.word	0x20001d71
100064cc:	100071f4 	.word	0x100071f4
100064d0:	20001228 	.word	0x20001228
100064d4:	10006c68 	.word	0x10006c68
100064d8:	20001d73 	.word	0x20001d73
100064dc:	20001d76 	.word	0x20001d76
100064e0:	100070f4 	.word	0x100070f4
100064e4:	100070e8 	.word	0x100070e8
100064e8:	20001d75 	.word	0x20001d75
100064ec:	20001d74 	.word	0x20001d74
100064f0:	20001d72 	.word	0x20001d72
100064f4:	10006c90 	.word	0x10006c90

100064f8 <ps2_get_modifiers>:
100064f8:	4b01      	ldr	r3, [pc, #4]	@ (10006500 <ps2_get_modifiers+0x8>)
100064fa:	7818      	ldrb	r0, [r3, #0]
100064fc:	4770      	bx	lr
100064fe:	46c0      	nop			@ (mov r8, r8)
10006500:	20001d73 	.word	0x20001d73

10006504 <ps2_get_keys>:
10006504:	4800      	ldr	r0, [pc, #0]	@ (10006508 <ps2_get_keys+0x4>)
10006506:	4770      	bx	lr
10006508:	20001228 	.word	0x20001228

1000650c <ps2_state_changed>:
1000650c:	4b01      	ldr	r3, [pc, #4]	@ (10006514 <ps2_state_changed+0x8>)
1000650e:	7818      	ldrb	r0, [r3, #0]
10006510:	4770      	bx	lr
10006512:	46c0      	nop			@ (mov r8, r8)
10006514:	20001d76 	.word	0x20001d76

10006518 <ps2_clear_changed>:
10006518:	2200      	movs	r2, #0
1000651a:	4b01      	ldr	r3, [pc, #4]	@ (10006520 <ps2_clear_changed+0x8>)
1000651c:	701a      	strb	r2, [r3, #0]
1000651e:	4770      	bx	lr
10006520:	20001d76 	.word	0x20001d76

10006524 <pio_claim_unused_sm>:
10006524:	b510      	push	{r4, lr}
10006526:	4b0a      	ldr	r3, [pc, #40]	@ (10006550 <pio_claim_unused_sm+0x2c>)
10006528:	4a0a      	ldr	r2, [pc, #40]	@ (10006554 <pio_claim_unused_sm+0x30>)
1000652a:	18c4      	adds	r4, r0, r3
1000652c:	0d24      	lsrs	r4, r4, #20
1000652e:	00a4      	lsls	r4, r4, #2
10006530:	b082      	sub	sp, #8
10006532:	9200      	str	r2, [sp, #0]
10006534:	4808      	ldr	r0, [pc, #32]	@ (10006558 <pio_claim_unused_sm+0x34>)
10006536:	0022      	movs	r2, r4
10006538:	1ce3      	adds	r3, r4, #3
1000653a:	f7fa f895 	bl	10000668 <hw_claim_unused_from_range>
1000653e:	4284      	cmp	r4, r0
10006540:	dc02      	bgt.n	10006548 <pio_claim_unused_sm+0x24>
10006542:	1b00      	subs	r0, r0, r4
10006544:	b002      	add	sp, #8
10006546:	bd10      	pop	{r4, pc}
10006548:	2001      	movs	r0, #1
1000654a:	4240      	negs	r0, r0
1000654c:	e7fa      	b.n	10006544 <pio_claim_unused_sm+0x20>
1000654e:	46c0      	nop			@ (mov r8, r8)
10006550:	afe00000 	.word	0xafe00000
10006554:	10006cb8 	.word	0x10006cb8
10006558:	200018e0 	.word	0x200018e0

1000655c <pio_add_program>:
1000655c:	b5f0      	push	{r4, r5, r6, r7, lr}
1000655e:	4657      	mov	r7, sl
10006560:	4645      	mov	r5, r8
10006562:	46de      	mov	lr, fp
10006564:	464e      	mov	r6, r9
10006566:	4688      	mov	r8, r1
10006568:	b5e0      	push	{r5, r6, r7, lr}
1000656a:	b083      	sub	sp, #12
1000656c:	0006      	movs	r6, r0
1000656e:	2505      	movs	r5, #5
10006570:	f7fa f842 	bl	100005f8 <hw_claim_lock>
10006574:	4643      	mov	r3, r8
10006576:	4684      	mov	ip, r0
10006578:	575d      	ldrsb	r5, [r3, r5]
1000657a:	7918      	ldrb	r0, [r3, #4]
1000657c:	4b33      	ldr	r3, [pc, #204]	@ (1000664c <pio_add_program+0xf0>)
1000657e:	4a34      	ldr	r2, [pc, #208]	@ (10006650 <pio_add_program+0xf4>)
10006580:	18f3      	adds	r3, r6, r3
10006582:	0d1b      	lsrs	r3, r3, #20
10006584:	009b      	lsls	r3, r3, #2
10006586:	4692      	mov	sl, r2
10006588:	58d7      	ldr	r7, [r2, r3]
1000658a:	2201      	movs	r2, #1
1000658c:	2420      	movs	r4, #32
1000658e:	4082      	lsls	r2, r0
10006590:	1a24      	subs	r4, r4, r0
10006592:	3a01      	subs	r2, #1
10006594:	2d00      	cmp	r5, #0
10006596:	db41      	blt.n	1000661c <pio_add_program+0xc0>
10006598:	42a5      	cmp	r5, r4
1000659a:	dc32      	bgt.n	10006602 <pio_add_program+0xa6>
1000659c:	0011      	movs	r1, r2
1000659e:	40a9      	lsls	r1, r5
100065a0:	420f      	tst	r7, r1
100065a2:	d12e      	bne.n	10006602 <pio_add_program+0xa6>
100065a4:	4641      	mov	r1, r8
100065a6:	6809      	ldr	r1, [r1, #0]
100065a8:	4689      	mov	r9, r1
100065aa:	4641      	mov	r1, r8
100065ac:	7989      	ldrb	r1, [r1, #6]
100065ae:	2900      	cmp	r1, #0
100065b0:	d145      	bne.n	1000663e <pio_add_program+0xe2>
100065b2:	002c      	movs	r4, r5
100065b4:	40aa      	lsls	r2, r5
100065b6:	4693      	mov	fp, r2
100065b8:	4659      	mov	r1, fp
100065ba:	403a      	ands	r2, r7
100065bc:	4239      	tst	r1, r7
100065be:	d141      	bne.n	10006644 <pio_add_program+0xe8>
100065c0:	2180      	movs	r1, #128	@ 0x80
100065c2:	0189      	lsls	r1, r1, #6
100065c4:	4688      	mov	r8, r1
100065c6:	2800      	cmp	r0, #0
100065c8:	d016      	beq.n	100065f8 <pio_add_program+0x9c>
100065ca:	4661      	mov	r1, ip
100065cc:	46a4      	mov	ip, r4
100065ce:	0034      	movs	r4, r6
100065d0:	464e      	mov	r6, r9
100065d2:	4699      	mov	r9, r3
100065d4:	0003      	movs	r3, r0
100065d6:	9101      	str	r1, [sp, #4]
100065d8:	0051      	lsls	r1, r2, #1
100065da:	5a70      	ldrh	r0, [r6, r1]
100065dc:	4540      	cmp	r0, r8
100065de:	d200      	bcs.n	100065e2 <pio_add_program+0x86>
100065e0:	1940      	adds	r0, r0, r5
100065e2:	18a9      	adds	r1, r5, r2
100065e4:	3112      	adds	r1, #18
100065e6:	0089      	lsls	r1, r1, #2
100065e8:	3201      	adds	r2, #1
100065ea:	5108      	str	r0, [r1, r4]
100065ec:	429a      	cmp	r2, r3
100065ee:	d3f3      	bcc.n	100065d8 <pio_add_program+0x7c>
100065f0:	9b01      	ldr	r3, [sp, #4]
100065f2:	4664      	mov	r4, ip
100065f4:	469c      	mov	ip, r3
100065f6:	464b      	mov	r3, r9
100065f8:	465a      	mov	r2, fp
100065fa:	4317      	orrs	r7, r2
100065fc:	4652      	mov	r2, sl
100065fe:	50d7      	str	r7, [r2, r3]
10006600:	e001      	b.n	10006606 <pio_add_program+0xaa>
10006602:	2401      	movs	r4, #1
10006604:	4264      	negs	r4, r4
10006606:	4660      	mov	r0, ip
10006608:	f7fa f802 	bl	10000610 <hw_claim_unlock>
1000660c:	0020      	movs	r0, r4
1000660e:	b003      	add	sp, #12
10006610:	bcf0      	pop	{r4, r5, r6, r7}
10006612:	46bb      	mov	fp, r7
10006614:	46b2      	mov	sl, r6
10006616:	46a9      	mov	r9, r5
10006618:	46a0      	mov	r8, r4
1000661a:	bdf0      	pop	{r4, r5, r6, r7, pc}
1000661c:	2c00      	cmp	r4, #0
1000661e:	da02      	bge.n	10006626 <pio_add_program+0xca>
10006620:	e010      	b.n	10006644 <pio_add_program+0xe8>
10006622:	3c01      	subs	r4, #1
10006624:	d30e      	bcc.n	10006644 <pio_add_program+0xe8>
10006626:	0011      	movs	r1, r2
10006628:	40a1      	lsls	r1, r4
1000662a:	0025      	movs	r5, r4
1000662c:	420f      	tst	r7, r1
1000662e:	d1f8      	bne.n	10006622 <pio_add_program+0xc6>
10006630:	4641      	mov	r1, r8
10006632:	6809      	ldr	r1, [r1, #0]
10006634:	4689      	mov	r9, r1
10006636:	4641      	mov	r1, r8
10006638:	7989      	ldrb	r1, [r1, #6]
1000663a:	2900      	cmp	r1, #0
1000663c:	d0ba      	beq.n	100065b4 <pio_add_program+0x58>
1000663e:	2414      	movs	r4, #20
10006640:	4264      	negs	r4, r4
10006642:	e7e0      	b.n	10006606 <pio_add_program+0xaa>
10006644:	2409      	movs	r4, #9
10006646:	4264      	negs	r4, r4
10006648:	e7dd      	b.n	10006606 <pio_add_program+0xaa>
1000664a:	46c0      	nop			@ (mov r8, r8)
1000664c:	afe00000 	.word	0xafe00000
10006650:	200017c4 	.word	0x200017c4

10006654 <pio_sm_set_consecutive_pindirs>:
10006654:	b5f0      	push	{r4, r5, r6, r7, lr}
10006656:	464e      	mov	r6, r9
10006658:	4645      	mov	r5, r8
1000665a:	46de      	mov	lr, fp
1000665c:	4657      	mov	r7, sl
1000665e:	b5e0      	push	{r5, r6, r7, lr}
10006660:	b083      	sub	sp, #12
10006662:	4689      	mov	r9, r1
10006664:	a90c      	add	r1, sp, #48	@ 0x30
10006666:	4684      	mov	ip, r0
10006668:	780d      	ldrb	r5, [r1, #0]
1000666a:	2a1f      	cmp	r2, #31
1000666c:	d845      	bhi.n	100066fa <pio_sm_set_consecutive_pindirs+0xa6>
1000666e:	4649      	mov	r1, r9
10006670:	0049      	lsls	r1, r1, #1
10006672:	4688      	mov	r8, r1
10006674:	4449      	add	r1, r9
10006676:	00c9      	lsls	r1, r1, #3
10006678:	1846      	adds	r6, r0, r1
1000667a:	0037      	movs	r7, r6
1000667c:	0034      	movs	r4, r6
1000667e:	37dc      	adds	r7, #220	@ 0xdc
10006680:	6838      	ldr	r0, [r7, #0]
10006682:	34cc      	adds	r4, #204	@ 0xcc
10006684:	4683      	mov	fp, r0
10006686:	6820      	ldr	r0, [r4, #0]
10006688:	0031      	movs	r1, r6
1000668a:	9001      	str	r0, [sp, #4]
1000668c:	481c      	ldr	r0, [pc, #112]	@ (10006700 <pio_sm_set_consecutive_pindirs+0xac>)
1000668e:	2480      	movs	r4, #128	@ 0x80
10006690:	4682      	mov	sl, r0
10006692:	02a4      	lsls	r4, r4, #10
10006694:	4451      	add	r1, sl
10006696:	600c      	str	r4, [r1, #0]
10006698:	4269      	negs	r1, r5
1000669a:	414d      	adcs	r5, r1
1000669c:	211e      	movs	r1, #30
1000669e:	426d      	negs	r5, r5
100066a0:	438d      	bics	r5, r1
100066a2:	4918      	ldr	r1, [pc, #96]	@ (10006704 <pio_sm_set_consecutive_pindirs+0xb0>)
100066a4:	468a      	mov	sl, r1
100066a6:	4455      	add	r5, sl
100066a8:	2b05      	cmp	r3, #5
100066aa:	d90c      	bls.n	100066c6 <pio_sm_set_consecutive_pindirs+0x72>
100066ac:	20a0      	movs	r0, #160	@ 0xa0
100066ae:	211f      	movs	r1, #31
100066b0:	0540      	lsls	r0, r0, #21
100066b2:	36d8      	adds	r6, #216	@ 0xd8
100066b4:	0154      	lsls	r4, r2, #5
100066b6:	4304      	orrs	r4, r0
100066b8:	3205      	adds	r2, #5
100066ba:	3b05      	subs	r3, #5
100066bc:	603c      	str	r4, [r7, #0]
100066be:	400a      	ands	r2, r1
100066c0:	6035      	str	r5, [r6, #0]
100066c2:	2b05      	cmp	r3, #5
100066c4:	d8f6      	bhi.n	100066b4 <pio_sm_set_consecutive_pindirs+0x60>
100066c6:	0152      	lsls	r2, r2, #5
100066c8:	069b      	lsls	r3, r3, #26
100066ca:	4313      	orrs	r3, r2
100066cc:	4642      	mov	r2, r8
100066ce:	444a      	add	r2, r9
100066d0:	00d2      	lsls	r2, r2, #3
100066d2:	4462      	add	r2, ip
100066d4:	0010      	movs	r0, r2
100066d6:	32dc      	adds	r2, #220	@ 0xdc
100066d8:	6013      	str	r3, [r2, #0]
100066da:	0003      	movs	r3, r0
100066dc:	33d8      	adds	r3, #216	@ 0xd8
100066de:	601d      	str	r5, [r3, #0]
100066e0:	465b      	mov	r3, fp
100066e2:	6013      	str	r3, [r2, #0]
100066e4:	9b01      	ldr	r3, [sp, #4]
100066e6:	30cc      	adds	r0, #204	@ 0xcc
100066e8:	6003      	str	r3, [r0, #0]
100066ea:	2000      	movs	r0, #0
100066ec:	b003      	add	sp, #12
100066ee:	bcf0      	pop	{r4, r5, r6, r7}
100066f0:	46bb      	mov	fp, r7
100066f2:	46b2      	mov	sl, r6
100066f4:	46a9      	mov	r9, r5
100066f6:	46a0      	mov	r8, r4
100066f8:	bdf0      	pop	{r4, r5, r6, r7, pc}
100066fa:	2005      	movs	r0, #5
100066fc:	4240      	negs	r0, r0
100066fe:	e7f5      	b.n	100066ec <pio_sm_set_consecutive_pindirs+0x98>
10006700:	000030cc 	.word	0x000030cc
10006704:	0000e09f 	.word	0x0000e09f

10006708 <pio_sm_init>:
10006708:	b5f0      	push	{r4, r5, r6, r7, lr}
1000670a:	2501      	movs	r5, #1
1000670c:	408d      	lsls	r5, r1
1000670e:	6804      	ldr	r4, [r0, #0]
10006710:	43ac      	bics	r4, r5
10006712:	6004      	str	r4, [r0, #0]
10006714:	2b00      	cmp	r3, #0
10006716:	d02e      	beq.n	10006776 <pio_sm_init+0x6e>
10006718:	004d      	lsls	r5, r1, #1
1000671a:	186c      	adds	r4, r5, r1
1000671c:	00e4      	lsls	r4, r4, #3
1000671e:	1904      	adds	r4, r0, r4
10006720:	0026      	movs	r6, r4
10006722:	681f      	ldr	r7, [r3, #0]
10006724:	36c8      	adds	r6, #200	@ 0xc8
10006726:	6037      	str	r7, [r6, #0]
10006728:	689f      	ldr	r7, [r3, #8]
1000672a:	3604      	adds	r6, #4
1000672c:	6077      	str	r7, [r6, #4]
1000672e:	685f      	ldr	r7, [r3, #4]
10006730:	68db      	ldr	r3, [r3, #12]
10006732:	34dc      	adds	r4, #220	@ 0xdc
10006734:	6037      	str	r7, [r6, #0]
10006736:	6023      	str	r3, [r4, #0]
10006738:	186b      	adds	r3, r5, r1
1000673a:	4d18      	ldr	r5, [pc, #96]	@ (1000679c <pio_sm_init+0x94>)
1000673c:	00db      	lsls	r3, r3, #3
1000673e:	46ac      	mov	ip, r5
10006740:	2580      	movs	r5, #128	@ 0x80
10006742:	18c4      	adds	r4, r0, r3
10006744:	4464      	add	r4, ip
10006746:	062d      	lsls	r5, r5, #24
10006748:	6025      	str	r5, [r4, #0]
1000674a:	6025      	str	r5, [r4, #0]
1000674c:	4c14      	ldr	r4, [pc, #80]	@ (100067a0 <pio_sm_init+0x98>)
1000674e:	1d0d      	adds	r5, r1, #4
10006750:	408c      	lsls	r4, r1
10006752:	6084      	str	r4, [r0, #8]
10006754:	2401      	movs	r4, #1
10006756:	0026      	movs	r6, r4
10006758:	40ae      	lsls	r6, r5
1000675a:	2580      	movs	r5, #128	@ 0x80
1000675c:	3108      	adds	r1, #8
1000675e:	408c      	lsls	r4, r1
10006760:	211f      	movs	r1, #31
10006762:	01ad      	lsls	r5, r5, #6
10006764:	1945      	adds	r5, r0, r5
10006766:	18c0      	adds	r0, r0, r3
10006768:	400a      	ands	r2, r1
1000676a:	30d8      	adds	r0, #216	@ 0xd8
1000676c:	602e      	str	r6, [r5, #0]
1000676e:	602c      	str	r4, [r5, #0]
10006770:	6002      	str	r2, [r0, #0]
10006772:	2000      	movs	r0, #0
10006774:	bdf0      	pop	{r4, r5, r6, r7, pc}
10006776:	004d      	lsls	r5, r1, #1
10006778:	186c      	adds	r4, r5, r1
1000677a:	00e4      	lsls	r4, r4, #3
1000677c:	1904      	adds	r4, r0, r4
1000677e:	0026      	movs	r6, r4
10006780:	2780      	movs	r7, #128	@ 0x80
10006782:	36c8      	adds	r6, #200	@ 0xc8
10006784:	027f      	lsls	r7, r7, #9
10006786:	6037      	str	r7, [r6, #0]
10006788:	27c0      	movs	r7, #192	@ 0xc0
1000678a:	033f      	lsls	r7, r7, #12
1000678c:	60b7      	str	r7, [r6, #8]
1000678e:	27f8      	movs	r7, #248	@ 0xf8
10006790:	3604      	adds	r6, #4
10006792:	027f      	lsls	r7, r7, #9
10006794:	34dc      	adds	r4, #220	@ 0xdc
10006796:	6037      	str	r7, [r6, #0]
10006798:	6023      	str	r3, [r4, #0]
1000679a:	e7cd      	b.n	10006738 <pio_sm_init+0x30>
1000679c:	000010d0 	.word	0x000010d0
100067a0:	01010101 	.word	0x01010101

100067a4 <atexit>:
100067a4:	b510      	push	{r4, lr}
100067a6:	0001      	movs	r1, r0
100067a8:	2300      	movs	r3, #0
100067aa:	2200      	movs	r2, #0
100067ac:	2000      	movs	r0, #0
100067ae:	f000 f847 	bl	10006840 <__register_exitproc>
100067b2:	bd10      	pop	{r4, pc}

100067b4 <__libc_fini_array>:
100067b4:	b570      	push	{r4, r5, r6, lr}
100067b6:	4c07      	ldr	r4, [pc, #28]	@ (100067d4 <__libc_fini_array+0x20>)
100067b8:	4d07      	ldr	r5, [pc, #28]	@ (100067d8 <__libc_fini_array+0x24>)
100067ba:	1b64      	subs	r4, r4, r5
100067bc:	10a4      	asrs	r4, r4, #2
100067be:	d005      	beq.n	100067cc <__libc_fini_array+0x18>
100067c0:	3c01      	subs	r4, #1
100067c2:	00a3      	lsls	r3, r4, #2
100067c4:	58eb      	ldr	r3, [r5, r3]
100067c6:	4798      	blx	r3
100067c8:	2c00      	cmp	r4, #0
100067ca:	d1f9      	bne.n	100067c0 <__libc_fini_array+0xc>
100067cc:	f000 f898 	bl	10006900 <_fini>
100067d0:	bd70      	pop	{r4, r5, r6, pc}
100067d2:	46c0      	nop			@ (mov r8, r8)
100067d4:	10006a10 	.word	0x10006a10
100067d8:	10006a10 	.word	0x10006a10

100067dc <__retarget_lock_acquire_recursive>:
100067dc:	4770      	bx	lr
100067de:	46c0      	nop			@ (mov r8, r8)

100067e0 <__retarget_lock_release_recursive>:
100067e0:	4770      	bx	lr
100067e2:	46c0      	nop			@ (mov r8, r8)

100067e4 <strlen>:
100067e4:	b510      	push	{r4, lr}
100067e6:	0783      	lsls	r3, r0, #30
100067e8:	d00a      	beq.n	10006800 <strlen+0x1c>
100067ea:	0003      	movs	r3, r0
100067ec:	2103      	movs	r1, #3
100067ee:	e002      	b.n	100067f6 <strlen+0x12>
100067f0:	3301      	adds	r3, #1
100067f2:	420b      	tst	r3, r1
100067f4:	d005      	beq.n	10006802 <strlen+0x1e>
100067f6:	781a      	ldrb	r2, [r3, #0]
100067f8:	2a00      	cmp	r2, #0
100067fa:	d1f9      	bne.n	100067f0 <strlen+0xc>
100067fc:	1a18      	subs	r0, r3, r0
100067fe:	bd10      	pop	{r4, pc}
10006800:	0003      	movs	r3, r0
10006802:	6819      	ldr	r1, [r3, #0]
10006804:	4a0c      	ldr	r2, [pc, #48]	@ (10006838 <strlen+0x54>)
10006806:	4c0d      	ldr	r4, [pc, #52]	@ (1000683c <strlen+0x58>)
10006808:	188a      	adds	r2, r1, r2
1000680a:	438a      	bics	r2, r1
1000680c:	4222      	tst	r2, r4
1000680e:	d10f      	bne.n	10006830 <strlen+0x4c>
10006810:	6859      	ldr	r1, [r3, #4]
10006812:	4a09      	ldr	r2, [pc, #36]	@ (10006838 <strlen+0x54>)
10006814:	3304      	adds	r3, #4
10006816:	188a      	adds	r2, r1, r2
10006818:	438a      	bics	r2, r1
1000681a:	4222      	tst	r2, r4
1000681c:	d108      	bne.n	10006830 <strlen+0x4c>
1000681e:	6859      	ldr	r1, [r3, #4]
10006820:	4a05      	ldr	r2, [pc, #20]	@ (10006838 <strlen+0x54>)
10006822:	3304      	adds	r3, #4
10006824:	188a      	adds	r2, r1, r2
10006826:	438a      	bics	r2, r1
10006828:	4222      	tst	r2, r4
1000682a:	d0f1      	beq.n	10006810 <strlen+0x2c>
1000682c:	e000      	b.n	10006830 <strlen+0x4c>
1000682e:	3301      	adds	r3, #1
10006830:	781a      	ldrb	r2, [r3, #0]
10006832:	2a00      	cmp	r2, #0
10006834:	d1fb      	bne.n	1000682e <strlen+0x4a>
10006836:	e7e1      	b.n	100067fc <strlen+0x18>
10006838:	fefefeff 	.word	0xfefefeff
1000683c:	80808080 	.word	0x80808080

10006840 <__register_exitproc>:
10006840:	b5f0      	push	{r4, r5, r6, r7, lr}
10006842:	46d6      	mov	lr, sl
10006844:	464f      	mov	r7, r9
10006846:	4646      	mov	r6, r8
10006848:	4698      	mov	r8, r3
1000684a:	4b24      	ldr	r3, [pc, #144]	@ (100068dc <__register_exitproc+0x9c>)
1000684c:	b5c0      	push	{r6, r7, lr}
1000684e:	0006      	movs	r6, r0
10006850:	6818      	ldr	r0, [r3, #0]
10006852:	469a      	mov	sl, r3
10006854:	000f      	movs	r7, r1
10006856:	4691      	mov	r9, r2
10006858:	f7ff ffc0 	bl	100067dc <__retarget_lock_acquire_recursive>
1000685c:	4b20      	ldr	r3, [pc, #128]	@ (100068e0 <__register_exitproc+0xa0>)
1000685e:	681d      	ldr	r5, [r3, #0]
10006860:	2d00      	cmp	r5, #0
10006862:	d032      	beq.n	100068ca <__register_exitproc+0x8a>
10006864:	4653      	mov	r3, sl
10006866:	686c      	ldr	r4, [r5, #4]
10006868:	6818      	ldr	r0, [r3, #0]
1000686a:	2c1f      	cmp	r4, #31
1000686c:	dc30      	bgt.n	100068d0 <__register_exitproc+0x90>
1000686e:	2e00      	cmp	r6, #0
10006870:	d10c      	bne.n	1000688c <__register_exitproc+0x4c>
10006872:	1c63      	adds	r3, r4, #1
10006874:	3402      	adds	r4, #2
10006876:	00a4      	lsls	r4, r4, #2
10006878:	606b      	str	r3, [r5, #4]
1000687a:	5167      	str	r7, [r4, r5]
1000687c:	f7ff ffb0 	bl	100067e0 <__retarget_lock_release_recursive>
10006880:	2000      	movs	r0, #0
10006882:	bce0      	pop	{r5, r6, r7}
10006884:	46ba      	mov	sl, r7
10006886:	46b1      	mov	r9, r6
10006888:	46a8      	mov	r8, r5
1000688a:	bdf0      	pop	{r4, r5, r6, r7, pc}
1000688c:	4649      	mov	r1, r9
1000688e:	2288      	movs	r2, #136	@ 0x88
10006890:	00a3      	lsls	r3, r4, #2
10006892:	18eb      	adds	r3, r5, r3
10006894:	5099      	str	r1, [r3, r2]
10006896:	21c4      	movs	r1, #196	@ 0xc4
10006898:	0049      	lsls	r1, r1, #1
1000689a:	468c      	mov	ip, r1
1000689c:	44ac      	add	ip, r5
1000689e:	4661      	mov	r1, ip
100068a0:	3a87      	subs	r2, #135	@ 0x87
100068a2:	40a2      	lsls	r2, r4
100068a4:	6809      	ldr	r1, [r1, #0]
100068a6:	4691      	mov	r9, r2
100068a8:	4311      	orrs	r1, r2
100068aa:	4662      	mov	r2, ip
100068ac:	6011      	str	r1, [r2, #0]
100068ae:	2184      	movs	r1, #132	@ 0x84
100068b0:	4642      	mov	r2, r8
100068b2:	0049      	lsls	r1, r1, #1
100068b4:	505a      	str	r2, [r3, r1]
100068b6:	2e02      	cmp	r6, #2
100068b8:	d1db      	bne.n	10006872 <__register_exitproc+0x32>
100068ba:	0029      	movs	r1, r5
100068bc:	464a      	mov	r2, r9
100068be:	318d      	adds	r1, #141	@ 0x8d
100068c0:	31ff      	adds	r1, #255	@ 0xff
100068c2:	680b      	ldr	r3, [r1, #0]
100068c4:	4313      	orrs	r3, r2
100068c6:	600b      	str	r3, [r1, #0]
100068c8:	e7d3      	b.n	10006872 <__register_exitproc+0x32>
100068ca:	4d06      	ldr	r5, [pc, #24]	@ (100068e4 <__register_exitproc+0xa4>)
100068cc:	601d      	str	r5, [r3, #0]
100068ce:	e7c9      	b.n	10006864 <__register_exitproc+0x24>
100068d0:	f7ff ff86 	bl	100067e0 <__retarget_lock_release_recursive>
100068d4:	2001      	movs	r0, #1
100068d6:	4240      	negs	r0, r0
100068d8:	e7d3      	b.n	10006882 <__register_exitproc+0x42>
100068da:	46c0      	nop			@ (mov r8, r8)
100068dc:	20001098 	.word	0x20001098
100068e0:	20001430 	.word	0x20001430
100068e4:	20001434 	.word	0x20001434

100068e8 <register_fini>:
100068e8:	4b03      	ldr	r3, [pc, #12]	@ (100068f8 <register_fini+0x10>)
100068ea:	b510      	push	{r4, lr}
100068ec:	2b00      	cmp	r3, #0
100068ee:	d002      	beq.n	100068f6 <register_fini+0xe>
100068f0:	4802      	ldr	r0, [pc, #8]	@ (100068fc <register_fini+0x14>)
100068f2:	f7ff ff57 	bl	100067a4 <atexit>
100068f6:	bd10      	pop	{r4, pc}
100068f8:	00000000 	.word	0x00000000
100068fc:	100067b5 	.word	0x100067b5

10006900 <_fini>:
10006900:	b5f8      	push	{r3, r4, r5, r6, r7, lr}
10006902:	46c0      	nop			@ (mov r8, r8)
10006904:	0000      	movs	r0, r0
	...

10006908 <__reset_non_control_endpoints_veneer>:
10006908:	b401      	push	{r0}
1000690a:	4802      	ldr	r0, [pc, #8]	@ (10006914 <__reset_non_control_endpoints_veneer+0xc>)
1000690c:	4684      	mov	ip, r0
1000690e:	bc01      	pop	{r0}
10006910:	4760      	bx	ip
10006912:	bf00      	nop
10006914:	200003fd 	.word	0x200003fd

10006918 <__e15_is_critical_frame_period_veneer>:
10006918:	b401      	push	{r0}
1000691a:	4802      	ldr	r0, [pc, #8]	@ (10006924 <__e15_is_critical_frame_period_veneer+0xc>)
1000691c:	4684      	mov	ip, r0
1000691e:	bc01      	pop	{r0}
10006920:	4760      	bx	ip
10006922:	bf00      	nop
10006924:	20000c01 	.word	0x20000c01

10006928 <__flash_do_cmd_veneer>:
10006928:	b401      	push	{r0}
1000692a:	4802      	ldr	r0, [pc, #8]	@ (10006934 <__flash_do_cmd_veneer+0xc>)
1000692c:	4684      	mov	ip, r0
1000692e:	bc01      	pop	{r0}
10006930:	4760      	bx	ip
10006932:	bf00      	nop
10006934:	200002c1 	.word	0x200002c1

10006938 <__mutex_exit_veneer>:
10006938:	b401      	push	{r0}
1000693a:	4802      	ldr	r0, [pc, #8]	@ (10006944 <__mutex_exit_veneer+0xc>)
1000693c:	4684      	mov	ip, r0
1000693e:	bc01      	pop	{r0}
10006940:	4760      	bx	ip
10006942:	bf00      	nop
10006944:	200001e5 	.word	0x200001e5

10006948 <____aeabi_ldiv0_veneer>:
10006948:	b401      	push	{r0}
1000694a:	4802      	ldr	r0, [pc, #8]	@ (10006954 <____aeabi_ldiv0_veneer+0xc>)
1000694c:	4684      	mov	ip, r0
1000694e:	bc01      	pop	{r0}
10006950:	4760      	bx	ip
10006952:	bf00      	nop
10006954:	20000f19 	.word	0x20000f19

10006958 <____aeabi_idiv0_veneer>:
10006958:	b401      	push	{r0}
1000695a:	4802      	ldr	r0, [pc, #8]	@ (10006964 <____aeabi_idiv0_veneer+0xc>)
1000695c:	4684      	mov	ip, r0
1000695e:	bc01      	pop	{r0}
10006960:	4760      	bx	ip
10006962:	bf00      	nop
10006964:	20000f19 	.word	0x20000f19

10006968 <__e15_is_bulkin_ep_veneer>:
10006968:	b401      	push	{r0}
1000696a:	4802      	ldr	r0, [pc, #8]	@ (10006974 <__e15_is_bulkin_ep_veneer+0xc>)
1000696c:	4684      	mov	ip, r0
1000696e:	bc01      	pop	{r0}
10006970:	4760      	bx	ip
10006972:	bf00      	nop
10006974:	20000bd9 	.word	0x20000bd9

10006978 <__mutex_enter_timeout_ms_veneer>:
10006978:	b401      	push	{r0}
1000697a:	4802      	ldr	r0, [pc, #8]	@ (10006984 <__mutex_enter_timeout_ms_veneer+0xc>)
1000697c:	4684      	mov	ip, r0
1000697e:	bc01      	pop	{r0}
10006980:	4760      	bx	ip
10006982:	bf00      	nop
10006984:	20000159 	.word	0x20000159

10006988 <____paritysi2_veneer>:
10006988:	b401      	push	{r0}
1000698a:	4802      	ldr	r0, [pc, #8]	@ (10006994 <____paritysi2_veneer+0xc>)
1000698c:	4684      	mov	ip, r0
1000698e:	bc01      	pop	{r0}
10006990:	4760      	bx	ip
10006992:	bf00      	nop
10006994:	20000f1d 	.word	0x20000f1d

10006998 <__mutex_try_enter_block_until_veneer>:
10006998:	b401      	push	{r0}
1000699a:	4802      	ldr	r0, [pc, #8]	@ (100069a4 <__mutex_try_enter_block_until_veneer+0xc>)
1000699c:	4684      	mov	ip, r0
1000699e:	bc01      	pop	{r0}
100069a0:	4760      	bx	ip
100069a2:	bf00      	nop
100069a4:	200000c1 	.word	0x200000c1

100069a8 <__hw_endpoint_start_next_buffer_veneer>:
100069a8:	b401      	push	{r0}
100069aa:	4802      	ldr	r0, [pc, #8]	@ (100069b4 <__hw_endpoint_start_next_buffer_veneer+0xc>)
100069ac:	4684      	mov	ip, r0
100069ae:	bc01      	pop	{r0}
100069b0:	4760      	bx	ip
100069b2:	bf00      	nop
100069b4:	20000c91 	.word	0x20000c91

100069b8 <___hw_endpoint_buffer_control_update32_veneer>:
100069b8:	b401      	push	{r0}
100069ba:	4802      	ldr	r0, [pc, #8]	@ (100069c4 <___hw_endpoint_buffer_control_update32_veneer+0xc>)
100069bc:	4684      	mov	ip, r0
100069be:	bc01      	pop	{r0}
100069c0:	4760      	bx	ip
100069c2:	bf00      	nop
100069c4:	20000c41 	.word	0x20000c41

100069c8 <__pre_init_runtime_init_early_resets>:
100069c8:	10001855                                U...

100069cc <__pre_init_runtime_init_usb_power_down>:
100069cc:	10001881 10001a65 10002875 10002109     ....e...u(...!..
100069dc:	100027e5                                .'..

100069e0 <__pre_init_runtime_init_clocks>:
100069e0:	1000198d                                ....

100069e4 <__pre_init_runtime_init_post_clock_resets>:
100069e4:	1000189d                                ....

100069e8 <__pre_init_runtime_init_rp2040_gpio_ie_disable>:
100069e8:	100018bd                                ....

100069ec <__pre_init_runtime_init_spin_locks_reset>:
100069ec:	100018d1                                ....

100069f0 <__pre_init_runtime_init_mutex>:
100069f0:	10000c71                                q...

100069f4 <__pre_init_runtime_init_install_ram_vector_table>:
100069f4:	100018d9                                ....

100069f8 <__pre_init_runtime_init_default_alarm_pool>:
100069f8:	10001029                                )...

100069fc <__pre_init_first_per_core_initializer>:
100069fc:	1000181d                                ....

10006a00 <__pre_init_runtime_init_per_core_irq_priorities>:
10006a00:	10000749                                I...

10006a04 <__init_array_start>:
10006a04:	100068e9 	.word	0x100068e9
10006a08:	100047c5 	.word	0x100047c5

10006a0c <__frame_dummy_init_array_entry>:
10006a0c:	10000289                                ....

Disassembly of section .data:

200000c0 <mutex_try_enter_block_until>:
200000c0:	b5f0      	push	{r4, r5, r6, r7, lr}
200000c2:	46c6      	mov	lr, r8
200000c4:	0015      	movs	r5, r2
200000c6:	b500      	push	{lr}
200000c8:	0004      	movs	r4, r0
200000ca:	001e      	movs	r6, r3
200000cc:	6802      	ldr	r2, [r0, #0]
200000ce:	f3ef 8110 	mrs	r1, PRIMASK
200000d2:	b672      	cpsid	i
200000d4:	6813      	ldr	r3, [r2, #0]
200000d6:	2b00      	cmp	r3, #0
200000d8:	d0fc      	beq.n	200000d4 <mutex_try_enter_block_until+0x14>
200000da:	f3bf 8f5f 	dmb	sy
200000de:	2304      	movs	r3, #4
200000e0:	56e3      	ldrsb	r3, [r4, r3]
200000e2:	6822      	ldr	r2, [r4, #0]
200000e4:	2b00      	cmp	r3, #0
200000e6:	db2b      	blt.n	20000140 <mutex_try_enter_block_until+0x80>
200000e8:	f3bf 8f5f 	dmb	sy
200000ec:	2000      	movs	r0, #0
200000ee:	6010      	str	r0, [r2, #0]
200000f0:	f381 8810 	msr	PRIMASK, r1
200000f4:	22d0      	movs	r2, #208	@ 0xd0
200000f6:	0612      	lsls	r2, r2, #24
200000f8:	7812      	ldrb	r2, [r2, #0]
200000fa:	2700      	movs	r7, #0
200000fc:	b252      	sxtb	r2, r2
200000fe:	4690      	mov	r8, r2
20000100:	429a      	cmp	r2, r3
20000102:	d10e      	bne.n	20000122 <mutex_try_enter_block_until+0x62>
20000104:	2000      	movs	r0, #0
20000106:	bc80      	pop	{r7}
20000108:	46b8      	mov	r8, r7
2000010a:	bdf0      	pop	{r4, r5, r6, r7, pc}
2000010c:	f3bf 8f5f 	dmb	sy
20000110:	6017      	str	r7, [r2, #0]
20000112:	f381 8810 	msr	PRIMASK, r1
20000116:	0028      	movs	r0, r5
20000118:	0031      	movs	r1, r6
2000011a:	f000 ff29 	bl	20000f70 <__best_effort_wfe_or_timeout_veneer>
2000011e:	2800      	cmp	r0, #0
20000120:	d1f0      	bne.n	20000104 <mutex_try_enter_block_until+0x44>
20000122:	6822      	ldr	r2, [r4, #0]
20000124:	f3ef 8110 	mrs	r1, PRIMASK
20000128:	b672      	cpsid	i
2000012a:	6813      	ldr	r3, [r2, #0]
2000012c:	2b00      	cmp	r3, #0
2000012e:	d0fc      	beq.n	2000012a <mutex_try_enter_block_until+0x6a>
20000130:	f3bf 8f5f 	dmb	sy
20000134:	7923      	ldrb	r3, [r4, #4]
20000136:	6822      	ldr	r2, [r4, #0]
20000138:	2b7f      	cmp	r3, #127	@ 0x7f
2000013a:	d9e7      	bls.n	2000010c <mutex_try_enter_block_until+0x4c>
2000013c:	4643      	mov	r3, r8
2000013e:	e002      	b.n	20000146 <mutex_try_enter_block_until+0x86>
20000140:	23d0      	movs	r3, #208	@ 0xd0
20000142:	061b      	lsls	r3, r3, #24
20000144:	681b      	ldr	r3, [r3, #0]
20000146:	7123      	strb	r3, [r4, #4]
20000148:	f3bf 8f5f 	dmb	sy
2000014c:	2300      	movs	r3, #0
2000014e:	6013      	str	r3, [r2, #0]
20000150:	f381 8810 	msr	PRIMASK, r1
20000154:	2001      	movs	r0, #1
20000156:	e7d6      	b.n	20000106 <mutex_try_enter_block_until+0x46>

20000158 <mutex_enter_timeout_ms>:
20000158:	b5f0      	push	{r4, r5, r6, r7, lr}
2000015a:	46c6      	mov	lr, r8
2000015c:	b500      	push	{lr}
2000015e:	000d      	movs	r5, r1
20000160:	0004      	movs	r4, r0
20000162:	f000 ff0d 	bl	20000f80 <__time_us_64_veneer>
20000166:	22fa      	movs	r2, #250	@ 0xfa
20000168:	0006      	movs	r6, r0
2000016a:	000f      	movs	r7, r1
2000016c:	2300      	movs	r3, #0
2000016e:	0028      	movs	r0, r5
20000170:	2100      	movs	r1, #0
20000172:	0092      	lsls	r2, r2, #2
20000174:	f000 feec 	bl	20000f50 <____wrap___aeabi_lmul_veneer>
20000178:	1836      	adds	r6, r6, r0
2000017a:	414f      	adcs	r7, r1
2000017c:	2f00      	cmp	r7, #0
2000017e:	da02      	bge.n	20000186 <mutex_enter_timeout_ms+0x2e>
20000180:	2601      	movs	r6, #1
20000182:	4f17      	ldr	r7, [pc, #92]	@ (200001e0 <mutex_enter_timeout_ms+0x88>)
20000184:	4276      	negs	r6, r6
20000186:	23d0      	movs	r3, #208	@ 0xd0
20000188:	061b      	lsls	r3, r3, #24
2000018a:	681b      	ldr	r3, [r3, #0]
2000018c:	2500      	movs	r5, #0
2000018e:	4698      	mov	r8, r3
20000190:	e00a      	b.n	200001a8 <mutex_enter_timeout_ms+0x50>
20000192:	f3bf 8f5f 	dmb	sy
20000196:	6015      	str	r5, [r2, #0]
20000198:	f381 8810 	msr	PRIMASK, r1
2000019c:	0030      	movs	r0, r6
2000019e:	0039      	movs	r1, r7
200001a0:	f000 fee6 	bl	20000f70 <__best_effort_wfe_or_timeout_veneer>
200001a4:	2800      	cmp	r0, #0
200001a6:	d118      	bne.n	200001da <mutex_enter_timeout_ms+0x82>
200001a8:	6822      	ldr	r2, [r4, #0]
200001aa:	f3ef 8110 	mrs	r1, PRIMASK
200001ae:	b672      	cpsid	i
200001b0:	6813      	ldr	r3, [r2, #0]
200001b2:	2b00      	cmp	r3, #0
200001b4:	d0fc      	beq.n	200001b0 <mutex_enter_timeout_ms+0x58>
200001b6:	f3bf 8f5f 	dmb	sy
200001ba:	7923      	ldrb	r3, [r4, #4]
200001bc:	6822      	ldr	r2, [r4, #0]
200001be:	2b7f      	cmp	r3, #127	@ 0x7f
200001c0:	d9e7      	bls.n	20000192 <mutex_enter_timeout_ms+0x3a>
200001c2:	4643      	mov	r3, r8
200001c4:	7123      	strb	r3, [r4, #4]
200001c6:	f3bf 8f5f 	dmb	sy
200001ca:	2300      	movs	r3, #0
200001cc:	6013      	str	r3, [r2, #0]
200001ce:	f381 8810 	msr	PRIMASK, r1
200001d2:	2001      	movs	r0, #1
200001d4:	bc80      	pop	{r7}
200001d6:	46b8      	mov	r8, r7
200001d8:	bdf0      	pop	{r4, r5, r6, r7, pc}
200001da:	2000      	movs	r0, #0
200001dc:	e7fa      	b.n	200001d4 <mutex_enter_timeout_ms+0x7c>
200001de:	46c0      	nop			@ (mov r8, r8)
200001e0:	7fffffff 	.word	0x7fffffff

200001e4 <mutex_exit>:
200001e4:	6802      	ldr	r2, [r0, #0]
200001e6:	f3ef 8110 	mrs	r1, PRIMASK
200001ea:	b672      	cpsid	i
200001ec:	6813      	ldr	r3, [r2, #0]
200001ee:	2b00      	cmp	r3, #0
200001f0:	d0fc      	beq.n	200001ec <mutex_exit+0x8>
200001f2:	f3bf 8f5f 	dmb	sy
200001f6:	23ff      	movs	r3, #255	@ 0xff
200001f8:	7103      	strb	r3, [r0, #4]
200001fa:	6803      	ldr	r3, [r0, #0]
200001fc:	f3bf 8f5f 	dmb	sy
20000200:	2200      	movs	r2, #0
20000202:	601a      	str	r2, [r3, #0]
20000204:	f381 8810 	msr	PRIMASK, r1
20000208:	bf40      	sev
2000020a:	4770      	bx	lr

2000020c <flash_init_boot2_copyout>:
2000020c:	b510      	push	{r4, lr}
2000020e:	4c08      	ldr	r4, [pc, #32]	@ (20000230 <flash_init_boot2_copyout+0x24>)
20000210:	7823      	ldrb	r3, [r4, #0]
20000212:	2b00      	cmp	r3, #0
20000214:	d10a      	bne.n	2000022c <flash_init_boot2_copyout+0x20>
20000216:	2380      	movs	r3, #128	@ 0x80
20000218:	4806      	ldr	r0, [pc, #24]	@ (20000234 <flash_init_boot2_copyout+0x28>)
2000021a:	4907      	ldr	r1, [pc, #28]	@ (20000238 <flash_init_boot2_copyout+0x2c>)
2000021c:	055b      	lsls	r3, r3, #21
2000021e:	681a      	ldr	r2, [r3, #0]
20000220:	50c2      	str	r2, [r0, r3]
20000222:	3304      	adds	r3, #4
20000224:	428b      	cmp	r3, r1
20000226:	d1fa      	bne.n	2000021e <flash_init_boot2_copyout+0x12>
20000228:	2301      	movs	r3, #1
2000022a:	7023      	strb	r3, [r4, #0]
2000022c:	bd10      	pop	{r4, pc}
2000022e:	46c0      	nop			@ (mov r8, r8)
20000230:	20001d6f 	.word	0x20001d6f
20000234:	100017d0 	.word	0x100017d0
20000238:	10000100 	.word	0x10000100

2000023c <flash_enable_xip_via_boot2>:
2000023c:	b510      	push	{r4, lr}
2000023e:	4b01      	ldr	r3, [pc, #4]	@ (20000244 <flash_enable_xip_via_boot2+0x8>)
20000240:	4798      	blx	r3
20000242:	bd10      	pop	{r4, pc}
20000244:	200017d1 	.word	0x200017d1

20000248 <flash_save_hardware_state>:
20000248:	4b06      	ldr	r3, [pc, #24]	@ (20000264 <flash_save_hardware_state+0x1c>)
2000024a:	685a      	ldr	r2, [r3, #4]
2000024c:	6002      	str	r2, [r0, #0]
2000024e:	689a      	ldr	r2, [r3, #8]
20000250:	6042      	str	r2, [r0, #4]
20000252:	68da      	ldr	r2, [r3, #12]
20000254:	6082      	str	r2, [r0, #8]
20000256:	691a      	ldr	r2, [r3, #16]
20000258:	60c2      	str	r2, [r0, #12]
2000025a:	695a      	ldr	r2, [r3, #20]
2000025c:	6102      	str	r2, [r0, #16]
2000025e:	699b      	ldr	r3, [r3, #24]
20000260:	6143      	str	r3, [r0, #20]
20000262:	4770      	bx	lr
20000264:	40020000 	.word	0x40020000

20000268 <flash_restore_hardware_state>:
20000268:	6802      	ldr	r2, [r0, #0]
2000026a:	4b06      	ldr	r3, [pc, #24]	@ (20000284 <flash_restore_hardware_state+0x1c>)
2000026c:	605a      	str	r2, [r3, #4]
2000026e:	6842      	ldr	r2, [r0, #4]
20000270:	609a      	str	r2, [r3, #8]
20000272:	6882      	ldr	r2, [r0, #8]
20000274:	60da      	str	r2, [r3, #12]
20000276:	68c2      	ldr	r2, [r0, #12]
20000278:	611a      	str	r2, [r3, #16]
2000027a:	6902      	ldr	r2, [r0, #16]
2000027c:	615a      	str	r2, [r3, #20]
2000027e:	6942      	ldr	r2, [r0, #20]
20000280:	619a      	str	r2, [r3, #24]
20000282:	4770      	bx	lr
20000284:	40020000 	.word	0x40020000

20000288 <flash_cs_force.constprop.0>:
20000288:	4b03      	ldr	r3, [pc, #12]	@ (20000298 <flash_cs_force.constprop.0+0x10>)
2000028a:	681a      	ldr	r2, [r3, #0]
2000028c:	23c0      	movs	r3, #192	@ 0xc0
2000028e:	009b      	lsls	r3, r3, #2
20000290:	4393      	bics	r3, r2
20000292:	4a02      	ldr	r2, [pc, #8]	@ (2000029c <flash_cs_force.constprop.0+0x14>)
20000294:	6013      	str	r3, [r2, #0]
20000296:	4770      	bx	lr
20000298:	4001800c 	.word	0x4001800c
2000029c:	4001900c 	.word	0x4001900c

200002a0 <flash_cs_force.constprop.1>:
200002a0:	4b05      	ldr	r3, [pc, #20]	@ (200002b8 <flash_cs_force.constprop.1+0x18>)
200002a2:	681a      	ldr	r2, [r3, #0]
200002a4:	2380      	movs	r3, #128	@ 0x80
200002a6:	009b      	lsls	r3, r3, #2
200002a8:	4053      	eors	r3, r2
200002aa:	22c0      	movs	r2, #192	@ 0xc0
200002ac:	0092      	lsls	r2, r2, #2
200002ae:	4013      	ands	r3, r2
200002b0:	4a02      	ldr	r2, [pc, #8]	@ (200002bc <flash_cs_force.constprop.1+0x1c>)
200002b2:	6013      	str	r3, [r2, #0]
200002b4:	4770      	bx	lr
200002b6:	46c0      	nop			@ (mov r8, r8)
200002b8:	4001800c 	.word	0x4001800c
200002bc:	4001900c 	.word	0x4001900c

200002c0 <flash_do_cmd>:
200002c0:	2300      	movs	r3, #0
200002c2:	b5f0      	push	{r4, r5, r6, r7, lr}
200002c4:	46de      	mov	lr, fp
200002c6:	4657      	mov	r7, sl
200002c8:	464e      	mov	r6, r9
200002ca:	4645      	mov	r5, r8
200002cc:	469a      	mov	sl, r3
200002ce:	b5e0      	push	{r5, r6, r7, lr}
200002d0:	b089      	sub	sp, #36	@ 0x24
200002d2:	9001      	str	r0, [sp, #4]
200002d4:	000e      	movs	r6, r1
200002d6:	8a98      	ldrh	r0, [r3, #20]
200002d8:	4945      	ldr	r1, [pc, #276]	@ (200003f0 <flash_do_cmd+0x130>)
200002da:	8b1b      	ldrh	r3, [r3, #24]
200002dc:	0014      	movs	r4, r2
200002de:	4798      	blx	r3
200002e0:	4653      	mov	r3, sl
200002e2:	4681      	mov	r9, r0
200002e4:	4943      	ldr	r1, [pc, #268]	@ (200003f4 <flash_do_cmd+0x134>)
200002e6:	8a98      	ldrh	r0, [r3, #20]
200002e8:	8b1b      	ldrh	r3, [r3, #24]
200002ea:	4798      	blx	r3
200002ec:	4653      	mov	r3, sl
200002ee:	4942      	ldr	r1, [pc, #264]	@ (200003f8 <flash_do_cmd+0x138>)
200002f0:	0005      	movs	r5, r0
200002f2:	8a98      	ldrh	r0, [r3, #20]
200002f4:	8b1b      	ldrh	r3, [r3, #24]
200002f6:	4798      	blx	r3
200002f8:	4680      	mov	r8, r0
200002fa:	f7ff ff87 	bl	2000020c <flash_init_boot2_copyout>
200002fe:	a802      	add	r0, sp, #8
20000300:	f7ff ffa2 	bl	20000248 <flash_save_hardware_state>
20000304:	47c8      	blx	r9
20000306:	47a8      	blx	r5
20000308:	f7ff ffca 	bl	200002a0 <flash_cs_force.constprop.1>
2000030c:	1e25      	subs	r5, r4, #0
2000030e:	d022      	beq.n	20000356 <flash_do_cmd+0x96>
20000310:	2308      	movs	r3, #8
20000312:	21c0      	movs	r1, #192	@ 0xc0
20000314:	469c      	mov	ip, r3
20000316:	2002      	movs	r0, #2
20000318:	0549      	lsls	r1, r1, #21
2000031a:	4662      	mov	r2, ip
2000031c:	6a8b      	ldr	r3, [r1, #40]	@ 0x28
2000031e:	401a      	ands	r2, r3
20000320:	4218      	tst	r0, r3
20000322:	d03f      	beq.n	200003a4 <flash_do_cmd+0xe4>
20000324:	1b63      	subs	r3, r4, r5
20000326:	2d00      	cmp	r5, #0
20000328:	d12f      	bne.n	2000038a <flash_do_cmd+0xca>
2000032a:	2a00      	cmp	r2, #0
2000032c:	d111      	bne.n	20000352 <flash_do_cmd+0x92>
2000032e:	2c00      	cmp	r4, #0
20000330:	d011      	beq.n	20000356 <flash_do_cmd+0x96>
20000332:	23c0      	movs	r3, #192	@ 0xc0
20000334:	055b      	lsls	r3, r3, #21
20000336:	469b      	mov	fp, r3
20000338:	2302      	movs	r3, #2
2000033a:	469a      	mov	sl, r3
2000033c:	3306      	adds	r3, #6
2000033e:	4699      	mov	r9, r3
20000340:	465b      	mov	r3, fp
20000342:	464a      	mov	r2, r9
20000344:	4657      	mov	r7, sl
20000346:	6a9b      	ldr	r3, [r3, #40]	@ 0x28
20000348:	401a      	ands	r2, r3
2000034a:	421f      	tst	r7, r3
2000034c:	d042      	beq.n	200003d4 <flash_do_cmd+0x114>
2000034e:	2a00      	cmp	r2, #0
20000350:	d0f6      	beq.n	20000340 <flash_do_cmd+0x80>
20000352:	2c00      	cmp	r4, #0
20000354:	d130      	bne.n	200003b8 <flash_do_cmd+0xf8>
20000356:	f7ff ff97 	bl	20000288 <flash_cs_force.constprop.0>
2000035a:	47c0      	blx	r8
2000035c:	f7ff ff6e 	bl	2000023c <flash_enable_xip_via_boot2>
20000360:	a802      	add	r0, sp, #8
20000362:	f7ff ff81 	bl	20000268 <flash_restore_hardware_state>
20000366:	b009      	add	sp, #36	@ 0x24
20000368:	bcf0      	pop	{r4, r5, r6, r7}
2000036a:	46bb      	mov	fp, r7
2000036c:	46b2      	mov	sl, r6
2000036e:	46a9      	mov	r9, r5
20000370:	46a0      	mov	r8, r4
20000372:	bdf0      	pop	{r4, r5, r6, r7, pc}
20000374:	2c00      	cmp	r4, #0
20000376:	d12f      	bne.n	200003d8 <flash_do_cmd+0x118>
20000378:	22c0      	movs	r2, #192	@ 0xc0
2000037a:	0552      	lsls	r2, r2, #21
2000037c:	6a92      	ldr	r2, [r2, #40]	@ 0x28
2000037e:	4691      	mov	r9, r2
20000380:	2208      	movs	r2, #8
20000382:	464f      	mov	r7, r9
20000384:	403a      	ands	r2, r7
20000386:	07bf      	lsls	r7, r7, #30
20000388:	d52d      	bpl.n	200003e6 <flash_do_cmd+0x126>
2000038a:	2b0d      	cmp	r3, #13
2000038c:	d91b      	bls.n	200003c6 <flash_do_cmd+0x106>
2000038e:	2a00      	cmp	r2, #0
20000390:	d1f0      	bne.n	20000374 <flash_do_cmd+0xb4>
20000392:	22c0      	movs	r2, #192	@ 0xc0
20000394:	0552      	lsls	r2, r2, #21
20000396:	6a92      	ldr	r2, [r2, #40]	@ 0x28
20000398:	4691      	mov	r9, r2
2000039a:	2208      	movs	r2, #8
2000039c:	464f      	mov	r7, r9
2000039e:	403a      	ands	r2, r7
200003a0:	07bf      	lsls	r7, r7, #30
200003a2:	d4f2      	bmi.n	2000038a <flash_do_cmd+0xca>
200003a4:	2a00      	cmp	r2, #0
200003a6:	d104      	bne.n	200003b2 <flash_do_cmd+0xf2>
200003a8:	002b      	movs	r3, r5
200003aa:	4323      	orrs	r3, r4
200003ac:	2b00      	cmp	r3, #0
200003ae:	d1b4      	bne.n	2000031a <flash_do_cmd+0x5a>
200003b0:	e7d1      	b.n	20000356 <flash_do_cmd+0x96>
200003b2:	002b      	movs	r3, r5
200003b4:	2c00      	cmp	r4, #0
200003b6:	d0f9      	beq.n	200003ac <flash_do_cmd+0xec>
200003b8:	6e0b      	ldr	r3, [r1, #96]	@ 0x60
200003ba:	3c01      	subs	r4, #1
200003bc:	7033      	strb	r3, [r6, #0]
200003be:	0023      	movs	r3, r4
200003c0:	3601      	adds	r6, #1
200003c2:	432b      	orrs	r3, r5
200003c4:	e7f2      	b.n	200003ac <flash_do_cmd+0xec>
200003c6:	9f01      	ldr	r7, [sp, #4]
200003c8:	3d01      	subs	r5, #1
200003ca:	783b      	ldrb	r3, [r7, #0]
200003cc:	3701      	adds	r7, #1
200003ce:	660b      	str	r3, [r1, #96]	@ 0x60
200003d0:	9701      	str	r7, [sp, #4]
200003d2:	e7e7      	b.n	200003a4 <flash_do_cmd+0xe4>
200003d4:	2500      	movs	r5, #0
200003d6:	e7e5      	b.n	200003a4 <flash_do_cmd+0xe4>
200003d8:	23c0      	movs	r3, #192	@ 0xc0
200003da:	055b      	lsls	r3, r3, #21
200003dc:	6e1b      	ldr	r3, [r3, #96]	@ 0x60
200003de:	3c01      	subs	r4, #1
200003e0:	7033      	strb	r3, [r6, #0]
200003e2:	3601      	adds	r6, #1
200003e4:	e799      	b.n	2000031a <flash_do_cmd+0x5a>
200003e6:	002b      	movs	r3, r5
200003e8:	2a00      	cmp	r2, #0
200003ea:	d1df      	bne.n	200003ac <flash_do_cmd+0xec>
200003ec:	e7dc      	b.n	200003a8 <flash_do_cmd+0xe8>
200003ee:	46c0      	nop			@ (mov r8, r8)
200003f0:	00004649 	.word	0x00004649
200003f4:	00005845 	.word	0x00005845
200003f8:	00004346 	.word	0x00004346

200003fc <reset_non_control_endpoints>:
200003fc:	2200      	movs	r2, #0
200003fe:	4b15      	ldr	r3, [pc, #84]	@ (20000454 <reset_non_control_endpoints+0x58>)
20000400:	b510      	push	{r4, lr}
20000402:	609a      	str	r2, [r3, #8]
20000404:	60da      	str	r2, [r3, #12]
20000406:	611a      	str	r2, [r3, #16]
20000408:	615a      	str	r2, [r3, #20]
2000040a:	619a      	str	r2, [r3, #24]
2000040c:	61da      	str	r2, [r3, #28]
2000040e:	621a      	str	r2, [r3, #32]
20000410:	625a      	str	r2, [r3, #36]	@ 0x24
20000412:	629a      	str	r2, [r3, #40]	@ 0x28
20000414:	62da      	str	r2, [r3, #44]	@ 0x2c
20000416:	631a      	str	r2, [r3, #48]	@ 0x30
20000418:	635a      	str	r2, [r3, #52]	@ 0x34
2000041a:	639a      	str	r2, [r3, #56]	@ 0x38
2000041c:	63da      	str	r2, [r3, #60]	@ 0x3c
2000041e:	641a      	str	r2, [r3, #64]	@ 0x40
20000420:	645a      	str	r2, [r3, #68]	@ 0x44
20000422:	649a      	str	r2, [r3, #72]	@ 0x48
20000424:	64da      	str	r2, [r3, #76]	@ 0x4c
20000426:	651a      	str	r2, [r3, #80]	@ 0x50
20000428:	655a      	str	r2, [r3, #84]	@ 0x54
2000042a:	659a      	str	r2, [r3, #88]	@ 0x58
2000042c:	65da      	str	r2, [r3, #92]	@ 0x5c
2000042e:	661a      	str	r2, [r3, #96]	@ 0x60
20000430:	665a      	str	r2, [r3, #100]	@ 0x64
20000432:	669a      	str	r2, [r3, #104]	@ 0x68
20000434:	66da      	str	r2, [r3, #108]	@ 0x6c
20000436:	671a      	str	r2, [r3, #112]	@ 0x70
20000438:	675a      	str	r2, [r3, #116]	@ 0x74
2000043a:	679a      	str	r2, [r3, #120]	@ 0x78
2000043c:	67da      	str	r2, [r3, #124]	@ 0x7c
2000043e:	32f0      	adds	r2, #240	@ 0xf0
20000440:	0092      	lsls	r2, r2, #2
20000442:	2100      	movs	r1, #0
20000444:	4804      	ldr	r0, [pc, #16]	@ (20000458 <reset_non_control_endpoints+0x5c>)
20000446:	f000 fdab 	bl	20000fa0 <____wrap_memset_veneer>
2000044a:	4b04      	ldr	r3, [pc, #16]	@ (2000045c <reset_non_control_endpoints+0x60>)
2000044c:	4a04      	ldr	r2, [pc, #16]	@ (20000460 <reset_non_control_endpoints+0x64>)
2000044e:	601a      	str	r2, [r3, #0]
20000450:	bd10      	pop	{r4, pc}
20000452:	46c0      	nop			@ (mov r8, r8)
20000454:	50100000 	.word	0x50100000
20000458:	20001958 	.word	0x20001958
2000045c:	20001d24 	.word	0x20001d24
20000460:	50100180 	.word	0x50100180

20000464 <hw_handle_buff_status>:
20000464:	b5f0      	push	{r4, r5, r6, r7, lr}
20000466:	464e      	mov	r6, r9
20000468:	4645      	mov	r5, r8
2000046a:	46de      	mov	lr, fp
2000046c:	4657      	mov	r7, sl
2000046e:	b5e0      	push	{r5, r6, r7, lr}
20000470:	4b21      	ldr	r3, [pc, #132]	@ (200004f8 <hw_handle_buff_status+0x94>)
20000472:	2400      	movs	r4, #0
20000474:	6d9e      	ldr	r6, [r3, #88]	@ 0x58
20000476:	2501      	movs	r5, #1
20000478:	b085      	sub	sp, #20
2000047a:	2e00      	cmp	r6, #0
2000047c:	d022      	beq.n	200004c4 <hw_handle_buff_status+0x60>
2000047e:	4b1f      	ldr	r3, [pc, #124]	@ (200004fc <hw_handle_buff_status+0x98>)
20000480:	469a      	mov	sl, r3
20000482:	2301      	movs	r3, #1
20000484:	4699      	mov	r9, r3
20000486:	4b1e      	ldr	r3, [pc, #120]	@ (20000500 <hw_handle_buff_status+0x9c>)
20000488:	4698      	mov	r8, r3
2000048a:	e001      	b.n	20000490 <hw_handle_buff_status+0x2c>
2000048c:	2c20      	cmp	r4, #32
2000048e:	d019      	beq.n	200004c4 <hw_handle_buff_status+0x60>
20000490:	002a      	movs	r2, r5
20000492:	0023      	movs	r3, r4
20000494:	3401      	adds	r4, #1
20000496:	002f      	movs	r7, r5
20000498:	4032      	ands	r2, r6
2000049a:	b2e4      	uxtb	r4, r4
2000049c:	006d      	lsls	r5, r5, #1
2000049e:	2a00      	cmp	r2, #0
200004a0:	d0f4      	beq.n	2000048c <hw_handle_buff_status+0x28>
200004a2:	4652      	mov	r2, sl
200004a4:	6597      	str	r7, [r2, #88]	@ 0x58
200004a6:	464a      	mov	r2, r9
200004a8:	085b      	lsrs	r3, r3, #1
200004aa:	005b      	lsls	r3, r3, #1
200004ac:	4022      	ands	r2, r4
200004ae:	189b      	adds	r3, r3, r2
200004b0:	015b      	lsls	r3, r3, #5
200004b2:	4443      	add	r3, r8
200004b4:	0018      	movs	r0, r3
200004b6:	469b      	mov	fp, r3
200004b8:	f000 fc1e 	bl	20000cf8 <hw_endpoint_xfer_continue>
200004bc:	2800      	cmp	r0, #0
200004be:	d108      	bne.n	200004d2 <hw_handle_buff_status+0x6e>
200004c0:	43be      	bics	r6, r7
200004c2:	d1e3      	bne.n	2000048c <hw_handle_buff_status+0x28>
200004c4:	b005      	add	sp, #20
200004c6:	bcf0      	pop	{r4, r5, r6, r7}
200004c8:	46bb      	mov	fp, r7
200004ca:	46b2      	mov	sl, r6
200004cc:	46a9      	mov	r9, r5
200004ce:	46a0      	mov	r8, r4
200004d0:	bdf0      	pop	{r4, r5, r6, r7, pc}
200004d2:	465b      	mov	r3, fp
200004d4:	21e0      	movs	r1, #224	@ 0xe0
200004d6:	789a      	ldrb	r2, [r3, #2]
200004d8:	8adb      	ldrh	r3, [r3, #22]
200004da:	a801      	add	r0, sp, #4
200004dc:	6083      	str	r3, [r0, #8]
200004de:	2300      	movs	r3, #0
200004e0:	00c9      	lsls	r1, r1, #3
200004e2:	8001      	strh	r1, [r0, #0]
200004e4:	2101      	movs	r1, #1
200004e6:	7102      	strb	r2, [r0, #4]
200004e8:	7143      	strb	r3, [r0, #5]
200004ea:	f000 fc25 	bl	20000d38 <dcd_event_handler>
200004ee:	4658      	mov	r0, fp
200004f0:	f000 fba0 	bl	20000c34 <hw_endpoint_reset_transfer>
200004f4:	e7e4      	b.n	200004c0 <hw_handle_buff_status+0x5c>
200004f6:	46c0      	nop			@ (mov r8, r8)
200004f8:	50110000 	.word	0x50110000
200004fc:	50113000 	.word	0x50113000
20000500:	20001918 	.word	0x20001918

20000504 <dcd_rp2040_irq>:
20000504:	2398      	movs	r3, #152	@ 0x98
20000506:	b5f0      	push	{r4, r5, r6, r7, lr}
20000508:	46c6      	mov	lr, r8
2000050a:	4ac8      	ldr	r2, [pc, #800]	@ (2000082c <dcd_rp2040_irq+0x328>)
2000050c:	b500      	push	{lr}
2000050e:	58d5      	ldr	r5, [r2, r3]
20000510:	2380      	movs	r3, #128	@ 0x80
20000512:	002e      	movs	r6, r5
20000514:	029b      	lsls	r3, r3, #10
20000516:	2410      	movs	r4, #16
20000518:	b084      	sub	sp, #16
2000051a:	401e      	ands	r6, r3
2000051c:	421d      	tst	r5, r3
2000051e:	d074      	beq.n	2000060a <dcd_rp2040_irq+0x106>
20000520:	4bc3      	ldr	r3, [pc, #780]	@ (20000830 <dcd_rp2040_irq+0x32c>)
20000522:	4cc4      	ldr	r4, [pc, #784]	@ (20000834 <dcd_rp2040_irq+0x330>)
20000524:	6a9a      	ldr	r2, [r3, #40]	@ 0x28
20000526:	4bc4      	ldr	r3, [pc, #784]	@ (20000838 <dcd_rp2040_irq+0x334>)
20000528:	2600      	movs	r6, #0
2000052a:	601a      	str	r2, [r3, #0]
2000052c:	233b      	movs	r3, #59	@ 0x3b
2000052e:	5ce3      	ldrb	r3, [r4, r3]
20000530:	2b02      	cmp	r3, #2
20000532:	d100      	bne.n	20000536 <dcd_rp2040_irq+0x32>
20000534:	e14f      	b.n	200007d6 <dcd_rp2040_irq+0x2d2>
20000536:	237b      	movs	r3, #123	@ 0x7b
20000538:	5ce3      	ldrb	r3, [r4, r3]
2000053a:	2b02      	cmp	r3, #2
2000053c:	d100      	bne.n	20000540 <dcd_rp2040_irq+0x3c>
2000053e:	e0f3      	b.n	20000728 <dcd_rp2040_irq+0x224>
20000540:	23bb      	movs	r3, #187	@ 0xbb
20000542:	5ce3      	ldrb	r3, [r4, r3]
20000544:	2b02      	cmp	r3, #2
20000546:	d100      	bne.n	2000054a <dcd_rp2040_irq+0x46>
20000548:	e0fa      	b.n	20000740 <dcd_rp2040_irq+0x23c>
2000054a:	23fb      	movs	r3, #251	@ 0xfb
2000054c:	5ce3      	ldrb	r3, [r4, r3]
2000054e:	2b02      	cmp	r3, #2
20000550:	d100      	bne.n	20000554 <dcd_rp2040_irq+0x50>
20000552:	e101      	b.n	20000758 <dcd_rp2040_irq+0x254>
20000554:	233c      	movs	r3, #60	@ 0x3c
20000556:	33ff      	adds	r3, #255	@ 0xff
20000558:	5ce3      	ldrb	r3, [r4, r3]
2000055a:	2b02      	cmp	r3, #2
2000055c:	d100      	bne.n	20000560 <dcd_rp2040_irq+0x5c>
2000055e:	e12d      	b.n	200007bc <dcd_rp2040_irq+0x2b8>
20000560:	237c      	movs	r3, #124	@ 0x7c
20000562:	33ff      	adds	r3, #255	@ 0xff
20000564:	5ce3      	ldrb	r3, [r4, r3]
20000566:	2b02      	cmp	r3, #2
20000568:	d100      	bne.n	2000056c <dcd_rp2040_irq+0x68>
2000056a:	e10e      	b.n	2000078a <dcd_rp2040_irq+0x286>
2000056c:	23bc      	movs	r3, #188	@ 0xbc
2000056e:	33ff      	adds	r3, #255	@ 0xff
20000570:	5ce3      	ldrb	r3, [r4, r3]
20000572:	2b02      	cmp	r3, #2
20000574:	d100      	bne.n	20000578 <dcd_rp2040_irq+0x74>
20000576:	e13f      	b.n	200007f8 <dcd_rp2040_irq+0x2f4>
20000578:	23fc      	movs	r3, #252	@ 0xfc
2000057a:	33ff      	adds	r3, #255	@ 0xff
2000057c:	5ce3      	ldrb	r3, [r4, r3]
2000057e:	2b02      	cmp	r3, #2
20000580:	d100      	bne.n	20000584 <dcd_rp2040_irq+0x80>
20000582:	e0f5      	b.n	20000770 <dcd_rp2040_irq+0x26c>
20000584:	4bad      	ldr	r3, [pc, #692]	@ (2000083c <dcd_rp2040_irq+0x338>)
20000586:	5ce3      	ldrb	r3, [r4, r3]
20000588:	2b02      	cmp	r3, #2
2000058a:	d100      	bne.n	2000058e <dcd_rp2040_irq+0x8a>
2000058c:	e174      	b.n	20000878 <dcd_rp2040_irq+0x374>
2000058e:	4bac      	ldr	r3, [pc, #688]	@ (20000840 <dcd_rp2040_irq+0x33c>)
20000590:	5ce3      	ldrb	r3, [r4, r3]
20000592:	2b02      	cmp	r3, #2
20000594:	d100      	bne.n	20000598 <dcd_rp2040_irq+0x94>
20000596:	e105      	b.n	200007a4 <dcd_rp2040_irq+0x2a0>
20000598:	4baa      	ldr	r3, [pc, #680]	@ (20000844 <dcd_rp2040_irq+0x340>)
2000059a:	5ce3      	ldrb	r3, [r4, r3]
2000059c:	2b02      	cmp	r3, #2
2000059e:	d100      	bne.n	200005a2 <dcd_rp2040_irq+0x9e>
200005a0:	e175      	b.n	2000088e <dcd_rp2040_irq+0x38a>
200005a2:	4ba9      	ldr	r3, [pc, #676]	@ (20000848 <dcd_rp2040_irq+0x344>)
200005a4:	5ce3      	ldrb	r3, [r4, r3]
200005a6:	2b02      	cmp	r3, #2
200005a8:	d100      	bne.n	200005ac <dcd_rp2040_irq+0xa8>
200005aa:	e132      	b.n	20000812 <dcd_rp2040_irq+0x30e>
200005ac:	4ba7      	ldr	r3, [pc, #668]	@ (2000084c <dcd_rp2040_irq+0x348>)
200005ae:	5ce3      	ldrb	r3, [r4, r3]
200005b0:	2b02      	cmp	r3, #2
200005b2:	d100      	bne.n	200005b6 <dcd_rp2040_irq+0xb2>
200005b4:	e1a0      	b.n	200008f8 <dcd_rp2040_irq+0x3f4>
200005b6:	4ba6      	ldr	r3, [pc, #664]	@ (20000850 <dcd_rp2040_irq+0x34c>)
200005b8:	5ce3      	ldrb	r3, [r4, r3]
200005ba:	2b02      	cmp	r3, #2
200005bc:	d100      	bne.n	200005c0 <dcd_rp2040_irq+0xbc>
200005be:	e171      	b.n	200008a4 <dcd_rp2040_irq+0x3a0>
200005c0:	4ba4      	ldr	r3, [pc, #656]	@ (20000854 <dcd_rp2040_irq+0x350>)
200005c2:	5ce3      	ldrb	r3, [r4, r3]
200005c4:	2b02      	cmp	r3, #2
200005c6:	d100      	bne.n	200005ca <dcd_rp2040_irq+0xc6>
200005c8:	e1a1      	b.n	2000090e <dcd_rp2040_irq+0x40a>
200005ca:	4ba3      	ldr	r3, [pc, #652]	@ (20000858 <dcd_rp2040_irq+0x354>)
200005cc:	5ce3      	ldrb	r3, [r4, r3]
200005ce:	2b02      	cmp	r3, #2
200005d0:	d100      	bne.n	200005d4 <dcd_rp2040_irq+0xd0>
200005d2:	e17f      	b.n	200008d4 <dcd_rp2040_irq+0x3d0>
200005d4:	2e00      	cmp	r6, #0
200005d6:	d108      	bne.n	200005ea <dcd_rp2040_irq+0xe6>
200005d8:	4ba0      	ldr	r3, [pc, #640]	@ (2000085c <dcd_rp2040_irq+0x358>)
200005da:	781b      	ldrb	r3, [r3, #0]
200005dc:	2b00      	cmp	r3, #0
200005de:	d104      	bne.n	200005ea <dcd_rp2040_irq+0xe6>
200005e0:	2180      	movs	r1, #128	@ 0x80
200005e2:	4a9f      	ldr	r2, [pc, #636]	@ (20000860 <dcd_rp2040_irq+0x35c>)
200005e4:	3390      	adds	r3, #144	@ 0x90
200005e6:	0289      	lsls	r1, r1, #10
200005e8:	50d1      	str	r1, [r2, r3]
200005ea:	22c0      	movs	r2, #192	@ 0xc0
200005ec:	4669      	mov	r1, sp
200005ee:	4b8f      	ldr	r3, [pc, #572]	@ (2000082c <dcd_rp2040_irq+0x328>)
200005f0:	0092      	lsls	r2, r2, #2
200005f2:	6c9b      	ldr	r3, [r3, #72]	@ 0x48
200005f4:	2680      	movs	r6, #128	@ 0x80
200005f6:	055b      	lsls	r3, r3, #21
200005f8:	808a      	strh	r2, [r1, #4]
200005fa:	0d5b      	lsrs	r3, r3, #21
200005fc:	2101      	movs	r1, #1
200005fe:	a801      	add	r0, sp, #4
20000600:	9302      	str	r3, [sp, #8]
20000602:	f000 fb99 	bl	20000d38 <dcd_event_handler>
20000606:	4c97      	ldr	r4, [pc, #604]	@ (20000864 <dcd_rp2040_irq+0x360>)
20000608:	02b6      	lsls	r6, r6, #10
2000060a:	06eb      	lsls	r3, r5, #27
2000060c:	d500      	bpl.n	20000610 <dcd_rp2040_irq+0x10c>
2000060e:	e07f      	b.n	20000710 <dcd_rp2040_irq+0x20c>
20000610:	2380      	movs	r3, #128	@ 0x80
20000612:	025b      	lsls	r3, r3, #9
20000614:	421d      	tst	r5, r3
20000616:	d031      	beq.n	2000067c <dcd_rp2040_irq+0x178>
20000618:	431e      	orrs	r6, r3
2000061a:	2301      	movs	r3, #1
2000061c:	2402      	movs	r4, #2
2000061e:	4698      	mov	r8, r3
20000620:	4f84      	ldr	r7, [pc, #528]	@ (20000834 <dcd_rp2040_irq+0x330>)
20000622:	7ebb      	ldrb	r3, [r7, #26]
20000624:	2b00      	cmp	r3, #0
20000626:	d014      	beq.n	20000652 <dcd_rp2040_irq+0x14e>
20000628:	f000 fcc2 	bl	20000fb0 <__rp2040_chip_version_veneer>
2000062c:	2801      	cmp	r0, #1
2000062e:	d900      	bls.n	20000632 <dcd_rp2040_irq+0x12e>
20000630:	e072      	b.n	20000718 <dcd_rp2040_irq+0x214>
20000632:	22c0      	movs	r2, #192	@ 0xc0
20000634:	2100      	movs	r1, #0
20000636:	0038      	movs	r0, r7
20000638:	0192      	lsls	r2, r2, #6
2000063a:	f000 fb01 	bl	20000c40 <_hw_endpoint_buffer_control_update32>
2000063e:	0038      	movs	r0, r7
20000640:	f000 faf8 	bl	20000c34 <hw_endpoint_reset_transfer>
20000644:	f000 fcb4 	bl	20000fb0 <__rp2040_chip_version_veneer>
20000648:	2801      	cmp	r0, #1
2000064a:	d902      	bls.n	20000652 <dcd_rp2040_irq+0x14e>
2000064c:	4b84      	ldr	r3, [pc, #528]	@ (20000860 <dcd_rp2040_irq+0x35c>)
2000064e:	665c      	str	r4, [r3, #100]	@ 0x64
20000650:	661c      	str	r4, [r3, #96]	@ 0x60
20000652:	4643      	mov	r3, r8
20000654:	70fb      	strb	r3, [r7, #3]
20000656:	3720      	adds	r7, #32
20000658:	2c01      	cmp	r4, #1
2000065a:	d122      	bne.n	200006a2 <dcd_rp2040_irq+0x19e>
2000065c:	23c0      	movs	r3, #192	@ 0xc0
2000065e:	466a      	mov	r2, sp
20000660:	00db      	lsls	r3, r3, #3
20000662:	8093      	strh	r3, [r2, #4]
20000664:	4a80      	ldr	r2, [pc, #512]	@ (20000868 <dcd_rp2040_irq+0x364>)
20000666:	ab02      	add	r3, sp, #8
20000668:	ca03      	ldmia	r2!, {r0, r1}
2000066a:	c303      	stmia	r3!, {r0, r1}
2000066c:	2101      	movs	r1, #1
2000066e:	a801      	add	r0, sp, #4
20000670:	f000 fb62 	bl	20000d38 <dcd_event_handler>
20000674:	2280      	movs	r2, #128	@ 0x80
20000676:	4b7a      	ldr	r3, [pc, #488]	@ (20000860 <dcd_rp2040_irq+0x35c>)
20000678:	0292      	lsls	r2, r2, #10
2000067a:	651a      	str	r2, [r3, #80]	@ 0x50
2000067c:	2380      	movs	r3, #128	@ 0x80
2000067e:	015b      	lsls	r3, r3, #5
20000680:	421d      	tst	r5, r3
20000682:	d110      	bne.n	200006a6 <dcd_rp2040_irq+0x1a2>
20000684:	2380      	movs	r3, #128	@ 0x80
20000686:	01db      	lsls	r3, r3, #7
20000688:	421d      	tst	r5, r3
2000068a:	d123      	bne.n	200006d4 <dcd_rp2040_irq+0x1d0>
2000068c:	2380      	movs	r3, #128	@ 0x80
2000068e:	021b      	lsls	r3, r3, #8
20000690:	421d      	tst	r5, r3
20000692:	d12f      	bne.n	200006f4 <dcd_rp2040_irq+0x1f0>
20000694:	42ae      	cmp	r6, r5
20000696:	d000      	beq.n	2000069a <dcd_rp2040_irq+0x196>
20000698:	e1c0      	b.n	20000a1c <dcd_rp2040_irq+0x518>
2000069a:	b004      	add	sp, #16
2000069c:	bc80      	pop	{r7}
2000069e:	46b8      	mov	r8, r7
200006a0:	bdf0      	pop	{r4, r5, r6, r7, pc}
200006a2:	2401      	movs	r4, #1
200006a4:	e7bd      	b.n	20000622 <dcd_rp2040_irq+0x11e>
200006a6:	2400      	movs	r4, #0
200006a8:	431e      	orrs	r6, r3
200006aa:	4b60      	ldr	r3, [pc, #384]	@ (2000082c <dcd_rp2040_irq+0x328>)
200006ac:	601c      	str	r4, [r3, #0]
200006ae:	f7ff fea5 	bl	200003fc <reset_non_control_endpoints>
200006b2:	2380      	movs	r3, #128	@ 0x80
200006b4:	466a      	mov	r2, sp
200006b6:	005b      	lsls	r3, r3, #1
200006b8:	8093      	strh	r3, [r2, #4]
200006ba:	7214      	strb	r4, [r2, #8]
200006bc:	2101      	movs	r1, #1
200006be:	a801      	add	r0, sp, #4
200006c0:	f000 fb3a 	bl	20000d38 <dcd_event_handler>
200006c4:	2280      	movs	r2, #128	@ 0x80
200006c6:	4b66      	ldr	r3, [pc, #408]	@ (20000860 <dcd_rp2040_irq+0x35c>)
200006c8:	0312      	lsls	r2, r2, #12
200006ca:	651a      	str	r2, [r3, #80]	@ 0x50
200006cc:	2380      	movs	r3, #128	@ 0x80
200006ce:	01db      	lsls	r3, r3, #7
200006d0:	421d      	tst	r5, r3
200006d2:	d0db      	beq.n	2000068c <dcd_rp2040_irq+0x188>
200006d4:	431e      	orrs	r6, r3
200006d6:	2380      	movs	r3, #128	@ 0x80
200006d8:	466a      	mov	r2, sp
200006da:	00db      	lsls	r3, r3, #3
200006dc:	8093      	strh	r3, [r2, #4]
200006de:	2101      	movs	r1, #1
200006e0:	a801      	add	r0, sp, #4
200006e2:	f000 fb29 	bl	20000d38 <dcd_event_handler>
200006e6:	2210      	movs	r2, #16
200006e8:	4b5d      	ldr	r3, [pc, #372]	@ (20000860 <dcd_rp2040_irq+0x35c>)
200006ea:	651a      	str	r2, [r3, #80]	@ 0x50
200006ec:	2380      	movs	r3, #128	@ 0x80
200006ee:	021b      	lsls	r3, r3, #8
200006f0:	421d      	tst	r5, r3
200006f2:	d0cf      	beq.n	20000694 <dcd_rp2040_irq+0x190>
200006f4:	431e      	orrs	r6, r3
200006f6:	23a0      	movs	r3, #160	@ 0xa0
200006f8:	466a      	mov	r2, sp
200006fa:	00db      	lsls	r3, r3, #3
200006fc:	8093      	strh	r3, [r2, #4]
200006fe:	2101      	movs	r1, #1
20000700:	a801      	add	r0, sp, #4
20000702:	f000 fb19 	bl	20000d38 <dcd_event_handler>
20000706:	2280      	movs	r2, #128	@ 0x80
20000708:	4b55      	ldr	r3, [pc, #340]	@ (20000860 <dcd_rp2040_irq+0x35c>)
2000070a:	0112      	lsls	r2, r2, #4
2000070c:	651a      	str	r2, [r3, #80]	@ 0x50
2000070e:	e7c1      	b.n	20000694 <dcd_rp2040_irq+0x190>
20000710:	f7ff fea8 	bl	20000464 <hw_handle_buff_status>
20000714:	0026      	movs	r6, r4
20000716:	e77b      	b.n	20000610 <dcd_rp2040_irq+0x10c>
20000718:	4b54      	ldr	r3, [pc, #336]	@ (2000086c <dcd_rp2040_irq+0x368>)
2000071a:	4a44      	ldr	r2, [pc, #272]	@ (2000082c <dcd_rp2040_irq+0x328>)
2000071c:	661c      	str	r4, [r3, #96]	@ 0x60
2000071e:	6e53      	ldr	r3, [r2, #100]	@ 0x64
20000720:	4023      	ands	r3, r4
20000722:	42a3      	cmp	r3, r4
20000724:	d1fb      	bne.n	2000071e <dcd_rp2040_irq+0x21a>
20000726:	e784      	b.n	20000632 <dcd_rp2040_irq+0x12e>
20000728:	3378      	adds	r3, #120	@ 0x78
2000072a:	5ce7      	ldrb	r7, [r4, r3]
2000072c:	2f00      	cmp	r7, #0
2000072e:	d100      	bne.n	20000732 <dcd_rp2040_irq+0x22e>
20000730:	e706      	b.n	20000540 <dcd_rp2040_irq+0x3c>
20000732:	3302      	adds	r3, #2
20000734:	5ce2      	ldrb	r2, [r4, r3]
20000736:	2a00      	cmp	r2, #0
20000738:	d000      	beq.n	2000073c <dcd_rp2040_irq+0x238>
2000073a:	e10d      	b.n	20000958 <dcd_rp2040_irq+0x454>
2000073c:	003e      	movs	r6, r7
2000073e:	e6ff      	b.n	20000540 <dcd_rp2040_irq+0x3c>
20000740:	33b8      	adds	r3, #184	@ 0xb8
20000742:	5ce7      	ldrb	r7, [r4, r3]
20000744:	2f00      	cmp	r7, #0
20000746:	d100      	bne.n	2000074a <dcd_rp2040_irq+0x246>
20000748:	e6ff      	b.n	2000054a <dcd_rp2040_irq+0x46>
2000074a:	3302      	adds	r3, #2
2000074c:	5ce2      	ldrb	r2, [r4, r3]
2000074e:	2a00      	cmp	r2, #0
20000750:	d000      	beq.n	20000754 <dcd_rp2040_irq+0x250>
20000752:	e0f9      	b.n	20000948 <dcd_rp2040_irq+0x444>
20000754:	003e      	movs	r6, r7
20000756:	e6f8      	b.n	2000054a <dcd_rp2040_irq+0x46>
20000758:	33f8      	adds	r3, #248	@ 0xf8
2000075a:	5ce7      	ldrb	r7, [r4, r3]
2000075c:	2f00      	cmp	r7, #0
2000075e:	d100      	bne.n	20000762 <dcd_rp2040_irq+0x25e>
20000760:	e6f8      	b.n	20000554 <dcd_rp2040_irq+0x50>
20000762:	3302      	adds	r3, #2
20000764:	5ce2      	ldrb	r2, [r4, r3]
20000766:	2a00      	cmp	r2, #0
20000768:	d000      	beq.n	2000076c <dcd_rp2040_irq+0x268>
2000076a:	e141      	b.n	200009f0 <dcd_rp2040_irq+0x4ec>
2000076c:	003e      	movs	r6, r7
2000076e:	e6f1      	b.n	20000554 <dcd_rp2040_irq+0x50>
20000770:	33f9      	adds	r3, #249	@ 0xf9
20000772:	33ff      	adds	r3, #255	@ 0xff
20000774:	5ce7      	ldrb	r7, [r4, r3]
20000776:	2f00      	cmp	r7, #0
20000778:	d100      	bne.n	2000077c <dcd_rp2040_irq+0x278>
2000077a:	e703      	b.n	20000584 <dcd_rp2040_irq+0x80>
2000077c:	3302      	adds	r3, #2
2000077e:	5ce2      	ldrb	r2, [r4, r3]
20000780:	2a00      	cmp	r2, #0
20000782:	d000      	beq.n	20000786 <dcd_rp2040_irq+0x282>
20000784:	e12b      	b.n	200009de <dcd_rp2040_irq+0x4da>
20000786:	003e      	movs	r6, r7
20000788:	e6fc      	b.n	20000584 <dcd_rp2040_irq+0x80>
2000078a:	3379      	adds	r3, #121	@ 0x79
2000078c:	33ff      	adds	r3, #255	@ 0xff
2000078e:	5ce7      	ldrb	r7, [r4, r3]
20000790:	2f00      	cmp	r7, #0
20000792:	d100      	bne.n	20000796 <dcd_rp2040_irq+0x292>
20000794:	e6ea      	b.n	2000056c <dcd_rp2040_irq+0x68>
20000796:	3302      	adds	r3, #2
20000798:	5ce2      	ldrb	r2, [r4, r3]
2000079a:	2a00      	cmp	r2, #0
2000079c:	d000      	beq.n	200007a0 <dcd_rp2040_irq+0x29c>
2000079e:	e115      	b.n	200009cc <dcd_rp2040_irq+0x4c8>
200007a0:	003e      	movs	r6, r7
200007a2:	e6e3      	b.n	2000056c <dcd_rp2040_irq+0x68>
200007a4:	4b32      	ldr	r3, [pc, #200]	@ (20000870 <dcd_rp2040_irq+0x36c>)
200007a6:	5ce7      	ldrb	r7, [r4, r3]
200007a8:	2f00      	cmp	r7, #0
200007aa:	d100      	bne.n	200007ae <dcd_rp2040_irq+0x2aa>
200007ac:	e6f4      	b.n	20000598 <dcd_rp2040_irq+0x94>
200007ae:	3302      	adds	r3, #2
200007b0:	5ce2      	ldrb	r2, [r4, r3]
200007b2:	2a00      	cmp	r2, #0
200007b4:	d000      	beq.n	200007b8 <dcd_rp2040_irq+0x2b4>
200007b6:	e101      	b.n	200009bc <dcd_rp2040_irq+0x4b8>
200007b8:	003e      	movs	r6, r7
200007ba:	e6ed      	b.n	20000598 <dcd_rp2040_irq+0x94>
200007bc:	3339      	adds	r3, #57	@ 0x39
200007be:	33ff      	adds	r3, #255	@ 0xff
200007c0:	5ce7      	ldrb	r7, [r4, r3]
200007c2:	2f00      	cmp	r7, #0
200007c4:	d100      	bne.n	200007c8 <dcd_rp2040_irq+0x2c4>
200007c6:	e6cb      	b.n	20000560 <dcd_rp2040_irq+0x5c>
200007c8:	3302      	adds	r3, #2
200007ca:	5ce2      	ldrb	r2, [r4, r3]
200007cc:	2a00      	cmp	r2, #0
200007ce:	d000      	beq.n	200007d2 <dcd_rp2040_irq+0x2ce>
200007d0:	e0eb      	b.n	200009aa <dcd_rp2040_irq+0x4a6>
200007d2:	003e      	movs	r6, r7
200007d4:	e6c4      	b.n	20000560 <dcd_rp2040_irq+0x5c>
200007d6:	3338      	adds	r3, #56	@ 0x38
200007d8:	5ce6      	ldrb	r6, [r4, r3]
200007da:	2e00      	cmp	r6, #0
200007dc:	d100      	bne.n	200007e0 <dcd_rp2040_irq+0x2dc>
200007de:	e6aa      	b.n	20000536 <dcd_rp2040_irq+0x32>
200007e0:	3302      	adds	r3, #2
200007e2:	5ce2      	ldrb	r2, [r4, r3]
200007e4:	2a00      	cmp	r2, #0
200007e6:	d100      	bne.n	200007ea <dcd_rp2040_irq+0x2e6>
200007e8:	e6a5      	b.n	20000536 <dcd_rp2040_irq+0x32>
200007ea:	0020      	movs	r0, r4
200007ec:	2200      	movs	r2, #0
200007ee:	3020      	adds	r0, #32
200007f0:	54e2      	strb	r2, [r4, r3]
200007f2:	f000 fa4d 	bl	20000c90 <hw_endpoint_start_next_buffer>
200007f6:	e69e      	b.n	20000536 <dcd_rp2040_irq+0x32>
200007f8:	33b9      	adds	r3, #185	@ 0xb9
200007fa:	33ff      	adds	r3, #255	@ 0xff
200007fc:	5ce7      	ldrb	r7, [r4, r3]
200007fe:	2f00      	cmp	r7, #0
20000800:	d100      	bne.n	20000804 <dcd_rp2040_irq+0x300>
20000802:	e6b9      	b.n	20000578 <dcd_rp2040_irq+0x74>
20000804:	3302      	adds	r3, #2
20000806:	5ce2      	ldrb	r2, [r4, r3]
20000808:	2a00      	cmp	r2, #0
2000080a:	d000      	beq.n	2000080e <dcd_rp2040_irq+0x30a>
2000080c:	e0c4      	b.n	20000998 <dcd_rp2040_irq+0x494>
2000080e:	003e      	movs	r6, r7
20000810:	e6b2      	b.n	20000578 <dcd_rp2040_irq+0x74>
20000812:	4b18      	ldr	r3, [pc, #96]	@ (20000874 <dcd_rp2040_irq+0x370>)
20000814:	5ce7      	ldrb	r7, [r4, r3]
20000816:	2f00      	cmp	r7, #0
20000818:	d100      	bne.n	2000081c <dcd_rp2040_irq+0x318>
2000081a:	e6c7      	b.n	200005ac <dcd_rp2040_irq+0xa8>
2000081c:	3302      	adds	r3, #2
2000081e:	5ce2      	ldrb	r2, [r4, r3]
20000820:	2a00      	cmp	r2, #0
20000822:	d000      	beq.n	20000826 <dcd_rp2040_irq+0x322>
20000824:	e0b0      	b.n	20000988 <dcd_rp2040_irq+0x484>
20000826:	003e      	movs	r6, r7
20000828:	e6c0      	b.n	200005ac <dcd_rp2040_irq+0xa8>
2000082a:	46c0      	nop			@ (mov r8, r8)
2000082c:	50110000 	.word	0x50110000
20000830:	40054000 	.word	0x40054000
20000834:	20001918 	.word	0x20001918
20000838:	20001910 	.word	0x20001910
2000083c:	0000023b 	.word	0x0000023b
20000840:	0000027b 	.word	0x0000027b
20000844:	000002bb 	.word	0x000002bb
20000848:	000002fb 	.word	0x000002fb
2000084c:	0000033b 	.word	0x0000033b
20000850:	0000037b 	.word	0x0000037b
20000854:	000003bb 	.word	0x000003bb
20000858:	000003fb 	.word	0x000003fb
2000085c:	20001d6d 	.word	0x20001d6d
20000860:	50113000 	.word	0x50113000
20000864:	00020010 	.word	0x00020010
20000868:	50100000 	.word	0x50100000
2000086c:	50112000 	.word	0x50112000
20000870:	0000027a 	.word	0x0000027a
20000874:	000002fa 	.word	0x000002fa
20000878:	4b6b      	ldr	r3, [pc, #428]	@ (20000a28 <dcd_rp2040_irq+0x524>)
2000087a:	5ce7      	ldrb	r7, [r4, r3]
2000087c:	2f00      	cmp	r7, #0
2000087e:	d100      	bne.n	20000882 <dcd_rp2040_irq+0x37e>
20000880:	e685      	b.n	2000058e <dcd_rp2040_irq+0x8a>
20000882:	3302      	adds	r3, #2
20000884:	5ce2      	ldrb	r2, [r4, r3]
20000886:	2a00      	cmp	r2, #0
20000888:	d176      	bne.n	20000978 <dcd_rp2040_irq+0x474>
2000088a:	003e      	movs	r6, r7
2000088c:	e67f      	b.n	2000058e <dcd_rp2040_irq+0x8a>
2000088e:	4b67      	ldr	r3, [pc, #412]	@ (20000a2c <dcd_rp2040_irq+0x528>)
20000890:	5ce7      	ldrb	r7, [r4, r3]
20000892:	2f00      	cmp	r7, #0
20000894:	d100      	bne.n	20000898 <dcd_rp2040_irq+0x394>
20000896:	e684      	b.n	200005a2 <dcd_rp2040_irq+0x9e>
20000898:	3302      	adds	r3, #2
2000089a:	5ce2      	ldrb	r2, [r4, r3]
2000089c:	2a00      	cmp	r2, #0
2000089e:	d163      	bne.n	20000968 <dcd_rp2040_irq+0x464>
200008a0:	003e      	movs	r6, r7
200008a2:	e67e      	b.n	200005a2 <dcd_rp2040_irq+0x9e>
200008a4:	4b62      	ldr	r3, [pc, #392]	@ (20000a30 <dcd_rp2040_irq+0x52c>)
200008a6:	5ce7      	ldrb	r7, [r4, r3]
200008a8:	2f00      	cmp	r7, #0
200008aa:	d100      	bne.n	200008ae <dcd_rp2040_irq+0x3aa>
200008ac:	e688      	b.n	200005c0 <dcd_rp2040_irq+0xbc>
200008ae:	3302      	adds	r3, #2
200008b0:	5ce2      	ldrb	r2, [r4, r3]
200008b2:	2a00      	cmp	r2, #0
200008b4:	d000      	beq.n	200008b8 <dcd_rp2040_irq+0x3b4>
200008b6:	e0a3      	b.n	20000a00 <dcd_rp2040_irq+0x4fc>
200008b8:	4b5e      	ldr	r3, [pc, #376]	@ (20000a34 <dcd_rp2040_irq+0x530>)
200008ba:	5ce3      	ldrb	r3, [r4, r3]
200008bc:	2b02      	cmp	r3, #2
200008be:	d130      	bne.n	20000922 <dcd_rp2040_irq+0x41e>
200008c0:	4b5d      	ldr	r3, [pc, #372]	@ (20000a38 <dcd_rp2040_irq+0x534>)
200008c2:	5ce3      	ldrb	r3, [r4, r3]
200008c4:	2b00      	cmp	r3, #0
200008c6:	d127      	bne.n	20000918 <dcd_rp2040_irq+0x414>
200008c8:	4b5c      	ldr	r3, [pc, #368]	@ (20000a3c <dcd_rp2040_irq+0x538>)
200008ca:	5ce3      	ldrb	r3, [r4, r3]
200008cc:	2b02      	cmp	r3, #2
200008ce:	d000      	beq.n	200008d2 <dcd_rp2040_irq+0x3ce>
200008d0:	e68b      	b.n	200005ea <dcd_rp2040_irq+0xe6>
200008d2:	003e      	movs	r6, r7
200008d4:	4b5a      	ldr	r3, [pc, #360]	@ (20000a40 <dcd_rp2040_irq+0x53c>)
200008d6:	5ce3      	ldrb	r3, [r4, r3]
200008d8:	2b00      	cmp	r3, #0
200008da:	d100      	bne.n	200008de <dcd_rp2040_irq+0x3da>
200008dc:	e67a      	b.n	200005d4 <dcd_rp2040_irq+0xd0>
200008de:	23ff      	movs	r3, #255	@ 0xff
200008e0:	009b      	lsls	r3, r3, #2
200008e2:	5ce2      	ldrb	r2, [r4, r3]
200008e4:	2a00      	cmp	r2, #0
200008e6:	d100      	bne.n	200008ea <dcd_rp2040_irq+0x3e6>
200008e8:	e67f      	b.n	200005ea <dcd_rp2040_irq+0xe6>
200008ea:	2200      	movs	r2, #0
200008ec:	54e2      	strb	r2, [r4, r3]
200008ee:	3b1c      	subs	r3, #28
200008f0:	18e0      	adds	r0, r4, r3
200008f2:	f000 f9cd 	bl	20000c90 <hw_endpoint_start_next_buffer>
200008f6:	e678      	b.n	200005ea <dcd_rp2040_irq+0xe6>
200008f8:	4b52      	ldr	r3, [pc, #328]	@ (20000a44 <dcd_rp2040_irq+0x540>)
200008fa:	5ce7      	ldrb	r7, [r4, r3]
200008fc:	2f00      	cmp	r7, #0
200008fe:	d100      	bne.n	20000902 <dcd_rp2040_irq+0x3fe>
20000900:	e659      	b.n	200005b6 <dcd_rp2040_irq+0xb2>
20000902:	3302      	adds	r3, #2
20000904:	5ce2      	ldrb	r2, [r4, r3]
20000906:	2a00      	cmp	r2, #0
20000908:	d116      	bne.n	20000938 <dcd_rp2040_irq+0x434>
2000090a:	003e      	movs	r6, r7
2000090c:	e653      	b.n	200005b6 <dcd_rp2040_irq+0xb2>
2000090e:	4b4a      	ldr	r3, [pc, #296]	@ (20000a38 <dcd_rp2040_irq+0x534>)
20000910:	5ce3      	ldrb	r3, [r4, r3]
20000912:	2b00      	cmp	r3, #0
20000914:	d100      	bne.n	20000918 <dcd_rp2040_irq+0x414>
20000916:	e658      	b.n	200005ca <dcd_rp2040_irq+0xc6>
20000918:	23ef      	movs	r3, #239	@ 0xef
2000091a:	009b      	lsls	r3, r3, #2
2000091c:	5ce2      	ldrb	r2, [r4, r3]
2000091e:	2a00      	cmp	r2, #0
20000920:	d175      	bne.n	20000a0e <dcd_rp2040_irq+0x50a>
20000922:	4b46      	ldr	r3, [pc, #280]	@ (20000a3c <dcd_rp2040_irq+0x538>)
20000924:	5ce3      	ldrb	r3, [r4, r3]
20000926:	2b02      	cmp	r3, #2
20000928:	d000      	beq.n	2000092c <dcd_rp2040_irq+0x428>
2000092a:	e65e      	b.n	200005ea <dcd_rp2040_irq+0xe6>
2000092c:	4b44      	ldr	r3, [pc, #272]	@ (20000a40 <dcd_rp2040_irq+0x53c>)
2000092e:	5ce3      	ldrb	r3, [r4, r3]
20000930:	2b00      	cmp	r3, #0
20000932:	d100      	bne.n	20000936 <dcd_rp2040_irq+0x432>
20000934:	e659      	b.n	200005ea <dcd_rp2040_irq+0xe6>
20000936:	e7d2      	b.n	200008de <dcd_rp2040_irq+0x3da>
20000938:	2200      	movs	r2, #0
2000093a:	54e2      	strb	r2, [r4, r3]
2000093c:	3b1c      	subs	r3, #28
2000093e:	18e0      	adds	r0, r4, r3
20000940:	f000 f9a6 	bl	20000c90 <hw_endpoint_start_next_buffer>
20000944:	003e      	movs	r6, r7
20000946:	e636      	b.n	200005b6 <dcd_rp2040_irq+0xb2>
20000948:	0020      	movs	r0, r4
2000094a:	2200      	movs	r2, #0
2000094c:	30a0      	adds	r0, #160	@ 0xa0
2000094e:	54e2      	strb	r2, [r4, r3]
20000950:	003e      	movs	r6, r7
20000952:	f000 f99d 	bl	20000c90 <hw_endpoint_start_next_buffer>
20000956:	e5f8      	b.n	2000054a <dcd_rp2040_irq+0x46>
20000958:	0020      	movs	r0, r4
2000095a:	2200      	movs	r2, #0
2000095c:	3060      	adds	r0, #96	@ 0x60
2000095e:	54e2      	strb	r2, [r4, r3]
20000960:	003e      	movs	r6, r7
20000962:	f000 f995 	bl	20000c90 <hw_endpoint_start_next_buffer>
20000966:	e5eb      	b.n	20000540 <dcd_rp2040_irq+0x3c>
20000968:	2200      	movs	r2, #0
2000096a:	54e2      	strb	r2, [r4, r3]
2000096c:	3b1c      	subs	r3, #28
2000096e:	18e0      	adds	r0, r4, r3
20000970:	f000 f98e 	bl	20000c90 <hw_endpoint_start_next_buffer>
20000974:	003e      	movs	r6, r7
20000976:	e614      	b.n	200005a2 <dcd_rp2040_irq+0x9e>
20000978:	2200      	movs	r2, #0
2000097a:	54e2      	strb	r2, [r4, r3]
2000097c:	3b1c      	subs	r3, #28
2000097e:	18e0      	adds	r0, r4, r3
20000980:	f000 f986 	bl	20000c90 <hw_endpoint_start_next_buffer>
20000984:	003e      	movs	r6, r7
20000986:	e602      	b.n	2000058e <dcd_rp2040_irq+0x8a>
20000988:	2200      	movs	r2, #0
2000098a:	54e2      	strb	r2, [r4, r3]
2000098c:	3b1c      	subs	r3, #28
2000098e:	18e0      	adds	r0, r4, r3
20000990:	f000 f97e 	bl	20000c90 <hw_endpoint_start_next_buffer>
20000994:	003e      	movs	r6, r7
20000996:	e609      	b.n	200005ac <dcd_rp2040_irq+0xa8>
20000998:	0020      	movs	r0, r4
2000099a:	2200      	movs	r2, #0
2000099c:	30a1      	adds	r0, #161	@ 0xa1
2000099e:	30ff      	adds	r0, #255	@ 0xff
200009a0:	54e2      	strb	r2, [r4, r3]
200009a2:	003e      	movs	r6, r7
200009a4:	f000 f974 	bl	20000c90 <hw_endpoint_start_next_buffer>
200009a8:	e5e6      	b.n	20000578 <dcd_rp2040_irq+0x74>
200009aa:	0020      	movs	r0, r4
200009ac:	2200      	movs	r2, #0
200009ae:	3021      	adds	r0, #33	@ 0x21
200009b0:	30ff      	adds	r0, #255	@ 0xff
200009b2:	54e2      	strb	r2, [r4, r3]
200009b4:	003e      	movs	r6, r7
200009b6:	f000 f96b 	bl	20000c90 <hw_endpoint_start_next_buffer>
200009ba:	e5d1      	b.n	20000560 <dcd_rp2040_irq+0x5c>
200009bc:	2200      	movs	r2, #0
200009be:	54e2      	strb	r2, [r4, r3]
200009c0:	3b1c      	subs	r3, #28
200009c2:	18e0      	adds	r0, r4, r3
200009c4:	f000 f964 	bl	20000c90 <hw_endpoint_start_next_buffer>
200009c8:	003e      	movs	r6, r7
200009ca:	e5e5      	b.n	20000598 <dcd_rp2040_irq+0x94>
200009cc:	0020      	movs	r0, r4
200009ce:	2200      	movs	r2, #0
200009d0:	3061      	adds	r0, #97	@ 0x61
200009d2:	30ff      	adds	r0, #255	@ 0xff
200009d4:	54e2      	strb	r2, [r4, r3]
200009d6:	003e      	movs	r6, r7
200009d8:	f000 f95a 	bl	20000c90 <hw_endpoint_start_next_buffer>
200009dc:	e5c6      	b.n	2000056c <dcd_rp2040_irq+0x68>
200009de:	0020      	movs	r0, r4
200009e0:	2200      	movs	r2, #0
200009e2:	30e1      	adds	r0, #225	@ 0xe1
200009e4:	30ff      	adds	r0, #255	@ 0xff
200009e6:	54e2      	strb	r2, [r4, r3]
200009e8:	003e      	movs	r6, r7
200009ea:	f000 f951 	bl	20000c90 <hw_endpoint_start_next_buffer>
200009ee:	e5c9      	b.n	20000584 <dcd_rp2040_irq+0x80>
200009f0:	0020      	movs	r0, r4
200009f2:	2200      	movs	r2, #0
200009f4:	30e0      	adds	r0, #224	@ 0xe0
200009f6:	54e2      	strb	r2, [r4, r3]
200009f8:	003e      	movs	r6, r7
200009fa:	f000 f949 	bl	20000c90 <hw_endpoint_start_next_buffer>
200009fe:	e5a9      	b.n	20000554 <dcd_rp2040_irq+0x50>
20000a00:	2200      	movs	r2, #0
20000a02:	54e2      	strb	r2, [r4, r3]
20000a04:	3b1c      	subs	r3, #28
20000a06:	18e0      	adds	r0, r4, r3
20000a08:	f000 f942 	bl	20000c90 <hw_endpoint_start_next_buffer>
20000a0c:	e754      	b.n	200008b8 <dcd_rp2040_irq+0x3b4>
20000a0e:	2200      	movs	r2, #0
20000a10:	54e2      	strb	r2, [r4, r3]
20000a12:	3b1c      	subs	r3, #28
20000a14:	18e0      	adds	r0, r4, r3
20000a16:	f000 f93b 	bl	20000c90 <hw_endpoint_start_next_buffer>
20000a1a:	e782      	b.n	20000922 <dcd_rp2040_irq+0x41e>
20000a1c:	0031      	movs	r1, r6
20000a1e:	480a      	ldr	r0, [pc, #40]	@ (20000a48 <dcd_rp2040_irq+0x544>)
20000a20:	4069      	eors	r1, r5
20000a22:	f000 fa8d 	bl	20000f40 <__panic_veneer>
20000a26:	46c0      	nop			@ (mov r8, r8)
20000a28:	0000023a 	.word	0x0000023a
20000a2c:	000002ba 	.word	0x000002ba
20000a30:	0000037a 	.word	0x0000037a
20000a34:	000003bb 	.word	0x000003bb
20000a38:	000003ba 	.word	0x000003ba
20000a3c:	000003fb 	.word	0x000003fb
20000a40:	000003fa 	.word	0x000003fa
20000a44:	0000033a 	.word	0x0000033a
20000a48:	10006b68 	.word	0x10006b68

20000a4c <prepare_ep_buffer>:
20000a4c:	b5f0      	push	{r4, r5, r6, r7, lr}
20000a4e:	46c6      	mov	lr, r8
20000a50:	b500      	push	{lr}
20000a52:	0002      	movs	r2, r0
20000a54:	8a83      	ldrh	r3, [r0, #20]
20000a56:	8b00      	ldrh	r0, [r0, #24]
20000a58:	468c      	mov	ip, r1
20000a5a:	1c01      	adds	r1, r0, #0
20000a5c:	4298      	cmp	r0, r3
20000a5e:	d900      	bls.n	20000a62 <prepare_ep_buffer+0x16>
20000a60:	1c19      	adds	r1, r3, #0
20000a62:	78d4      	ldrb	r4, [r2, #3]
20000a64:	2580      	movs	r5, #128	@ 0x80
20000a66:	0020      	movs	r0, r4
20000a68:	1e46      	subs	r6, r0, #1
20000a6a:	41b0      	sbcs	r0, r6
20000a6c:	b289      	uxth	r1, r1
20000a6e:	00ed      	lsls	r5, r5, #3
20000a70:	430d      	orrs	r5, r1
20000a72:	0340      	lsls	r0, r0, #13
20000a74:	4328      	orrs	r0, r5
20000a76:	2501      	movs	r5, #1
20000a78:	406c      	eors	r4, r5
20000a7a:	1a5b      	subs	r3, r3, r1
20000a7c:	70d4      	strb	r4, [r2, #3]
20000a7e:	7854      	ldrb	r4, [r2, #1]
20000a80:	b29b      	uxth	r3, r3
20000a82:	8293      	strh	r3, [r2, #20]
20000a84:	2c00      	cmp	r4, #0
20000a86:	d131      	bne.n	20000aec <prepare_ep_buffer+0xa0>
20000a88:	4664      	mov	r4, ip
20000a8a:	68d5      	ldr	r5, [r2, #12]
20000a8c:	01a4      	lsls	r4, r4, #6
20000a8e:	1e4e      	subs	r6, r1, #1
20000a90:	192d      	adds	r5, r5, r4
20000a92:	46b0      	mov	r8, r6
20000a94:	6914      	ldr	r4, [r2, #16]
20000a96:	2900      	cmp	r1, #0
20000a98:	d023      	beq.n	20000ae2 <prepare_ep_buffer+0x96>
20000a9a:	2e06      	cmp	r6, #6
20000a9c:	d932      	bls.n	20000b04 <prepare_ep_buffer+0xb8>
20000a9e:	002b      	movs	r3, r5
20000aa0:	4323      	orrs	r3, r4
20000aa2:	079b      	lsls	r3, r3, #30
20000aa4:	d12e      	bne.n	20000b04 <prepare_ep_buffer+0xb8>
20000aa6:	1c63      	adds	r3, r4, #1
20000aa8:	1aeb      	subs	r3, r5, r3
20000aaa:	2b02      	cmp	r3, #2
20000aac:	d92a      	bls.n	20000b04 <prepare_ep_buffer+0xb8>
20000aae:	2300      	movs	r3, #0
20000ab0:	088f      	lsrs	r7, r1, #2
20000ab2:	00bf      	lsls	r7, r7, #2
20000ab4:	58e6      	ldr	r6, [r4, r3]
20000ab6:	50ee      	str	r6, [r5, r3]
20000ab8:	3304      	adds	r3, #4
20000aba:	429f      	cmp	r7, r3
20000abc:	d1fa      	bne.n	20000ab4 <prepare_ep_buffer+0x68>
20000abe:	4643      	mov	r3, r8
20000ac0:	19ed      	adds	r5, r5, r7
20000ac2:	1bdb      	subs	r3, r3, r7
20000ac4:	19e4      	adds	r4, r4, r7
20000ac6:	42b9      	cmp	r1, r7
20000ac8:	d009      	beq.n	20000ade <prepare_ep_buffer+0x92>
20000aca:	7826      	ldrb	r6, [r4, #0]
20000acc:	702e      	strb	r6, [r5, #0]
20000ace:	2b00      	cmp	r3, #0
20000ad0:	d005      	beq.n	20000ade <prepare_ep_buffer+0x92>
20000ad2:	7866      	ldrb	r6, [r4, #1]
20000ad4:	706e      	strb	r6, [r5, #1]
20000ad6:	2b01      	cmp	r3, #1
20000ad8:	d001      	beq.n	20000ade <prepare_ep_buffer+0x92>
20000ada:	78a3      	ldrb	r3, [r4, #2]
20000adc:	70ab      	strb	r3, [r5, #2]
20000ade:	6914      	ldr	r4, [r2, #16]
20000ae0:	8a93      	ldrh	r3, [r2, #20]
20000ae2:	1864      	adds	r4, r4, r1
20000ae4:	6114      	str	r4, [r2, #16]
20000ae6:	2280      	movs	r2, #128	@ 0x80
20000ae8:	0212      	lsls	r2, r2, #8
20000aea:	4310      	orrs	r0, r2
20000aec:	2b00      	cmp	r3, #0
20000aee:	d102      	bne.n	20000af6 <prepare_ep_buffer+0xaa>
20000af0:	2380      	movs	r3, #128	@ 0x80
20000af2:	01db      	lsls	r3, r3, #7
20000af4:	4318      	orrs	r0, r3
20000af6:	4663      	mov	r3, ip
20000af8:	2b00      	cmp	r3, #0
20000afa:	d000      	beq.n	20000afe <prepare_ep_buffer+0xb2>
20000afc:	0400      	lsls	r0, r0, #16
20000afe:	bc80      	pop	{r7}
20000b00:	46b8      	mov	r8, r7
20000b02:	bdf0      	pop	{r4, r5, r6, r7, pc}
20000b04:	2300      	movs	r3, #0
20000b06:	5ce6      	ldrb	r6, [r4, r3]
20000b08:	54ee      	strb	r6, [r5, r3]
20000b0a:	3301      	adds	r3, #1
20000b0c:	4299      	cmp	r1, r3
20000b0e:	d1fa      	bne.n	20000b06 <prepare_ep_buffer+0xba>
20000b10:	e7e5      	b.n	20000ade <prepare_ep_buffer+0x92>
20000b12:	46c0      	nop			@ (mov r8, r8)

20000b14 <sync_ep_buffer>:
20000b14:	6883      	ldr	r3, [r0, #8]
20000b16:	b5f0      	push	{r4, r5, r6, r7, lr}
20000b18:	681a      	ldr	r2, [r3, #0]
20000b1a:	0004      	movs	r4, r0
20000b1c:	2900      	cmp	r1, #0
20000b1e:	d000      	beq.n	20000b22 <sync_ep_buffer+0xe>
20000b20:	0c12      	lsrs	r2, r2, #16
20000b22:	7863      	ldrb	r3, [r4, #1]
20000b24:	0592      	lsls	r2, r2, #22
20000b26:	0d90      	lsrs	r0, r2, #22
20000b28:	2b00      	cmp	r3, #0
20000b2a:	d108      	bne.n	20000b3e <sync_ep_buffer+0x2a>
20000b2c:	8ae3      	ldrh	r3, [r4, #22]
20000b2e:	18c3      	adds	r3, r0, r3
20000b30:	82e3      	strh	r3, [r4, #22]
20000b32:	8b23      	ldrh	r3, [r4, #24]
20000b34:	4283      	cmp	r3, r0
20000b36:	d901      	bls.n	20000b3c <sync_ep_buffer+0x28>
20000b38:	2300      	movs	r3, #0
20000b3a:	82a3      	strh	r3, [r4, #20]
20000b3c:	bdf0      	pop	{r4, r5, r6, r7, pc}
20000b3e:	68e3      	ldr	r3, [r4, #12]
20000b40:	0189      	lsls	r1, r1, #6
20000b42:	6925      	ldr	r5, [r4, #16]
20000b44:	185e      	adds	r6, r3, r1
20000b46:	1e47      	subs	r7, r0, #1
20000b48:	2800      	cmp	r0, #0
20000b4a:	d022      	beq.n	20000b92 <sync_ep_buffer+0x7e>
20000b4c:	2f06      	cmp	r7, #6
20000b4e:	d926      	bls.n	20000b9e <sync_ep_buffer+0x8a>
20000b50:	3101      	adds	r1, #1
20000b52:	185b      	adds	r3, r3, r1
20000b54:	1aeb      	subs	r3, r5, r3
20000b56:	2b02      	cmp	r3, #2
20000b58:	d921      	bls.n	20000b9e <sync_ep_buffer+0x8a>
20000b5a:	002b      	movs	r3, r5
20000b5c:	4333      	orrs	r3, r6
20000b5e:	079b      	lsls	r3, r3, #30
20000b60:	d11d      	bne.n	20000b9e <sync_ep_buffer+0x8a>
20000b62:	2300      	movs	r3, #0
20000b64:	0e12      	lsrs	r2, r2, #24
20000b66:	0092      	lsls	r2, r2, #2
20000b68:	58f1      	ldr	r1, [r6, r3]
20000b6a:	50e9      	str	r1, [r5, r3]
20000b6c:	3304      	adds	r3, #4
20000b6e:	429a      	cmp	r2, r3
20000b70:	d1fa      	bne.n	20000b68 <sync_ep_buffer+0x54>
20000b72:	1abf      	subs	r7, r7, r2
20000b74:	18ad      	adds	r5, r5, r2
20000b76:	18b6      	adds	r6, r6, r2
20000b78:	4290      	cmp	r0, r2
20000b7a:	d009      	beq.n	20000b90 <sync_ep_buffer+0x7c>
20000b7c:	7832      	ldrb	r2, [r6, #0]
20000b7e:	702a      	strb	r2, [r5, #0]
20000b80:	2f00      	cmp	r7, #0
20000b82:	d005      	beq.n	20000b90 <sync_ep_buffer+0x7c>
20000b84:	7872      	ldrb	r2, [r6, #1]
20000b86:	706a      	strb	r2, [r5, #1]
20000b88:	2f01      	cmp	r7, #1
20000b8a:	d001      	beq.n	20000b90 <sync_ep_buffer+0x7c>
20000b8c:	78b2      	ldrb	r2, [r6, #2]
20000b8e:	70aa      	strb	r2, [r5, #2]
20000b90:	6925      	ldr	r5, [r4, #16]
20000b92:	8ae3      	ldrh	r3, [r4, #22]
20000b94:	182d      	adds	r5, r5, r0
20000b96:	18c3      	adds	r3, r0, r3
20000b98:	82e3      	strh	r3, [r4, #22]
20000b9a:	6125      	str	r5, [r4, #16]
20000b9c:	e7c9      	b.n	20000b32 <sync_ep_buffer+0x1e>
20000b9e:	2200      	movs	r2, #0
20000ba0:	5cb3      	ldrb	r3, [r6, r2]
20000ba2:	54ab      	strb	r3, [r5, r2]
20000ba4:	3201      	adds	r2, #1
20000ba6:	4290      	cmp	r0, r2
20000ba8:	d1fa      	bne.n	20000ba0 <sync_ep_buffer+0x8c>
20000baa:	6925      	ldr	r5, [r4, #16]
20000bac:	e7f1      	b.n	20000b92 <sync_ep_buffer+0x7e>
20000bae:	46c0      	nop			@ (mov r8, r8)

20000bb0 <_hw_endpoint_xfer_sync>:
20000bb0:	b510      	push	{r4, lr}
20000bb2:	0004      	movs	r4, r0
20000bb4:	6883      	ldr	r3, [r0, #8]
20000bb6:	2100      	movs	r1, #0
20000bb8:	681b      	ldr	r3, [r3, #0]
20000bba:	f7ff ffab 	bl	20000b14 <sync_ep_buffer>
20000bbe:	6863      	ldr	r3, [r4, #4]
20000bc0:	681b      	ldr	r3, [r3, #0]
20000bc2:	005b      	lsls	r3, r3, #1
20000bc4:	d502      	bpl.n	20000bcc <_hw_endpoint_xfer_sync+0x1c>
20000bc6:	8b23      	ldrh	r3, [r4, #24]
20000bc8:	4283      	cmp	r3, r0
20000bca:	d000      	beq.n	20000bce <_hw_endpoint_xfer_sync+0x1e>
20000bcc:	bd10      	pop	{r4, pc}
20000bce:	2101      	movs	r1, #1
20000bd0:	0020      	movs	r0, r4
20000bd2:	f7ff ff9f 	bl	20000b14 <sync_ep_buffer>
20000bd6:	e7f9      	b.n	20000bcc <_hw_endpoint_xfer_sync+0x1c>

20000bd8 <e15_is_bulkin_ep>:
20000bd8:	4a08      	ldr	r2, [pc, #32]	@ (20000bfc <e15_is_bulkin_ep+0x24>)
20000bda:	0003      	movs	r3, r0
20000bdc:	6c12      	ldr	r2, [r2, #64]	@ 0x40
20000bde:	2000      	movs	r0, #0
20000be0:	0792      	lsls	r2, r2, #30
20000be2:	d403      	bmi.n	20000bec <e15_is_bulkin_ep+0x14>
20000be4:	789a      	ldrb	r2, [r3, #2]
20000be6:	09d2      	lsrs	r2, r2, #7
20000be8:	2a01      	cmp	r2, #1
20000bea:	d000      	beq.n	20000bee <e15_is_bulkin_ep+0x16>
20000bec:	4770      	bx	lr
20000bee:	7ed8      	ldrb	r0, [r3, #27]
20000bf0:	3802      	subs	r0, #2
20000bf2:	4243      	negs	r3, r0
20000bf4:	4158      	adcs	r0, r3
20000bf6:	b2c0      	uxtb	r0, r0
20000bf8:	e7f8      	b.n	20000bec <e15_is_bulkin_ep+0x14>
20000bfa:	46c0      	nop			@ (mov r8, r8)
20000bfc:	50110000 	.word	0x50110000

20000c00 <e15_is_critical_frame_period>:
20000c00:	b510      	push	{r4, lr}
20000c02:	f7ff ffe9 	bl	20000bd8 <e15_is_bulkin_ep>
20000c06:	2800      	cmp	r0, #0
20000c08:	d00c      	beq.n	20000c24 <e15_is_critical_frame_period+0x24>
20000c0a:	4907      	ldr	r1, [pc, #28]	@ (20000c28 <e15_is_critical_frame_period+0x28>)
20000c0c:	4b07      	ldr	r3, [pc, #28]	@ (20000c2c <e15_is_critical_frame_period+0x2c>)
20000c0e:	468c      	mov	ip, r1
20000c10:	4a07      	ldr	r2, [pc, #28]	@ (20000c30 <e15_is_critical_frame_period+0x30>)
20000c12:	6a9b      	ldr	r3, [r3, #40]	@ 0x28
20000c14:	6812      	ldr	r2, [r2, #0]
20000c16:	4463      	add	r3, ip
20000c18:	1a9b      	subs	r3, r3, r2
20000c1a:	2000      	movs	r0, #0
20000c1c:	22c6      	movs	r2, #198	@ 0xc6
20000c1e:	429a      	cmp	r2, r3
20000c20:	4140      	adcs	r0, r0
20000c22:	b2c0      	uxtb	r0, r0
20000c24:	bd10      	pop	{r4, pc}
20000c26:	46c0      	nop			@ (mov r8, r8)
20000c28:	fffffce0 	.word	0xfffffce0
20000c2c:	40054000 	.word	0x40054000
20000c30:	20001910 	.word	0x20001910

20000c34 <hw_endpoint_reset_transfer>:
20000c34:	2300      	movs	r3, #0
20000c36:	7683      	strb	r3, [r0, #26]
20000c38:	6143      	str	r3, [r0, #20]
20000c3a:	6103      	str	r3, [r0, #16]
20000c3c:	4770      	bx	lr
20000c3e:	46c0      	nop			@ (mov r8, r8)

20000c40 <_hw_endpoint_buffer_control_update32>:
20000c40:	b510      	push	{r4, lr}
20000c42:	6883      	ldr	r3, [r0, #8]
20000c44:	2900      	cmp	r1, #0
20000c46:	d001      	beq.n	20000c4c <_hw_endpoint_buffer_control_update32+0xc>
20000c48:	681c      	ldr	r4, [r3, #0]
20000c4a:	4021      	ands	r1, r4
20000c4c:	2a00      	cmp	r2, #0
20000c4e:	d012      	beq.n	20000c76 <_hw_endpoint_buffer_control_update32+0x36>
20000c50:	2480      	movs	r4, #128	@ 0x80
20000c52:	00e4      	lsls	r4, r4, #3
20000c54:	4311      	orrs	r1, r2
20000c56:	4222      	tst	r2, r4
20000c58:	d00d      	beq.n	20000c76 <_hw_endpoint_buffer_control_update32+0x36>
20000c5a:	681a      	ldr	r2, [r3, #0]
20000c5c:	4222      	tst	r2, r4
20000c5e:	d10c      	bne.n	20000c7a <_hw_endpoint_buffer_control_update32+0x3a>
20000c60:	4a08      	ldr	r2, [pc, #32]	@ (20000c84 <_hw_endpoint_buffer_control_update32+0x44>)
20000c62:	400a      	ands	r2, r1
20000c64:	601a      	str	r2, [r3, #0]
20000c66:	4a08      	ldr	r2, [pc, #32]	@ (20000c88 <_hw_endpoint_buffer_control_update32+0x48>)
20000c68:	6c12      	ldr	r2, [r2, #64]	@ 0x40
20000c6a:	0792      	lsls	r2, r2, #30
20000c6c:	d403      	bmi.n	20000c76 <_hw_endpoint_buffer_control_update32+0x36>
20000c6e:	230c      	movs	r3, #12
20000c70:	3b03      	subs	r3, #3
20000c72:	d2fd      	bcs.n	20000c70 <_hw_endpoint_buffer_control_update32+0x30>
20000c74:	6883      	ldr	r3, [r0, #8]
20000c76:	6019      	str	r1, [r3, #0]
20000c78:	bd10      	pop	{r4, pc}
20000c7a:	7881      	ldrb	r1, [r0, #2]
20000c7c:	4803      	ldr	r0, [pc, #12]	@ (20000c8c <_hw_endpoint_buffer_control_update32+0x4c>)
20000c7e:	f000 f95f 	bl	20000f40 <__panic_veneer>
20000c82:	46c0      	nop			@ (mov r8, r8)
20000c84:	fffffbff 	.word	0xfffffbff
20000c88:	50110000 	.word	0x50110000
20000c8c:	10006b7c 	.word	0x10006b7c

20000c90 <hw_endpoint_start_next_buffer>:
20000c90:	6843      	ldr	r3, [r0, #4]
20000c92:	b570      	push	{r4, r5, r6, lr}
20000c94:	2100      	movs	r1, #0
20000c96:	2580      	movs	r5, #128	@ 0x80
20000c98:	0004      	movs	r4, r0
20000c9a:	681e      	ldr	r6, [r3, #0]
20000c9c:	f7ff fed6 	bl	20000a4c <prepare_ep_buffer>
20000ca0:	4b12      	ldr	r3, [pc, #72]	@ (20000cec <hw_endpoint_start_next_buffer+0x5c>)
20000ca2:	016d      	lsls	r5, r5, #5
20000ca4:	6c1a      	ldr	r2, [r3, #64]	@ 0x40
20000ca6:	4305      	orrs	r5, r0
20000ca8:	78a3      	ldrb	r3, [r4, #2]
20000caa:	0792      	lsls	r2, r2, #30
20000cac:	d50e      	bpl.n	20000ccc <hw_endpoint_start_next_buffer+0x3c>
20000cae:	065b      	lsls	r3, r3, #25
20000cb0:	d00e      	beq.n	20000cd0 <hw_endpoint_start_next_buffer+0x40>
20000cb2:	4b0f      	ldr	r3, [pc, #60]	@ (20000cf0 <hw_endpoint_start_next_buffer+0x60>)
20000cb4:	401e      	ands	r6, r3
20000cb6:	2380      	movs	r3, #128	@ 0x80
20000cb8:	059b      	lsls	r3, r3, #22
20000cba:	4333      	orrs	r3, r6
20000cbc:	6862      	ldr	r2, [r4, #4]
20000cbe:	2100      	movs	r1, #0
20000cc0:	6013      	str	r3, [r2, #0]
20000cc2:	0020      	movs	r0, r4
20000cc4:	002a      	movs	r2, r5
20000cc6:	f7ff ffbb 	bl	20000c40 <_hw_endpoint_buffer_control_update32>
20000cca:	bd70      	pop	{r4, r5, r6, pc}
20000ccc:	09db      	lsrs	r3, r3, #7
20000cce:	d0f0      	beq.n	20000cb2 <hw_endpoint_start_next_buffer+0x22>
20000cd0:	8aa3      	ldrh	r3, [r4, #20]
20000cd2:	2b00      	cmp	r3, #0
20000cd4:	d0ed      	beq.n	20000cb2 <hw_endpoint_start_next_buffer+0x22>
20000cd6:	2101      	movs	r1, #1
20000cd8:	0020      	movs	r0, r4
20000cda:	f7ff feb7 	bl	20000a4c <prepare_ep_buffer>
20000cde:	23a0      	movs	r3, #160	@ 0xa0
20000ce0:	4a04      	ldr	r2, [pc, #16]	@ (20000cf4 <hw_endpoint_start_next_buffer+0x64>)
20000ce2:	05db      	lsls	r3, r3, #23
20000ce4:	4032      	ands	r2, r6
20000ce6:	4305      	orrs	r5, r0
20000ce8:	4313      	orrs	r3, r2
20000cea:	e7e7      	b.n	20000cbc <hw_endpoint_start_next_buffer+0x2c>
20000cec:	50110000 	.word	0x50110000
20000cf0:	afffffff 	.word	0xafffffff
20000cf4:	dfffffff 	.word	0xdfffffff

20000cf8 <hw_endpoint_xfer_continue>:
20000cf8:	b570      	push	{r4, r5, r6, lr}
20000cfa:	7e85      	ldrb	r5, [r0, #26]
20000cfc:	0004      	movs	r4, r0
20000cfe:	2d00      	cmp	r5, #0
20000d00:	d014      	beq.n	20000d2c <hw_endpoint_xfer_continue+0x34>
20000d02:	f7ff ff55 	bl	20000bb0 <_hw_endpoint_xfer_sync>
20000d06:	8aa3      	ldrh	r3, [r4, #20]
20000d08:	2b00      	cmp	r3, #0
20000d0a:	d101      	bne.n	20000d10 <hw_endpoint_xfer_continue+0x18>
20000d0c:	0028      	movs	r0, r5
20000d0e:	bd70      	pop	{r4, r5, r6, pc}
20000d10:	0020      	movs	r0, r4
20000d12:	f7ff ff75 	bl	20000c00 <e15_is_critical_frame_period>
20000d16:	2800      	cmp	r0, #0
20000d18:	d003      	beq.n	20000d22 <hw_endpoint_xfer_continue+0x2a>
20000d1a:	2301      	movs	r3, #1
20000d1c:	2500      	movs	r5, #0
20000d1e:	7723      	strb	r3, [r4, #28]
20000d20:	e7f4      	b.n	20000d0c <hw_endpoint_xfer_continue+0x14>
20000d22:	0020      	movs	r0, r4
20000d24:	f7ff ffb4 	bl	20000c90 <hw_endpoint_start_next_buffer>
20000d28:	2500      	movs	r5, #0
20000d2a:	e7ef      	b.n	20000d0c <hw_endpoint_xfer_continue+0x14>
20000d2c:	7881      	ldrb	r1, [r0, #2]
20000d2e:	4801      	ldr	r0, [pc, #4]	@ (20000d34 <hw_endpoint_xfer_continue+0x3c>)
20000d30:	f000 f906 	bl	20000f40 <__panic_veneer>
20000d34:	10006b9c 	.word	0x10006b9c

20000d38 <dcd_event_handler>:
20000d38:	b5f0      	push	{r4, r5, r6, r7, lr}
20000d3a:	46ce      	mov	lr, r9
20000d3c:	4647      	mov	r7, r8
20000d3e:	b580      	push	{r7, lr}
20000d40:	7843      	ldrb	r3, [r0, #1]
20000d42:	0005      	movs	r5, r0
20000d44:	000e      	movs	r6, r1
20000d46:	b085      	sub	sp, #20
20000d48:	2b06      	cmp	r3, #6
20000d4a:	d808      	bhi.n	20000d5e <dcd_event_handler+0x26>
20000d4c:	4a6b      	ldr	r2, [pc, #428]	@ (20000efc <dcd_event_handler+0x1c4>)
20000d4e:	009b      	lsls	r3, r3, #2
20000d50:	58d3      	ldr	r3, [r2, r3]
20000d52:	469f      	mov	pc, r3
20000d54:	4a6a      	ldr	r2, [pc, #424]	@ (20000f00 <dcd_event_handler+0x1c8>)
20000d56:	7813      	ldrb	r3, [r2, #0]
20000d58:	3301      	adds	r3, #1
20000d5a:	b2db      	uxtb	r3, r3
20000d5c:	7013      	strb	r3, [r2, #0]
20000d5e:	4b69      	ldr	r3, [pc, #420]	@ (20000f04 <dcd_event_handler+0x1cc>)
20000d60:	681c      	ldr	r4, [r3, #0]
20000d62:	6962      	ldr	r2, [r4, #20]
20000d64:	f3ef 8110 	mrs	r1, PRIMASK
20000d68:	b672      	cpsid	i
20000d6a:	6813      	ldr	r3, [r2, #0]
20000d6c:	2b00      	cmp	r3, #0
20000d6e:	d0fc      	beq.n	20000d6a <dcd_event_handler+0x32>
20000d70:	f3bf 8f5f 	dmb	sy
20000d74:	61a1      	str	r1, [r4, #24]
20000d76:	0020      	movs	r0, r4
20000d78:	0029      	movs	r1, r5
20000d7a:	f000 f8f1 	bl	20000f60 <__tu_fifo_write_veneer>
20000d7e:	6962      	ldr	r2, [r4, #20]
20000d80:	69a3      	ldr	r3, [r4, #24]
20000d82:	f3bf 8f5f 	dmb	sy
20000d86:	2100      	movs	r1, #0
20000d88:	6011      	str	r1, [r2, #0]
20000d8a:	f383 8810 	msr	PRIMASK, r3
20000d8e:	2800      	cmp	r0, #0
20000d90:	d104      	bne.n	20000d9c <dcd_event_handler+0x64>
20000d92:	b005      	add	sp, #20
20000d94:	bcc0      	pop	{r6, r7}
20000d96:	46b9      	mov	r9, r7
20000d98:	46b0      	mov	r8, r6
20000d9a:	bdf0      	pop	{r4, r5, r6, r7, pc}
20000d9c:	0032      	movs	r2, r6
20000d9e:	7869      	ldrb	r1, [r5, #1]
20000da0:	7828      	ldrb	r0, [r5, #0]
20000da2:	f000 f8f5 	bl	20000f90 <__tud_event_hook_cb_veneer>
20000da6:	e7f4      	b.n	20000d92 <dcd_event_handler+0x5a>
20000da8:	2101      	movs	r1, #1
20000daa:	4b57      	ldr	r3, [pc, #348]	@ (20000f08 <dcd_event_handler+0x1d0>)
20000dac:	781a      	ldrb	r2, [r3, #0]
20000dae:	438a      	bics	r2, r1
20000db0:	701a      	strb	r2, [r3, #0]
20000db2:	781a      	ldrb	r2, [r3, #0]
20000db4:	3101      	adds	r1, #1
20000db6:	438a      	bics	r2, r1
20000db8:	701a      	strb	r2, [r3, #0]
20000dba:	2200      	movs	r2, #0
20000dbc:	705a      	strb	r2, [r3, #1]
20000dbe:	781a      	ldrb	r2, [r3, #0]
20000dc0:	3102      	adds	r1, #2
20000dc2:	438a      	bics	r2, r1
20000dc4:	701a      	strb	r2, [r3, #0]
20000dc6:	e7ca      	b.n	20000d5e <dcd_event_handler+0x26>
20000dc8:	4b50      	ldr	r3, [pc, #320]	@ (20000f0c <dcd_event_handler+0x1d4>)
20000dca:	4f51      	ldr	r7, [pc, #324]	@ (20000f10 <dcd_event_handler+0x1d8>)
20000dcc:	4699      	mov	r9, r3
20000dce:	4b51      	ldr	r3, [pc, #324]	@ (20000f14 <dcd_event_handler+0x1dc>)
20000dd0:	2400      	movs	r4, #0
20000dd2:	4698      	mov	r8, r3
20000dd4:	783a      	ldrb	r2, [r7, #0]
20000dd6:	e010      	b.n	20000dfa <dcd_event_handler+0xc2>
20000dd8:	4643      	mov	r3, r8
20000dda:	681b      	ldr	r3, [r3, #0]
20000ddc:	0161      	lsls	r1, r4, #5
20000dde:	185b      	adds	r3, r3, r1
20000de0:	2b00      	cmp	r3, #0
20000de2:	d006      	beq.n	20000df2 <dcd_event_handler+0xba>
20000de4:	69db      	ldr	r3, [r3, #28]
20000de6:	2b00      	cmp	r3, #0
20000de8:	d003      	beq.n	20000df2 <dcd_event_handler+0xba>
20000dea:	6869      	ldr	r1, [r5, #4]
20000dec:	7828      	ldrb	r0, [r5, #0]
20000dee:	4798      	blx	r3
20000df0:	783a      	ldrb	r2, [r7, #0]
20000df2:	3401      	adds	r4, #1
20000df4:	b2e4      	uxtb	r4, r4
20000df6:	4294      	cmp	r4, r2
20000df8:	d817      	bhi.n	20000e2a <dcd_event_handler+0xf2>
20000dfa:	42a2      	cmp	r2, r4
20000dfc:	d8ec      	bhi.n	20000dd8 <dcd_event_handler+0xa0>
20000dfe:	1aa3      	subs	r3, r4, r2
20000e00:	015b      	lsls	r3, r3, #5
20000e02:	444b      	add	r3, r9
20000e04:	e7ee      	b.n	20000de4 <dcd_event_handler+0xac>
20000e06:	4b40      	ldr	r3, [pc, #256]	@ (20000f08 <dcd_event_handler+0x1d0>)
20000e08:	781a      	ldrb	r2, [r3, #0]
20000e0a:	07d2      	lsls	r2, r2, #31
20000e0c:	d5c1      	bpl.n	20000d92 <dcd_event_handler+0x5a>
20000e0e:	2104      	movs	r1, #4
20000e10:	781a      	ldrb	r2, [r3, #0]
20000e12:	430a      	orrs	r2, r1
20000e14:	701a      	strb	r2, [r3, #0]
20000e16:	e7a2      	b.n	20000d5e <dcd_event_handler+0x26>
20000e18:	4b3b      	ldr	r3, [pc, #236]	@ (20000f08 <dcd_event_handler+0x1d0>)
20000e1a:	781a      	ldrb	r2, [r3, #0]
20000e1c:	07d2      	lsls	r2, r2, #31
20000e1e:	d5b8      	bpl.n	20000d92 <dcd_event_handler+0x5a>
20000e20:	2104      	movs	r1, #4
20000e22:	781a      	ldrb	r2, [r3, #0]
20000e24:	438a      	bics	r2, r1
20000e26:	701a      	strb	r2, [r3, #0]
20000e28:	e799      	b.n	20000d5e <dcd_event_handler+0x26>
20000e2a:	4f37      	ldr	r7, [pc, #220]	@ (20000f08 <dcd_event_handler+0x1d0>)
20000e2c:	783b      	ldrb	r3, [r7, #0]
20000e2e:	075b      	lsls	r3, r3, #29
20000e30:	d52b      	bpl.n	20000e8a <dcd_event_handler+0x152>
20000e32:	2204      	movs	r2, #4
20000e34:	783b      	ldrb	r3, [r7, #0]
20000e36:	2100      	movs	r1, #0
20000e38:	4393      	bics	r3, r2
20000e3a:	703b      	strb	r3, [r7, #0]
20000e3c:	466b      	mov	r3, sp
20000e3e:	3206      	adds	r2, #6
20000e40:	1d98      	adds	r0, r3, #6
20000e42:	f000 f8ad 	bl	20000fa0 <____wrap_memset_veneer>
20000e46:	782b      	ldrb	r3, [r5, #0]
20000e48:	ac01      	add	r4, sp, #4
20000e4a:	7023      	strb	r3, [r4, #0]
20000e4c:	2305      	movs	r3, #5
20000e4e:	7063      	strb	r3, [r4, #1]
20000e50:	4b2c      	ldr	r3, [pc, #176]	@ (20000f04 <dcd_event_handler+0x1cc>)
20000e52:	681b      	ldr	r3, [r3, #0]
20000e54:	4698      	mov	r8, r3
20000e56:	695a      	ldr	r2, [r3, #20]
20000e58:	f3ef 8110 	mrs	r1, PRIMASK
20000e5c:	b672      	cpsid	i
20000e5e:	6813      	ldr	r3, [r2, #0]
20000e60:	2b00      	cmp	r3, #0
20000e62:	d0fc      	beq.n	20000e5e <dcd_event_handler+0x126>
20000e64:	f3bf 8f5f 	dmb	sy
20000e68:	4643      	mov	r3, r8
20000e6a:	4640      	mov	r0, r8
20000e6c:	6199      	str	r1, [r3, #24]
20000e6e:	0021      	movs	r1, r4
20000e70:	f000 f876 	bl	20000f60 <__tu_fifo_write_veneer>
20000e74:	4643      	mov	r3, r8
20000e76:	695a      	ldr	r2, [r3, #20]
20000e78:	699b      	ldr	r3, [r3, #24]
20000e7a:	f3bf 8f5f 	dmb	sy
20000e7e:	2100      	movs	r1, #0
20000e80:	6011      	str	r1, [r2, #0]
20000e82:	f383 8810 	msr	PRIMASK, r3
20000e86:	2800      	cmp	r0, #0
20000e88:	d131      	bne.n	20000eee <dcd_event_handler+0x1b6>
20000e8a:	78fb      	ldrb	r3, [r7, #3]
20000e8c:	07db      	lsls	r3, r3, #31
20000e8e:	d400      	bmi.n	20000e92 <dcd_event_handler+0x15a>
20000e90:	e77f      	b.n	20000d92 <dcd_event_handler+0x5a>
20000e92:	466b      	mov	r3, sp
20000e94:	220a      	movs	r2, #10
20000e96:	2100      	movs	r1, #0
20000e98:	1d98      	adds	r0, r3, #6
20000e9a:	f000 f881 	bl	20000fa0 <____wrap_memset_veneer>
20000e9e:	782b      	ldrb	r3, [r5, #0]
20000ea0:	ac01      	add	r4, sp, #4
20000ea2:	7023      	strb	r3, [r4, #0]
20000ea4:	2303      	movs	r3, #3
20000ea6:	7063      	strb	r3, [r4, #1]
20000ea8:	686b      	ldr	r3, [r5, #4]
20000eaa:	6063      	str	r3, [r4, #4]
20000eac:	4b15      	ldr	r3, [pc, #84]	@ (20000f04 <dcd_event_handler+0x1cc>)
20000eae:	681d      	ldr	r5, [r3, #0]
20000eb0:	696a      	ldr	r2, [r5, #20]
20000eb2:	f3ef 8110 	mrs	r1, PRIMASK
20000eb6:	b672      	cpsid	i
20000eb8:	6813      	ldr	r3, [r2, #0]
20000eba:	2b00      	cmp	r3, #0
20000ebc:	d0fc      	beq.n	20000eb8 <dcd_event_handler+0x180>
20000ebe:	f3bf 8f5f 	dmb	sy
20000ec2:	61a9      	str	r1, [r5, #24]
20000ec4:	0028      	movs	r0, r5
20000ec6:	0021      	movs	r1, r4
20000ec8:	f000 f84a 	bl	20000f60 <__tu_fifo_write_veneer>
20000ecc:	696a      	ldr	r2, [r5, #20]
20000ece:	69ab      	ldr	r3, [r5, #24]
20000ed0:	f3bf 8f5f 	dmb	sy
20000ed4:	2100      	movs	r1, #0
20000ed6:	6011      	str	r1, [r2, #0]
20000ed8:	f383 8810 	msr	PRIMASK, r3
20000edc:	2800      	cmp	r0, #0
20000ede:	d100      	bne.n	20000ee2 <dcd_event_handler+0x1aa>
20000ee0:	e757      	b.n	20000d92 <dcd_event_handler+0x5a>
20000ee2:	0032      	movs	r2, r6
20000ee4:	7861      	ldrb	r1, [r4, #1]
20000ee6:	7820      	ldrb	r0, [r4, #0]
20000ee8:	f000 f852 	bl	20000f90 <__tud_event_hook_cb_veneer>
20000eec:	e751      	b.n	20000d92 <dcd_event_handler+0x5a>
20000eee:	0032      	movs	r2, r6
20000ef0:	7861      	ldrb	r1, [r4, #1]
20000ef2:	7820      	ldrb	r0, [r4, #0]
20000ef4:	f000 f84c 	bl	20000f90 <__tud_event_hook_cb_veneer>
20000ef8:	e7c7      	b.n	20000e8a <dcd_event_handler+0x152>
20000efa:	46c0      	nop			@ (mov r8, r8)
20000efc:	1000704c 	.word	0x1000704c
20000f00:	20001d6e 	.word	0x20001d6e
20000f04:	20001700 	.word	0x20001700
20000f08:	200016a8 	.word	0x200016a8
20000f0c:	10007068 	.word	0x10007068
20000f10:	20001d6c 	.word	0x20001d6c
20000f14:	200015c8 	.word	0x200015c8

20000f18 <__aeabi_idiv0>:
20000f18:	4770      	bx	lr
20000f1a:	46c0      	nop			@ (mov r8, r8)

20000f1c <__paritysi2>:
20000f1c:	220f      	movs	r2, #15
20000f1e:	0c03      	lsrs	r3, r0, #16
20000f20:	4043      	eors	r3, r0
20000f22:	0a18      	lsrs	r0, r3, #8
20000f24:	4058      	eors	r0, r3
20000f26:	0903      	lsrs	r3, r0, #4
20000f28:	4043      	eors	r3, r0
20000f2a:	4803      	ldr	r0, [pc, #12]	@ (20000f38 <__paritysi2+0x1c>)
20000f2c:	4013      	ands	r3, r2
20000f2e:	4118      	asrs	r0, r3
20000f30:	2301      	movs	r3, #1
20000f32:	4018      	ands	r0, r3
20000f34:	4770      	bx	lr
20000f36:	46c0      	nop			@ (mov r8, r8)
20000f38:	00006996 	.word	0x00006996
20000f3c:	00000000 	.word	0x00000000

20000f40 <__panic_veneer>:
20000f40:	b401      	push	{r0}
20000f42:	4802      	ldr	r0, [pc, #8]	@ (20000f4c <__panic_veneer+0xc>)
20000f44:	4684      	mov	ip, r0
20000f46:	bc01      	pop	{r0}
20000f48:	4760      	bx	ip
20000f4a:	bf00      	nop
20000f4c:	100005c9 	.word	0x100005c9

20000f50 <____wrap___aeabi_lmul_veneer>:
20000f50:	b401      	push	{r0}
20000f52:	4802      	ldr	r0, [pc, #8]	@ (20000f5c <____wrap___aeabi_lmul_veneer+0xc>)
20000f54:	4684      	mov	ip, r0
20000f56:	bc01      	pop	{r0}
20000f58:	4760      	bx	ip
20000f5a:	bf00      	nop
20000f5c:	1000270d 	.word	0x1000270d

20000f60 <__tu_fifo_write_veneer>:
20000f60:	b401      	push	{r0}
20000f62:	4802      	ldr	r0, [pc, #8]	@ (20000f6c <__tu_fifo_write_veneer+0xc>)
20000f64:	4684      	mov	ip, r0
20000f66:	bc01      	pop	{r0}
20000f68:	4760      	bx	ip
20000f6a:	bf00      	nop
20000f6c:	10005c71 	.word	0x10005c71

20000f70 <__best_effort_wfe_or_timeout_veneer>:
20000f70:	b401      	push	{r0}
20000f72:	4802      	ldr	r0, [pc, #8]	@ (20000f7c <__best_effort_wfe_or_timeout_veneer+0xc>)
20000f74:	4684      	mov	ip, r0
20000f76:	bc01      	pop	{r0}
20000f78:	4760      	bx	ip
20000f7a:	bf00      	nop
20000f7c:	10001229 	.word	0x10001229

20000f80 <__time_us_64_veneer>:
20000f80:	b401      	push	{r0}
20000f82:	4802      	ldr	r0, [pc, #8]	@ (20000f8c <__time_us_64_veneer+0xc>)
20000f84:	4684      	mov	ip, r0
20000f86:	bc01      	pop	{r0}
20000f88:	4760      	bx	ip
20000f8a:	bf00      	nop
20000f8c:	10001359 	.word	0x10001359

20000f90 <__tud_event_hook_cb_veneer>:
20000f90:	b401      	push	{r0}
20000f92:	4802      	ldr	r0, [pc, #8]	@ (20000f9c <__tud_event_hook_cb_veneer+0xc>)
20000f94:	4684      	mov	ip, r0
20000f96:	bc01      	pop	{r0}
20000f98:	4760      	bx	ip
20000f9a:	bf00      	nop
20000f9c:	10004b39 	.word	0x10004b39

20000fa0 <____wrap_memset_veneer>:
20000fa0:	b401      	push	{r0}
20000fa2:	4802      	ldr	r0, [pc, #8]	@ (20000fac <____wrap_memset_veneer+0xc>)
20000fa4:	4684      	mov	ip, r0
20000fa6:	bc01      	pop	{r0}
20000fa8:	4760      	bx	ip
20000faa:	bf00      	nop
20000fac:	10002885 	.word	0x10002885

20000fb0 <__rp2040_chip_version_veneer>:
20000fb0:	b401      	push	{r0}
20000fb2:	4802      	ldr	r0, [pc, #8]	@ (20000fbc <__rp2040_chip_version_veneer+0xc>)
20000fb4:	4684      	mov	ip, r0
20000fb6:	bc01      	pop	{r0}
20000fb8:	4760      	bx	ip
20000fba:	bf00      	nop
20000fbc:	100005bd 	.word	0x100005bd

20000fc0 <string_desc_arr>:
20000fc0:	10006cdc 10006a5c 10006a6c 00000000     .l..\j..lj......

20000fd0 <striped_spin_lock_num>:
20000fd0:	00000010                                ....

20000fd4 <irq_handler_chain_slots>:
20000fd4:	00000000 	.word	0x00000000
20000fd8:	00010000 	.word	0x00010000
	...
20000fe4:	00020000 	.word	0x00020000
	...
20000ff0:	00030000 	.word	0x00030000
	...
20000ffc:	00ff0000 	.word	0x00ff0000
20001000:	00000000 	.word	0x00000000

20001004 <irq_handler_chain_first_slot>:
20001004:	b501      	push	{r0, lr}
20001006:	6848      	ldr	r0, [r1, #4]
20001008:	3101      	adds	r1, #1
2000100a:	468e      	mov	lr, r1
2000100c:	4700      	bx	r0

2000100e <irq_handler_chain_remove_tail>:
2000100e:	4670      	mov	r0, lr
20001010:	3809      	subs	r0, #9
20001012:	4901      	ldr	r1, [pc, #4]	@ (20001018 <irq_handler_chain_remove_tail+0xa>)
20001014:	4788      	blx	r1
20001016:	bd01      	pop	{r0, pc}
20001018:	10000bad 	.word	0x10000bad

2000101c <default_alarm_pool>:
	...
20001030:	200010a8 00000000 00000000 00000000     ... ............

20001040 <aeabi_bits_funcs>:
20001040:	00003350 	.word	0x00003350
20001044:	0000334c 	.word	0x0000334c
20001048:	00003354 	.word	0x00003354
2000104c:	00003352 	.word	0x00003352

20001050 <aeabi_bits_funcs_end>:
20001050:	0000534d 	.word	0x0000534d
20001054:	0000434d 	.word	0x0000434d
20001058:	00003453 	.word	0x00003453
2000105c:	00003443 	.word	0x00003443

20001060 <stdio_uart>:
20001060:	100045d9 100046dd 10004625 100046f1     .E...F..%F...F..
20001070:	00000000 00000100                       ........

20001078 <_usbd_qdef>:
20001078:	20001704 000c0010 00000000 00000000     ... ............
	...

20001094 <_usbd_rhport>:
20001094:	000000ff                                ....

20001098 <__atexit_recursive_mutex>:
20001098:	200015c4                                ... 

2000109c <print_mutex>:
	...
